⚠ [8594/9191] Replayed JanusFormal.Branches.FundamentalGeometryPVariationalPrinciple.Gates.P0EFTJanusGlobalDiagonalLorentzRoot4D
warning: JanusFormal/Branches/FundamentalGeometryPVariationalPrinciple/Gates/P0EFTJanusGlobalDiagonalLorentzRoot4D.lean:171:6: try 'simp' instead of 'simpa'

Note: This linter can be disabled with `set_option linter.unnecessarySimpa false`
warning: JanusFormal/Branches/FundamentalGeometryPVariationalPrinciple/Gates/P0EFTJanusGlobalDiagonalLorentzRoot4D.lean:378:6: try 'simp' instead of 'simpa'

Note: This linter can be disabled with `set_option linter.unnecessarySimpa false`
warning: JanusFormal/Branches/FundamentalGeometryPVariationalPrinciple/Gates/P0EFTJanusGlobalDiagonalLorentzRoot4D.lean:381:63: This simp argument is unused:
  relativeRatio

Hint: Omit it from the simp argument list.
  simp [diagonalRelativeMetric, diagonalContinuousLinearMap, r̵e̵l̵a̵t̵i̵v̵e̵R̵a̵t̵i̵o̵,̵lorentzMetricInverse, lorentzMetric,
  ̲  ̲ ̲ ̲hij]

Note: This linter can be disabled with `set_option linter.unusedSimpArgs false`
⚠ [8605/9191] Replayed JanusFormal.Branches.FundamentalGeometryPVariationalPrinciple.Gates.P0EFTJanusMappingTorusSmoothFieldLinearSpace4D
warning: JanusFormal/Branches/FundamentalGeometryPVariationalPrinciple/Gates/P0EFTJanusMappingTorusSmoothFieldLinearSpace4D.lean:142:11: Variable name `first` is not explicitly referenced.

The binding can be removed (if unused) or named `_` (if used implicitly).

Note: This linter can be disabled with `set_option linter.unusedVariables false`
warning: JanusFormal/Branches/FundamentalGeometryPVariationalPrinciple/Gates/P0EFTJanusMappingTorusSmoothFieldLinearSpace4D.lean:142:17: Variable name `second` is not explicitly referenced.

The binding can be removed (if unused) or named `_` (if used implicitly).

Note: This linter can be disabled with `set_option linter.unusedVariables false`
warning: JanusFormal/Branches/FundamentalGeometryPVariationalPrinciple/Gates/P0EFTJanusMappingTorusSmoothFieldLinearSpace4D.lean:143:12: Variable name `scalar` is not explicitly referenced.

The binding can be removed (if unused) or named `_` (if used implicitly).

Note: This linter can be disabled with `set_option linter.unusedVariables false`
warning: JanusFormal/Branches/FundamentalGeometryPVariationalPrinciple/Gates/P0EFTJanusMappingTorusSmoothFieldLinearSpace4D.lean:143:19: Variable name `field` is not explicitly referenced.

The binding can be removed (if unused) or named `_` (if used implicitly).

Note: This linter can be disabled with `set_option linter.unusedVariables false`
warning: JanusFormal/Branches/FundamentalGeometryPVariationalPrinciple/Gates/P0EFTJanusMappingTorusSmoothFieldLinearSpace4D.lean:150:11: Variable name `first` is not explicitly referenced.

The binding can be removed (if unused) or named `_` (if used implicitly).

Note: This linter can be disabled with `set_option linter.unusedVariables false`
warning: JanusFormal/Branches/FundamentalGeometryPVariationalPrinciple/Gates/P0EFTJanusMappingTorusSmoothFieldLinearSpace4D.lean:150:17: Variable name `second` is not explicitly referenced.

The binding can be removed (if unused) or named `_` (if used implicitly).

Note: This linter can be disabled with `set_option linter.unusedVariables false`
warning: JanusFormal/Branches/FundamentalGeometryPVariationalPrinciple/Gates/P0EFTJanusMappingTorusSmoothFieldLinearSpace4D.lean:151:12: Variable name `scalar` is not explicitly referenced.

The binding can be removed (if unused) or named `_` (if used implicitly).

Note: This linter can be disabled with `set_option linter.unusedVariables false`
warning: JanusFormal/Branches/FundamentalGeometryPVariationalPrinciple/Gates/P0EFTJanusMappingTorusSmoothFieldLinearSpace4D.lean:151:19: Variable name `field` is not explicitly referenced.

The binding can be removed (if unused) or named `_` (if used implicitly).

Note: This linter can be disabled with `set_option linter.unusedVariables false`
warning: JanusFormal/Branches/FundamentalGeometryPVariationalPrinciple/Gates/P0EFTJanusMappingTorusSmoothFieldLinearSpace4D.lean:158:11: Variable name `first` is not explicitly referenced.

The binding can be removed (if unused) or named `_` (if used implicitly).

Note: This linter can be disabled with `set_option linter.unusedVariables false`
warning: JanusFormal/Branches/FundamentalGeometryPVariationalPrinciple/Gates/P0EFTJanusMappingTorusSmoothFieldLinearSpace4D.lean:158:17: Variable name `second` is not explicitly referenced.

The binding can be removed (if unused) or named `_` (if used implicitly).

Note: This linter can be disabled with `set_option linter.unusedVariables false`
warning: JanusFormal/Branches/FundamentalGeometryPVariationalPrinciple/Gates/P0EFTJanusMappingTorusSmoothFieldLinearSpace4D.lean:159:12: Variable name `scalar` is not explicitly referenced.

The binding can be removed (if unused) or named `_` (if used implicitly).

Note: This linter can be disabled with `set_option linter.unusedVariables false`
warning: JanusFormal/Branches/FundamentalGeometryPVariationalPrinciple/Gates/P0EFTJanusMappingTorusSmoothFieldLinearSpace4D.lean:159:19: Variable name `field` is not explicitly referenced.

The binding can be removed (if unused) or named `_` (if used implicitly).

Note: This linter can be disabled with `set_option linter.unusedVariables false`
⚠ [8623/9191] Replayed JanusFormal.Branches.FundamentalGeometryPVariationalPrinciple.Gates.P0EFTJanusMappingTorusIntrinsicCoverLorentzTensor4D
warning: JanusFormal/Branches/FundamentalGeometryPVariationalPrinciple/Gates/P0EFTJanusMappingTorusIntrinsicCoverLorentzTensor4D.lean:302:33: Used `tac1 <;> tac2` where `(tac1; tac2)` would suffice

Note: This linter can be disabled with `set_option linter.unnecessarySeqFocus false`
warning: JanusFormal/Branches/FundamentalGeometryPVariationalPrinciple/Gates/P0EFTJanusMappingTorusIntrinsicCoverLorentzTensor4D.lean:502:8: This simp argument is unused:
  Trivialization.symmL_apply

Hint: Omit it from the simp argument list.
  simp [Trivialization.linearMapAt_apply, T̵r̵i̵v̵i̵a̵l̵i̵z̵a̵t̵i̵o̵n̵.̵s̵y̵m̵m̵L̵_̵a̵p̵p̵l̵y̵,̵TangentBundle.trivializationAt_baseSet,
          Bundle.Trivial.trivialization_baseSet, hom_trivializationAt_baseSet, hx',
  ̲  ̲ ̲ ̲ ̲ ̲ ̲ ̲hom_trivializationAt_apply, ContinuousLinearMap.inCoordinates]

Note: This linter can be disabled with `set_option linter.unusedSimpArgs false`
warning: JanusFormal/Branches/FundamentalGeometryPVariationalPrinciple/Gates/P0EFTJanusMappingTorusIntrinsicCoverLorentzTensor4D.lean:506:8: This simp argument is unused:
  hom_trivializationAt_apply

Hint: Omit it from the simp argument list.
  simp [Trivialization.linearMapAt_apply, Trivialization.symmL_apply,
          TangentBundle.trivializationAt_baseSet, Bundle.Trivial.trivialization_baseSet,
          hom_trivializationAt_baseSet, hx', h̵o̵m̵_̵t̵r̵i̵v̵i̵a̵l̵i̵z̵a̵t̵i̵o̵n̵A̵t̵_̵a̵p̵p̵l̵y̵,̵ContinuousLinearMap.inCoordinates]

Note: This linter can be disabled with `set_option linter.unusedSimpArgs false`
warning: JanusFormal/Branches/FundamentalGeometryPVariationalPrinciple/Gates/P0EFTJanusMappingTorusIntrinsicCoverLorentzTensor4D.lean:507:8: This simp argument is unused:
  ContinuousLinearMap.inCoordinates

Hint: Omit it from the simp argument list.
  simp [Trivialization.linearMapAt_apply, Trivialization.symmL_apply,
          TangentBundle.trivializationAt_baseSet, Bundle.Trivial.trivialization_baseSet,
          hom_trivializationAt_baseSet, hx', h̵o̵m̵_̵t̵r̵i̵v̵i̵a̵l̵i̵z̵a̵t̵i̵o̵n̵A̵t̵_̵a̵p̵p̵l̵y̵,̵
  ̵ ̵ ̵ ̵ ̵ ̵ ̵ ̵ ̵C̵o̵n̵t̵i̵n̵u̵o̵u̵s̵L̵i̵n̵e̵a̵r̵M̵a̵p̵.̵i̵n̵C̵o̵o̵r̵d̵i̵n̵a̵t̵e̵s̵]̵h̲o̲m̲_̲t̲r̲i̲v̲i̲a̲l̲i̲z̲a̲t̲i̲o̲n̲A̲t̲_̲a̲p̲p̲l̲y̲]̲

Note: This linter can be disabled with `set_option linter.unusedSimpArgs false`
warning: JanusFormal/Branches/FundamentalGeometryPVariationalPrinciple/Gates/P0EFTJanusMappingTorusIntrinsicCoverLorentzTensor4D.lean:474:30: Used `tac1 <;> tac2` where `(tac1; tac2)` would suffice

Note: This linter can be disabled with `set_option linter.unnecessarySeqFocus false`
warning: JanusFormal/Branches/FundamentalGeometryPVariationalPrinciple/Gates/P0EFTJanusMappingTorusIntrinsicCoverLorentzTensor4D.lean:584:4: try 'simp' instead of 'simpa'

Note: This linter can be disabled with `set_option linter.unnecessarySimpa false`
warning: JanusFormal/Branches/FundamentalGeometryPVariationalPrinciple/Gates/P0EFTJanusMappingTorusIntrinsicCoverLorentzTensor4D.lean:588:6: This simp argument is unused:
  ambientNormedAddCommGroup

Hint: Omit it from the simp argument list.
  simp [coverAmbientMap, ambientDeckMap, ambientTimeTranslation, a̵m̵b̵i̵e̵n̵t̵N̵o̵r̵m̵e̵d̵A̵d̵d̵C̵o̵m̵m̵G̵r̵o̵u̵p̵,̵ ̵sphereData, reflectedSphereData]

Note: This linter can be disabled with `set_option linter.unusedSimpArgs false`
⚠ [8627/9191] Replayed JanusFormal.Branches.FundamentalGeometryPVariationalPrinciple.Gates.P0EFTJanusMappingTorusGeneralScalarFunctionalAction4D
warning: JanusFormal/Branches/FundamentalGeometryPVariationalPrinciple/Gates/P0EFTJanusMappingTorusGeneralScalarFunctionalAction4D.lean:122:50: This simp argument is unused:
  h'

Hint: Omit it from the simp argument list.
  simp [coefficientBasis, Pi.basisFun_apply, h,̵ ̵h̵'̵]

Note: This linter can be disabled with `set_option linter.unusedSimpArgs false`
⚠ [8631/9191] Replayed JanusFormal.Branches.FundamentalGeometryPVariationalPrinciple.Gates.P0EFTJanusMappingTorusL2PTFunctionalSpace4D
warning: JanusFormal/Branches/FundamentalGeometryPVariationalPrinciple/Gates/P0EFTJanusMappingTorusL2PTFunctionalSpace4D.lean:80:4: Overlapping instance parameters in `quotientL2InnerProductSpace`:

⚠️ `[NormedSpace ℝ
   Fiber]` and `[InnerProductSpace ℝ Fiber]` can be used to infer conflicting versions of `[SMul ℝ Fiber]`.
💡️ Of these, `[NormedSpace ℝ Fiber]` may be removed.

When a data-carrying type class has multiple potential instances coming from different instance parameters, then these potential instances are incompatible. This is an example of an "instance diamond", which leads to unexpected unification failures.

Delete or combine some of your instance parameters to avoid this.

Note: This linter can be disabled with `set_option linter.overlappingInstances false`
warning: JanusFormal/Branches/FundamentalGeometryPVariationalPrinciple/Gates/P0EFTJanusMappingTorusL2PTFunctionalSpace4D.lean:86:0: automatically included section variable(s) unused in theorem `JanusFormal.P0EFTJanusMappingTorusL2PTFunctionalSpace4D.quotientL2_nonempty`:
  [NormedSpace ℝ Fiber]
  [IsFiniteMeasure mu]
consider restructuring your `variable` declarations so that the variables are not in scope or explicitly omit them:
  omit [NormedSpace ℝ Fiber] [IsFiniteMeasure mu] in theorem ...

Note: This linter can be disabled with `set_option linter.unusedSectionVars false`
warning: JanusFormal/Branches/FundamentalGeometryPVariationalPrinciple/Gates/P0EFTJanusMappingTorusL2PTFunctionalSpace4D.lean:129:0: automatically included section variable(s) unused in theorem `JanusFormal.P0EFTJanusMappingTorusL2PTFunctionalSpace4D.ptL2Pullback_norm`:
  [IsFiniteMeasure mu]
consider restructuring your `variable` declarations so that the variables are not in scope or explicitly omit them:
  omit [IsFiniteMeasure mu] in theorem ...

Note: This linter can be disabled with `set_option linter.unusedSectionVars false`
warning: JanusFormal/Branches/FundamentalGeometryPVariationalPrinciple/Gates/P0EFTJanusMappingTorusL2PTFunctionalSpace4D.lean:134:0: automatically included section variable(s) unused in theorem `JanusFormal.P0EFTJanusMappingTorusL2PTFunctionalSpace4D.ptL2Pullback_involutive`:
  [IsFiniteMeasure mu]
consider restructuring your `variable` declarations so that the variables are not in scope or explicitly omit them:
  omit [IsFiniteMeasure mu] in theorem ...

Note: This linter can be disabled with `set_option linter.unusedSectionVars false`
⚠ [8636/9191] Replayed JanusFormal.Branches.FundamentalGeometryPVariationalPrinciple.Gates.P0EFTJanusMappingTorusCanonicalPhysicalH1TraceBound4D
warning: JanusFormal/Branches/FundamentalGeometryPVariationalPrinciple/Gates/P0EFTJanusMappingTorusCanonicalPhysicalH1TraceBound4D.lean:1595:4: try 'simp' instead of 'simpa'

Note: This linter can be disabled with `set_option linter.unnecessarySimpa false`
warning: JanusFormal/Branches/FundamentalGeometryPVariationalPrinciple/Gates/P0EFTJanusMappingTorusCanonicalPhysicalH1TraceBound4D.lean:1599:4: try 'simp' instead of 'simpa'

Note: This linter can be disabled with `set_option linter.unnecessarySimpa false`
⚠ [8642/9191] Replayed JanusFormal.Branches.FundamentalGeometryPVariationalPrinciple.Gates.P0EFTJanusMappingTorusLinearizedDiffeomorphismBRST4D
warning: JanusFormal/Branches/FundamentalGeometryPVariationalPrinciple/Gates/P0EFTJanusMappingTorusLinearizedDiffeomorphismBRST4D.lean:90:2: try 'simp' instead of 'simpa'

Note: This linter can be disabled with `set_option linter.unnecessarySimpa false`
⚠ [8644/9191] Replayed JanusFormal.Branches.FundamentalGeometryPVariationalPrinciple.Gates.P0EFTJanusGradedGhostCoefficientWitness4D
warning: JanusFormal/Branches/FundamentalGeometryPVariationalPrinciple/Gates/P0EFTJanusGradedGhostCoefficientWitness4D.lean:70:4: try 'simp' instead of 'simpa'

Note: This linter can be disabled with `set_option linter.unnecessarySimpa false`
⚠ [8650/9191] Replayed JanusFormal.Branches.FundamentalGeometryPVariationalPrinciple.Gates.P0EFTJanusMappingTorusExteriorScalarBRSTDerivation4D
warning: JanusFormal/Branches/FundamentalGeometryPVariationalPrinciple/Gates/P0EFTJanusMappingTorusExteriorScalarBRSTDerivation4D.lean:229:6: This simp argument is unused:
  zero_smul

Hint: Omit it from the simp argument list.
  simp only [TrivSqZeroExt.snd_add, TrivSqZeroExt.snd_mul,
  ̵  ̵ ̵ ̵ ̵ ̵TrivSqZeroExt.fst_mul,
  ̲  ̲ ̲ ̲oneGhostScalarBRSTLinear_fst,
  ̵  ̵ ̵ ̵ ̵ ̵oneGhostScalarBRSTLinear_snd, oneGhostScalarParity_fst,
  ̵  ̵ ̵ ̵ ̵ ̵zero_s̵m̵u̵l̵,̵ ̵z̵e̵r̵o̵_̵add,
  ̲  ̲ ̲ ̲smul_zero, add_zero, op_smul_eq_mul,
  ̵  ̵ ̵ ̵ ̵ ̵smul_eq_mul]

Note: This linter can be disabled with `set_option linter.unusedSimpArgs false`
warning: JanusFormal/Branches/FundamentalGeometryPVariationalPrinciple/Gates/P0EFTJanusMappingTorusExteriorScalarBRSTDerivation4D.lean:229:17: This simp argument is unused:
  zero_add

Hint: Omit it from the simp argument list.
  simp only [TrivSqZeroExt.snd_add, TrivSqZeroExt.snd_mul, TrivSqZeroExt.fst_mul,
  ̲  ̲ ̲ ̲oneGhostScalarBRSTLinear_fst, oneGhostScalarBRSTLinear_snd, oneGhostScalarParity_fst, zero_smul,
  ̲  ̲ ̲ ̲z̵e̵r̵o̵_̵a̵d̵d̵,̵ ̵smul_zero, add_zero, op_smul_eq_mul, smul_eq_mul]

Note: This linter can be disabled with `set_option linter.unusedSimpArgs false`
warning: JanusFormal/Branches/FundamentalGeometryPVariationalPrinciple/Gates/P0EFTJanusMappingTorusExteriorScalarBRSTDerivation4D.lean:229:27: This simp argument is unused:
  smul_zero

Hint: Omit it from the simp argument list.
  simp only [TrivSqZeroExt.snd_add, TrivSqZeroExt.snd_mul,
  ̵  ̵ ̵ ̵ ̵ ̵TrivSqZeroExt.fst_mul,
  ̲  ̲ ̲ ̲oneGhostScalarBRSTLinear_fst,
  ̵  ̵ ̵ ̵ ̵ ̵oneGhostScalarBRSTLinear_snd, oneGhostScalarParity_fst,
  ̵  ̵ ̵ ̵ ̵ ̵zero_smul,
  ̲  ̲ ̲ ̲zero_add, s̵m̵u̵l̵_̵z̵e̵r̵o̵,̵ ̵add_zero, op_smul_eq_mul,
  ̵  ̵ ̵ ̵ ̵ ̵smul_eq_mul]

Note: This linter can be disabled with `set_option linter.unusedSimpArgs false`
warning: JanusFormal/Branches/FundamentalGeometryPVariationalPrinciple/Gates/P0EFTJanusMappingTorusExteriorScalarBRSTDerivation4D.lean:229:38: This simp argument is unused:
  add_zero

Hint: Omit it from the simp argument list.
  simp only [TrivSqZeroExt.snd_add, TrivSqZeroExt.snd_mul, TrivSqZeroExt.fst_mul,
  ̲  ̲ ̲ ̲oneGhostScalarBRSTLinear_fst, oneGhostScalarBRSTLinear_snd, oneGhostScalarParity_fst, zero_smul,
  ̲  ̲ ̲ ̲zero_add, smul_zero, a̵d̵d̵_̵z̵e̵r̵o̵,̵ ̵op_smul_eq_mul, smul_eq_mul]

Note: This linter can be disabled with `set_option linter.unusedSimpArgs false`
ℹ [8651/9191] Replayed JanusFormal.Branches.FundamentalGeometryPVariationalPrinciple.Gates.P0EFTJanusMappingTorusThreeGeneratorScalarBRST4D
info: JanusFormal/Branches/FundamentalGeometryPVariationalPrinciple/Gates/P0EFTJanusMappingTorusThreeGeneratorScalarBRST4D.lean:267:2: Try this:
  [apply] abel_nf
⚠ [8653/9191] Replayed JanusFormal.Branches.FundamentalGeometryPVariationalPrinciple.Gates.P0EFTJanusMappingTorusD8NonabelianGhostTriple4D
warning: JanusFormal/Branches/FundamentalGeometryPVariationalPrinciple/Gates/P0EFTJanusMappingTorusD8NonabelianGhostTriple4D.lean:294:29: Used `tac1 <;> tac2` where `(tac1; tac2)` would suffice

Note: This linter can be disabled with `set_option linter.unnecessarySeqFocus false`
warning: JanusFormal/Branches/FundamentalGeometryPVariationalPrinciple/Gates/P0EFTJanusMappingTorusD8NonabelianGhostTriple4D.lean:304:29: Used `tac1 <;> tac2` where `(tac1; tac2)` would suffice

Note: This linter can be disabled with `set_option linter.unnecessarySeqFocus false`
warning: JanusFormal/Branches/FundamentalGeometryPVariationalPrinciple/Gates/P0EFTJanusMappingTorusD8NonabelianGhostTriple4D.lean:314:29: Used `tac1 <;> tac2` where `(tac1; tac2)` would suffice

Note: This linter can be disabled with `set_option linter.unnecessarySeqFocus false`
warning: JanusFormal/Branches/FundamentalGeometryPVariationalPrinciple/Gates/P0EFTJanusMappingTorusD8NonabelianGhostTriple4D.lean:529:4: try 'simp' instead of 'simpa'

Note: This linter can be disabled with `set_option linter.unnecessarySimpa false`
warning: JanusFormal/Branches/FundamentalGeometryPVariationalPrinciple/Gates/P0EFTJanusMappingTorusD8NonabelianGhostTriple4D.lean:579:2: try 'simp' instead of 'simpa'

Note: This linter can be disabled with `set_option linter.unnecessarySimpa false`
⚠ [8654/9191] Replayed JanusFormal.Branches.FundamentalGeometryPVariationalPrinciple.Gates.P0EFTJanusMappingTorusD8NonabelianGhostBracketNaturality4D
warning: JanusFormal/Branches/FundamentalGeometryPVariationalPrinciple/Gates/P0EFTJanusMappingTorusD8NonabelianGhostBracketNaturality4D.lean:192:11: `EuclideanSpace.single_eq_zero_iff` has been deprecated: Use `PiLp.single_eq_zero_iff` instead

Note: The updated constant has a different type:
  ∀ {ι : Type u_2} {β : ι → Type u_4} [inst : DecidableEq ι] [inst_1 : (i : ι) → AddCommGroup (β i)] (p : ENNReal)
    (i : ι) {a : β i}, PiLp.single p i a = 0 ↔ a = 0
instead of
  ∀ {ι : Type u_1} {𝕜 : Type u_3} [inst : RCLike 𝕜] [inst_1 : DecidableEq ι] {i : ι} {a : 𝕜},
    EuclideanSpace.single i a = 0 ↔ a = 0

Note: The updated constant is in a different namespace. Dot notation may need to be changed (e.g., from `x.single_eq_zero_iff` to `PiLp.single_eq_zero_iff x`).
warning: JanusFormal/Branches/FundamentalGeometryPVariationalPrinciple/Gates/P0EFTJanusMappingTorusD8NonabelianGhostBracketNaturality4D.lean:435:42: This simp argument is unused:
  Pi.smul_apply

Hint: Omit it from the simp argument list.
  simp only [VectorField.mpullback_apply,̵ ̵P̵i̵.̵s̵m̵u̵l̵_̵a̵p̵p̵l̵y̵]

Note: This linter can be disabled with `set_option linter.unusedSimpArgs false`
warning: JanusFormal/Branches/FundamentalGeometryPVariationalPrinciple/Gates/P0EFTJanusMappingTorusD8NonabelianGhostBracketNaturality4D.lean:525:44: This simp argument is unused:
  Pi.smul_apply

Hint: Omit it from the simp argument list.
  simp only [VectorField.mpullback_apply,̵ ̵P̵i̵.̵s̵m̵u̵l̵_̵a̵p̵p̵l̵y̵]

Note: This linter can be disabled with `set_option linter.unusedSimpArgs false`
⚠ [8662/9191] Replayed JanusFormal.Branches.FundamentalGeometryPVariationalPrinciple.Gates.P0EFTJanusMappingTorusD8NonabelianGhostThroatBRST4D
warning: JanusFormal/Branches/FundamentalGeometryPVariationalPrinciple/Gates/P0EFTJanusMappingTorusD8NonabelianGhostThroatBRST4D.lean:103:29: Used `tac1 <;> tac2` where `(tac1; tac2)` would suffice

Note: This linter can be disabled with `set_option linter.unnecessarySeqFocus false`
warning: JanusFormal/Branches/FundamentalGeometryPVariationalPrinciple/Gates/P0EFTJanusMappingTorusD8NonabelianGhostThroatBRST4D.lean:113:29: Used `tac1 <;> tac2` where `(tac1; tac2)` would suffice

Note: This linter can be disabled with `set_option linter.unnecessarySeqFocus false`
warning: JanusFormal/Branches/FundamentalGeometryPVariationalPrinciple/Gates/P0EFTJanusMappingTorusD8NonabelianGhostThroatBRST4D.lean:123:29: Used `tac1 <;> tac2` where `(tac1; tac2)` would suffice

Note: This linter can be disabled with `set_option linter.unnecessarySeqFocus false`
warning: JanusFormal/Branches/FundamentalGeometryPVariationalPrinciple/Gates/P0EFTJanusMappingTorusD8NonabelianGhostThroatBRST4D.lean:342:4: try 'simp' instead of 'simpa'

Note: This linter can be disabled with `set_option linter.unnecessarySimpa false`
warning: JanusFormal/Branches/FundamentalGeometryPVariationalPrinciple/Gates/P0EFTJanusMappingTorusD8NonabelianGhostThroatBRST4D.lean:1044:11: `EuclideanSpace.single_eq_zero_iff` has been deprecated: Use `PiLp.single_eq_zero_iff` instead

Note: The updated constant has a different type:
  ∀ {ι : Type u_2} {β : ι → Type u_4} [inst : DecidableEq ι] [inst_1 : (i : ι) → AddCommGroup (β i)] (p : ENNReal)
    (i : ι) {a : β i}, PiLp.single p i a = 0 ↔ a = 0
instead of
  ∀ {ι : Type u_1} {𝕜 : Type u_3} [inst : RCLike 𝕜] [inst_1 : DecidableEq ι] {i : ι} {a : 𝕜},
    EuclideanSpace.single i a = 0 ↔ a = 0

Note: The updated constant is in a different namespace. Dot notation may need to be changed (e.g., from `x.single_eq_zero_iff` to `PiLp.single_eq_zero_iff x`).
warning: JanusFormal/Branches/FundamentalGeometryPVariationalPrinciple/Gates/P0EFTJanusMappingTorusD8NonabelianGhostThroatBRST4D.lean:1237:42: This simp argument is unused:
  Pi.smul_apply

Hint: Omit it from the simp argument list.
  simp only [VectorField.mpullback_apply,̵ ̵P̵i̵.̵s̵m̵u̵l̵_̵a̵p̵p̵l̵y̵]

Note: This linter can be disabled with `set_option linter.unusedSimpArgs false`
warning: JanusFormal/Branches/FundamentalGeometryPVariationalPrinciple/Gates/P0EFTJanusMappingTorusD8NonabelianGhostThroatBRST4D.lean:1358:44: This simp argument is unused:
  Pi.smul_apply

Hint: Omit it from the simp argument list.
  simp only [VectorField.mpullback_apply,̵ ̵P̵i̵.̵s̵m̵u̵l̵_̵a̵p̵p̵l̵y̵]

Note: This linter can be disabled with `set_option linter.unusedSimpArgs false`
warning: JanusFormal/Branches/FundamentalGeometryPVariationalPrinciple/Gates/P0EFTJanusMappingTorusD8NonabelianGhostThroatBRST4D.lean:2161:13: This simp argument is unused:
  throatPairwiseBracketTerm

Hint: Omit it from the simp argument list.
  simp only [̵t̵h̵r̵o̵a̵t̵P̵a̵i̵r̵w̵i̵s̵e̵B̵r̵a̵c̵k̵e̵t̵T̵e̵r̵m̵,̵
  ̵ ̵ ̵ ̵ ̵T̵e̵n̵s̵o̵r̵P̵r̵o̵d̵u̵c̵t̵.̵t̵m̵u̵l̵_̵n̵e̵g̵,̵[̲T̲e̲n̲s̲o̲r̲P̲r̲o̲d̲u̲c̲t̲.̲t̲m̲u̲l̲_̲n̲e̲g̲,̲ TensorProduct.neg_tmul, neg_add_rev]

Note: This linter can be disabled with `set_option linter.unusedSimpArgs false`
⚠ [8670/9191] Replayed JanusFormal.Branches.FundamentalGeometryPVariationalPrinciple.Gates.P0EFTJanusMappingTorusD8NonabelianGhostSmoothSpacetimeBVPTCovariance4D
warning: JanusFormal/Branches/FundamentalGeometryPVariationalPrinciple/Gates/P0EFTJanusMappingTorusD8NonabelianGhostSmoothSpacetimeBVPTCovariance4D.lean:45:4: try 'simp' instead of 'simpa'

Note: This linter can be disabled with `set_option linter.unnecessarySimpa false`
⚠ [8676/9191] Replayed JanusFormal.Branches.FundamentalGeometryPVariationalPrinciple.Gates.P0EFTJanusMappingTorusIntrinsicCanonicalLatitudeNormalImage4D
warning: JanusFormal/Branches/FundamentalGeometryPVariationalPrinciple/Gates/P0EFTJanusMappingTorusIntrinsicCanonicalLatitudeNormalImage4D.lean:192:21: `EuclideanSpace.single_eq_zero_iff` has been deprecated: Use `PiLp.single_eq_zero_iff` instead

Note: The updated constant has a different type:
  ∀ {ι : Type u_2} {β : ι → Type u_4} [inst : DecidableEq ι] [inst_1 : (i : ι) → AddCommGroup (β i)] (p : ENNReal)
    (i : ι) {a : β i}, PiLp.single p i a = 0 ↔ a = 0
instead of
  ∀ {ι : Type u_1} {𝕜 : Type u_3} [inst : RCLike 𝕜] [inst_1 : DecidableEq ι] {i : ι} {a : 𝕜},
    EuclideanSpace.single i a = 0 ↔ a = 0

Note: The updated constant is in a different namespace. Dot notation may need to be changed (e.g., from `x.single_eq_zero_iff` to `PiLp.single_eq_zero_iff x`).
⚠ [8692/9191] Replayed JanusFormal.Branches.FundamentalGeometryPVariationalPrinciple.Gates.P0EFTJanusMappingTorusAmbientPinMinusProjection4D
warning: JanusFormal/Branches/FundamentalGeometryPVariationalPrinciple/Gates/P0EFTJanusMappingTorusAmbientPinMinusProjection4D.lean:270:6: try 'simp' instead of 'simpa'

Note: This linter can be disabled with `set_option linter.unnecessarySimpa false`
warning: JanusFormal/Branches/FundamentalGeometryPVariationalPrinciple/Gates/P0EFTJanusMappingTorusAmbientPinMinusProjection4D.lean:402:6: try 'simp' instead of 'simpa'

Note: This linter can be disabled with `set_option linter.unnecessarySimpa false`
warning: JanusFormal/Branches/FundamentalGeometryPVariationalPrinciple/Gates/P0EFTJanusMappingTorusAmbientPinMinusProjection4D.lean:488:48: Used `tac1 <;> tac2` where `(tac1; tac2)` would suffice

Note: This linter can be disabled with `set_option linter.unnecessarySeqFocus false`
⚠ [8693/9191] Replayed JanusFormal.Branches.FundamentalGeometryPVariationalPrinciple.Gates.P0EFTJanusMappingTorusAmbientPinMinusCechExtension4D
warning: JanusFormal/Branches/FundamentalGeometryPVariationalPrinciple/Gates/P0EFTJanusMappingTorusAmbientPinMinusCechExtension4D.lean:315:2: try 'simp' instead of 'simpa'

Note: This linter can be disabled with `set_option linter.unnecessarySimpa false`
⚠ [8700/9191] Replayed JanusFormal.Branches.FundamentalGeometryPVariationalPrinciple.Gates.P0EFTJanusMappingTorusAmbientJacobianWindingChartGaugeNoGo4D
warning: JanusFormal/Branches/FundamentalGeometryPVariationalPrinciple/Gates/P0EFTJanusMappingTorusAmbientJacobianWindingChartGaugeNoGo4D.lean:776:4: try 'simp' instead of 'simpa'

Note: This linter can be disabled with `set_option linter.unnecessarySimpa false`
⚠ [8703/9191] Replayed JanusFormal.Branches.FundamentalGeometryPVariationalPrinciple.Gates.P0EFTJanusMappingTorusCanonicalLatitudeNormalAtlasFrame4D
warning: JanusFormal/Branches/FundamentalGeometryPVariationalPrinciple/Gates/P0EFTJanusMappingTorusCanonicalLatitudeNormalAtlasFrame4D.lean:74:4: Try `simp at hUnit` instead of `simpa using hUnit`

Note: This linter can be disabled with `set_option linter.unnecessarySimpa false`
ℹ [8729/9191] Replayed JanusFormal.Branches.FundamentalGeometryPVariationalPrinciple.Gates.P0EFTJanusMetricInducedScalarStressVariation4D
info: JanusFormal/Branches/FundamentalGeometryPVariationalPrinciple/Gates/P0EFTJanusMetricInducedScalarStressVariation4D.lean:251:8: Try this:
  [apply] ring_nf
  
  The `ring` tactic failed to close the goal. Use `ring_nf` to obtain a normal form.
    
  Note that `ring` works primarily in *commutative* rings. If you have a noncommutative ring, abelian group or module, consider using `noncomm_ring`, `abel` or `module` instead.
⚠ [8736/9191] Replayed JanusFormal.Branches.FundamentalGeometryPVariationalPrinciple.Gates.P0EFTJanusMappingTorusCanonicalHolonomicAtlasTransitionJets4D
warning: JanusFormal/Branches/FundamentalGeometryPVariationalPrinciple/Gates/P0EFTJanusMappingTorusCanonicalHolonomicAtlasTransitionJets4D.lean:296:15: `ContinuousLinearMap.add_apply` has been deprecated: Use `add_apply` instead

Note: The updated constant is in a different namespace. Dot notation may need to be changed (e.g., from `x.add_apply` to `add_apply x`).
warning: JanusFormal/Branches/FundamentalGeometryPVariationalPrinciple/Gates/P0EFTJanusMappingTorusCanonicalHolonomicAtlasTransitionJets4D.lean:297:6: `ContinuousLinearMap.smul_apply` has been deprecated: Use `smul_apply` instead

Note: The updated constant is in a different namespace. Dot notation may need to be changed (e.g., from `x.smul_apply` to `smul_apply x`).
⚠ [8792/9191] Replayed JanusFormal.Branches.FundamentalGeometryPEJetUniversality.Gates.P0EFTJanusAdaptedOrthogonalSplitting
warning: JanusFormal/Branches/FundamentalGeometryPEJetUniversality/Gates/P0EFTJanusAdaptedOrthogonalSplitting.lean:56:0: automatically included section variable(s) unused in theorem `JanusFormal.P0EFTJanusAdaptedOrthogonalSplitting.tangentRangePoint_coe`:
  [FiniteDimensional ℝ Ambient]
consider restructuring your `variable` declarations so that the variables are not in scope or explicitly omit them:
  omit [FiniteDimensional ℝ Ambient] in theorem ...

Note: This linter can be disabled with `set_option linter.unusedSectionVars false`
warning: JanusFormal/Branches/FundamentalGeometryPEJetUniversality/Gates/P0EFTJanusAdaptedOrthogonalSplitting.lean:64:0: automatically included section variable(s) unused in theorem `JanusFormal.P0EFTJanusAdaptedOrthogonalSplitting.derivative_mem_tangentRange`:
  [FiniteDimensional ℝ Ambient]
consider restructuring your `variable` declarations so that the variables are not in scope or explicitly omit them:
  omit [FiniteDimensional ℝ Ambient] in theorem ...

Note: This linter can be disabled with `set_option linter.unusedSectionVars false`
warning: JanusFormal/Branches/FundamentalGeometryPEJetUniversality/Gates/P0EFTJanusAdaptedOrthogonalSplitting.lean:116:0: automatically included section variable(s) unused in theorem `JanusFormal.P0EFTJanusAdaptedOrthogonalSplitting.tangent_range_finrank`:
  [FiniteDimensional ℝ Ambient]
consider restructuring your `variable` declarations so that the variables are not in scope or explicitly omit them:
  omit [FiniteDimensional ℝ Ambient] in theorem ...

Note: This linter can be disabled with `set_option linter.unusedSectionVars false`
⚠ [8793/9191] Replayed JanusFormal.Branches.FundamentalGeometryPEJetUniversality.Gates.P0EFTJanusSecondFundamentalFormJet
warning: JanusFormal/Branches/FundamentalGeometryPEJetUniversality/Gates/P0EFTJanusSecondFundamentalFormJet.lean:101:0: automatically included section variable(s) unused in theorem `JanusFormal.P0EFTJanusSecondFundamentalFormJet.covariantSecondDerivative_sourceCoordinateChange`:
  [FiniteDimensional ℝ Ambient]
consider restructuring your `variable` declarations so that the variables are not in scope or explicitly omit them:
  omit [FiniteDimensional ℝ Ambient] in theorem ...

Note: This linter can be disabled with `set_option linter.unusedSectionVars false`
warning: JanusFormal/Branches/FundamentalGeometryPEJetUniversality/Gates/P0EFTJanusSecondFundamentalFormJet.lean:139:0: automatically included section variable(s) unused in theorem `JanusFormal.P0EFTJanusSecondFundamentalFormJet.covariantSecondDerivative_ambientCoordinateChange`:
  [FiniteDimensional ℝ Ambient]
consider restructuring your `variable` declarations so that the variables are not in scope or explicitly omit them:
  omit [FiniteDimensional ℝ Ambient] in theorem ...

Note: This linter can be disabled with `set_option linter.unusedSectionVars false`
warning: JanusFormal/Branches/FundamentalGeometryPEJetUniversality/Gates/P0EFTJanusSecondFundamentalFormJet.lean:171:0: automatically included section variable(s) unused in theorem `JanusFormal.P0EFTJanusSecondFundamentalFormJet.covariantSecondDerivative_isSymmetric`:
  [FiniteDimensional ℝ Ambient]
consider restructuring your `variable` declarations so that the variables are not in scope or explicitly omit them:
  omit [FiniteDimensional ℝ Ambient] in theorem ...

Note: This linter can be disabled with `set_option linter.unusedSectionVars false`
⚠ [8794/9191] Replayed JanusFormal.Branches.FundamentalGeometryPEJetUniversality.Gates.P0EFTJanusSecondFundamentalResidualEquivariance
warning: JanusFormal/Branches/FundamentalGeometryPEJetUniversality/Gates/P0EFTJanusSecondFundamentalResidualEquivariance.lean:49:0: automatically included section variable(s) unused in theorem `JanusFormal.P0EFTJanusSecondFundamentalResidualEquivariance.actOnSecondFundamentalTensor_one`:
  [FiniteDimensional ℝ Ambient]
consider restructuring your `variable` declarations so that the variables are not in scope or explicitly omit them:
  omit [FiniteDimensional ℝ Ambient] in theorem ...

Note: This linter can be disabled with `set_option linter.unusedSectionVars false`
warning: JanusFormal/Branches/FundamentalGeometryPEJetUniversality/Gates/P0EFTJanusSecondFundamentalResidualEquivariance.lean:59:0: automatically included section variable(s) unused in theorem `JanusFormal.P0EFTJanusSecondFundamentalResidualEquivariance.actOnSecondFundamentalTensor_mul`:
  [FiniteDimensional ℝ Ambient]
consider restructuring your `variable` declarations so that the variables are not in scope or explicitly omit them:
  omit [FiniteDimensional ℝ Ambient] in theorem ...

Note: This linter can be disabled with `set_option linter.unusedSectionVars false`
warning: JanusFormal/Branches/FundamentalGeometryPEJetUniversality/Gates/P0EFTJanusSecondFundamentalResidualEquivariance.lean:71:0: automatically included section variable(s) unused in theorem `JanusFormal.P0EFTJanusSecondFundamentalResidualEquivariance.actOnSecondFundamentalTensor_preserves_symmetry`:
  [FiniteDimensional ℝ Ambient]
consider restructuring your `variable` declarations so that the variables are not in scope or explicitly omit them:
  omit [FiniteDimensional ℝ Ambient] in theorem ...

Note: This linter can be disabled with `set_option linter.unusedSectionVars false`
warning: JanusFormal/Branches/FundamentalGeometryPEJetUniversality/Gates/P0EFTJanusSecondFundamentalResidualEquivariance.lean:97:0: automatically included section variable(s) unused in theorem `JanusFormal.P0EFTJanusSecondFundamentalResidualEquivariance.actOnAdaptedSplitJet_normalQuadratic`:
  [FiniteDimensional ℝ Ambient]
consider restructuring your `variable` declarations so that the variables are not in scope or explicitly omit them:
  omit [FiniteDimensional ℝ Ambient] in theorem ...

Note: This linter can be disabled with `set_option linter.unusedSectionVars false`
⚠ [8795/9191] Replayed JanusFormal.Branches.FundamentalGeometryPEJetUniversality.Gates.P0EFTJanusSmoothProjectorField
warning: JanusFormal/Branches/FundamentalGeometryPEJetUniversality/Gates/P0EFTJanusSmoothProjectorField.lean:97:0: automatically included section variable(s) unused in theorem `JanusFormal.P0EFTJanusSmoothProjectorField.tangentProjector_frame`:
  [NormedAddCommGroup Base]
  [NormedSpace ℝ Base]
consider restructuring your `variable` declarations so that the variables are not in scope or explicitly omit them:
  omit [NormedAddCommGroup Base] [NormedSpace ℝ Base] in theorem ...

Note: This linter can be disabled with `set_option linter.unusedSectionVars false`
warning: JanusFormal/Branches/FundamentalGeometryPEJetUniversality/Gates/P0EFTJanusSmoothProjectorField.lean:118:0: automatically included section variable(s) unused in theorem `JanusFormal.P0EFTJanusSmoothProjectorField.inner_tangent_normalProjector_eq_zero`:
  [NormedAddCommGroup Base]
  [NormedSpace ℝ Base]
consider restructuring your `variable` declarations so that the variables are not in scope or explicitly omit them:
  omit [NormedAddCommGroup Base] [NormedSpace ℝ Base] in theorem ...

Note: This linter can be disabled with `set_option linter.unusedSectionVars false`
warning: JanusFormal/Branches/FundamentalGeometryPEJetUniversality/Gates/P0EFTJanusSmoothProjectorField.lean:134:0: automatically included section variable(s) unused in theorem `JanusFormal.P0EFTJanusSmoothProjectorField.tangent_add_normal_projector`:
  [NormedAddCommGroup Base]
  [NormedSpace ℝ Base]
consider restructuring your `variable` declarations so that the variables are not in scope or explicitly omit them:
  omit [NormedAddCommGroup Base] [NormedSpace ℝ Base] in theorem ...

Note: This linter can be disabled with `set_option linter.unusedSectionVars false`
warning: JanusFormal/Branches/FundamentalGeometryPEJetUniversality/Gates/P0EFTJanusSmoothProjectorField.lean:143:0: automatically included section variable(s) unused in theorem `JanusFormal.P0EFTJanusSmoothProjectorField.tangentProjector_sub`:
  [NormedAddCommGroup Base]
  [NormedSpace ℝ Base]
consider restructuring your `variable` declarations so that the variables are not in scope or explicitly omit them:
  omit [NormedAddCommGroup Base] [NormedSpace ℝ Base] in theorem ...

Note: This linter can be disabled with `set_option linter.unusedSectionVars false`
warning: JanusFormal/Branches/FundamentalGeometryPEJetUniversality/Gates/P0EFTJanusSmoothProjectorField.lean:155:0: automatically included section variable(s) unused in theorem `JanusFormal.P0EFTJanusSmoothProjectorField.tangentProjector_idempotent`:
  [NormedAddCommGroup Base]
  [NormedSpace ℝ Base]
consider restructuring your `variable` declarations so that the variables are not in scope or explicitly omit them:
  omit [NormedAddCommGroup Base] [NormedSpace ℝ Base] in theorem ...

Note: This linter can be disabled with `set_option linter.unusedSectionVars false`
⚠ [8796/9191] Replayed JanusFormal.Branches.FundamentalGeometryPEJetUniversality.Gates.P0EFTJanusSmoothAdaptedFrame
warning: JanusFormal/Branches/FundamentalGeometryPEJetUniversality/Gates/P0EFTJanusSmoothAdaptedFrame.lean:122:0: automatically included section variable(s) unused in theorem `JanusFormal.P0EFTJanusSmoothAdaptedFrame.varyingGramSchmidtNormed_orthonormal`:
  [NormedAddCommGroup Base]
  [NormedSpace ℝ Base]
consider restructuring your `variable` declarations so that the variables are not in scope or explicitly omit them:
  omit [NormedAddCommGroup Base] [NormedSpace ℝ Base] in theorem ...

Note: This linter can be disabled with `set_option linter.unusedSectionVars false`
warning: JanusFormal/Branches/FundamentalGeometryPEJetUniversality/Gates/P0EFTJanusSmoothAdaptedFrame.lean:208:0: automatically included section variable(s) unused in theorem `JanusFormal.P0EFTJanusSmoothAdaptedFrame.smoothNormalFrame_mem_projected_span`:
  [NormedAddCommGroup Base]
  [NormedSpace ℝ Base]
consider restructuring your `variable` declarations so that the variables are not in scope or explicitly omit them:
  omit [NormedAddCommGroup Base] [NormedSpace ℝ Base] in theorem ...

Note: This linter can be disabled with `set_option linter.unusedSectionVars false`
⚠ [8799/9191] Replayed JanusFormal.Branches.FundamentalGeometryPEJetUniversality.Gates.P0EFTJanusRieszShapeOperator
warning: JanusFormal/Branches/FundamentalGeometryPEJetUniversality/Gates/P0EFTJanusRieszShapeOperator.lean:58:0: automatically included section variable(s) unused in theorem `JanusFormal.P0EFTJanusRieszShapeOperator.pairedBilinearLinear_apply`:
  [FiniteDimensional ℝ Tangent]
consider restructuring your `variable` declarations so that the variables are not in scope or explicitly omit them:
  omit [FiniteDimensional ℝ Tangent] in theorem ...

Note: This linter can be disabled with `set_option linter.unusedSectionVars false`
⚠ [8800/9191] Replayed JanusFormal.Branches.FundamentalGeometryPEJetUniversality.Gates.P0EFTJanusRieszShapeOperatorEquivariance
warning: JanusFormal/Branches/FundamentalGeometryPEJetUniversality/Gates/P0EFTJanusRieszShapeOperatorEquivariance.lean:24:0: automatically included section variable(s) unused in theorem `JanusFormal.P0EFTJanusRieszShapeOperatorEquivariance.FiniteSecondFundamentalForm.ext`:
  [FiniteDimensional ℝ Tangent]
consider restructuring your `variable` declarations so that the variables are not in scope or explicitly omit them:
  omit [FiniteDimensional ℝ Tangent] in theorem ...

Note: This linter can be disabled with `set_option linter.unusedSectionVars false`
warning: JanusFormal/Branches/FundamentalGeometryPEJetUniversality/Gates/P0EFTJanusRieszShapeOperatorEquivariance.lean:144:0: automatically included section variable(s) unused in theorem `JanusFormal.P0EFTJanusRieszShapeOperatorEquivariance.actOnFiniteSecondFundamentalForm_apply`:
  [FiniteDimensional ℝ Tangent]
consider restructuring your `variable` declarations so that the variables are not in scope or explicitly omit them:
  omit [FiniteDimensional ℝ Tangent] in theorem ...

Note: This linter can be disabled with `set_option linter.unusedSectionVars false`
warning: JanusFormal/Branches/FundamentalGeometryPEJetUniversality/Gates/P0EFTJanusRieszShapeOperatorEquivariance.lean:185:0: automatically included section variable(s) unused in theorem `JanusFormal.P0EFTJanusRieszShapeOperatorEquivariance.conjugateShapeOperator_apply`:
  [FiniteDimensional ℝ Tangent]
consider restructuring your `variable` declarations so that the variables are not in scope or explicitly omit them:
  omit [FiniteDimensional ℝ Tangent] in theorem ...

Note: This linter can be disabled with `set_option linter.unusedSectionVars false`
⚠ [8801/9191] Replayed JanusFormal.Branches.FundamentalGeometryPEJetUniversality.Gates.P0EFTJanusRieszShapeOperatorSmoothDependence
warning: JanusFormal/Branches/FundamentalGeometryPEJetUniversality/Gates/P0EFTJanusRieszShapeOperatorSmoothDependence.lean:45:21: `ContinuousLinearMap.add_apply` has been deprecated: Use `add_apply` instead

Note: The updated constant is in a different namespace. Dot notation may need to be changed (e.g., from `x.add_apply` to `add_apply x`).
⚠ [8802/9191] Replayed JanusFormal.Branches.FundamentalGeometryPEJetUniversality.Gates.P0EFTJanusRieszShapeOperatorMovingFrame
warning: JanusFormal/Branches/FundamentalGeometryPEJetUniversality/Gates/P0EFTJanusRieszShapeOperatorMovingFrame.lean:157:0: automatically included section variable(s) unused in theorem `JanusFormal.P0EFTJanusRieszShapeOperatorMovingFrame.conjugatedOperatorFamily_contDiff`:
  [FiniteDimensional ℝ Tangent]
consider restructuring your `variable` declarations so that the variables are not in scope or explicitly omit them:
  omit [FiniteDimensional ℝ Tangent] in theorem ...

Note: This linter can be disabled with `set_option linter.unusedSectionVars false`
⚠ [8807/9191] Replayed JanusFormal.Branches.FundamentalGeometryPEJetUniversality.Gates.P0EFTJanusRieszShapeOperatorProjectedSeedAtlas
warning: JanusFormal/Branches/FundamentalGeometryPEJetUniversality/Gates/P0EFTJanusRieszShapeOperatorProjectedSeedAtlas.lean:48:0: automatically included section variable(s) unused in theorem `JanusFormal.P0EFTJanusRieszShapeOperatorProjectedSeedAtlas.projectedSeedChartValid_isOpen`:
  [LinearOrder κ]
  [LocallyFiniteOrderBot κ]
  [WellFoundedLT κ]
consider restructuring your `variable` declarations so that the variables are not in scope or explicitly omit them:
  omit [LinearOrder κ] [LocallyFiniteOrderBot κ] [WellFoundedLT κ] in theorem ...

Note: This linter can be disabled with `set_option linter.unusedSectionVars false`
⚠ [8808/9191] Replayed JanusFormal.Branches.FundamentalGeometryPEJetUniversality.Gates.P0EFTJanusMovingAdaptedFrameSecondJet
warning: JanusFormal/Branches/FundamentalGeometryPEJetUniversality/Gates/P0EFTJanusMovingAdaptedFrameSecondJet.lean:44:0: automatically included section variable(s) unused in theorem `JanusFormal.P0EFTJanusMovingAdaptedFrameSecondJet.transformedDerivative_apply`:
  [FiniteDimensional ℝ Ambient]
consider restructuring your `variable` declarations so that the variables are not in scope or explicitly omit them:
  omit [FiniteDimensional ℝ Ambient] in theorem ...

Note: This linter can be disabled with `set_option linter.unusedSectionVars false`
warning: JanusFormal/Branches/FundamentalGeometryPEJetUniversality/Gates/P0EFTJanusMovingAdaptedFrameSecondJet.lean:67:0: automatically included section variable(s) unused in theorem `JanusFormal.P0EFTJanusMovingAdaptedFrameSecondJet.frameDerivativeCorrection_isSymmetric`:
  [FiniteDimensional ℝ Ambient]
consider restructuring your `variable` declarations so that the variables are not in scope or explicitly omit them:
  omit [FiniteDimensional ℝ Ambient] in theorem ...

Note: This linter can be disabled with `set_option linter.unusedSectionVars false`
warning: JanusFormal/Branches/FundamentalGeometryPEJetUniversality/Gates/P0EFTJanusMovingAdaptedFrameSecondJet.lean:89:0: automatically included section variable(s) unused in theorem `JanusFormal.P0EFTJanusMovingAdaptedFrameSecondJet.movingFrameRawSecond_formula`:
  [FiniteDimensional ℝ Ambient]
consider restructuring your `variable` declarations so that the variables are not in scope or explicitly omit them:
  omit [FiniteDimensional ℝ Ambient] in theorem ...

Note: This linter can be disabled with `set_option linter.unusedSectionVars false`
warning: JanusFormal/Branches/FundamentalGeometryPEJetUniversality/Gates/P0EFTJanusMovingAdaptedFrameSecondJet.lean:118:0: automatically included section variable(s) unused in theorem `JanusFormal.P0EFTJanusMovingAdaptedFrameSecondJet.movingAmbientFrameChange_rawSecond`:
  [FiniteDimensional ℝ Ambient]
consider restructuring your `variable` declarations so that the variables are not in scope or explicitly omit them:
  omit [FiniteDimensional ℝ Ambient] in theorem ...

Note: This linter can be disabled with `set_option linter.unusedSectionVars false`
warning: JanusFormal/Branches/FundamentalGeometryPEJetUniversality/Gates/P0EFTJanusMovingAdaptedFrameSecondJet.lean:127:0: automatically included section variable(s) unused in theorem `JanusFormal.P0EFTJanusMovingAdaptedFrameSecondJet.movingAmbientFrameChange_ambientConnection`:
  [FiniteDimensional ℝ Ambient]
consider restructuring your `variable` declarations so that the variables are not in scope or explicitly omit them:
  omit [FiniteDimensional ℝ Ambient] in theorem ...

Note: This linter can be disabled with `set_option linter.unusedSectionVars false`
warning: JanusFormal/Branches/FundamentalGeometryPEJetUniversality/Gates/P0EFTJanusMovingAdaptedFrameSecondJet.lean:139:0: automatically included section variable(s) unused in theorem `JanusFormal.P0EFTJanusMovingAdaptedFrameSecondJet.covariantSecondDerivative_movingAmbientFrameChange`:
  [FiniteDimensional ℝ Ambient]
consider restructuring your `variable` declarations so that the variables are not in scope or explicitly omit them:
  omit [FiniteDimensional ℝ Ambient] in theorem ...

Note: This linter can be disabled with `set_option linter.unusedSectionVars false`
warning: JanusFormal/Branches/FundamentalGeometryPEJetUniversality/Gates/P0EFTJanusMovingAdaptedFrameSecondJet.lean:174:0: automatically included section variable(s) unused in theorem `JanusFormal.P0EFTJanusMovingAdaptedFrameSecondJet.movingAdaptedFrameChange_rawSecond_formula`:
  [FiniteDimensional ℝ Ambient]
consider restructuring your `variable` declarations so that the variables are not in scope or explicitly omit them:
  omit [FiniteDimensional ℝ Ambient] in theorem ...

Note: This linter can be disabled with `set_option linter.unusedSectionVars false`
⚠ [8812/9191] Replayed JanusFormal.Branches.FundamentalGeometryPEJetUniversality.Gates.P0EFTJanusNormalFrameSmoothTransition
warning: JanusFormal/Branches/FundamentalGeometryPEJetUniversality/Gates/P0EFTJanusNormalFrameSmoothTransition.lean:71:4: try 'simp' instead of 'simpa'

Note: This linter can be disabled with `set_option linter.unnecessarySimpa false`
warning: JanusFormal/Branches/FundamentalGeometryPEJetUniversality/Gates/P0EFTJanusNormalFrameSmoothTransition.lean:146:4: 'change
  ContDiff ℝ ∞
    (fun base =>
      (normalFrameTransition (first.frame base) (second.frame base)
          (hRange base)).toContinuousLinearEquiv.toContinuousLinearMap)' tactic does nothing

Note: This linter can be disabled with `set_option linter.unusedTactic false`
warning: JanusFormal/Branches/FundamentalGeometryPEJetUniversality/Gates/P0EFTJanusNormalFrameSmoothTransition.lean:161:4: 'change
  ContDiff ℝ ∞
    (fun base =>
      ((normalFrameTransition (first.frame base) (second.frame base)
            (hRange base)).symm).toContinuousLinearEquiv.toContinuousLinearMap)' tactic does nothing

Note: This linter can be disabled with `set_option linter.unusedTactic false`
⚠ [8813/9191] Replayed JanusFormal.Branches.FundamentalGeometryPEJetUniversality.Gates.P0EFTJanusRieszShapeOperatorOpenMovingFrame
warning: JanusFormal/Branches/FundamentalGeometryPEJetUniversality/Gates/P0EFTJanusRieszShapeOperatorOpenMovingFrame.lean:64:0: automatically included section variable(s) unused in theorem `JanusFormal.P0EFTJanusRieszShapeOperatorOpenMovingFrame.conjugatedOperatorFamilyOn_contDiffOn`:
  [FiniteDimensional ℝ Tangent]
consider restructuring your `variable` declarations so that the variables are not in scope or explicitly omit them:
  omit [FiniteDimensional ℝ Tangent] in theorem ...

Note: This linter can be disabled with `set_option linter.unusedSectionVars false`
⚠ [8814/9191] Replayed JanusFormal.Branches.FundamentalGeometryPEJetUniversality.Gates.P0EFTJanusRieszShapeOperatorOpenCanonicalTransition
warning: JanusFormal/Branches/FundamentalGeometryPEJetUniversality/Gates/P0EFTJanusRieszShapeOperatorOpenCanonicalTransition.lean:100:23: This simp argument is unused:
  ↓reduceIte

Hint: Omit it from the simp argument list.
  simp only [hValid, ↓̵r̵e̵d̵u̵c̵e̵I̵t̵e̵,̵ ̵openAdjointTransitionCLM]

Note: This linter can be disabled with `set_option linter.unusedSimpArgs false`
warning: JanusFormal/Branches/FundamentalGeometryPEJetUniversality/Gates/P0EFTJanusRieszShapeOperatorOpenCanonicalTransition.lean:110:23: This simp argument is unused:
  ↓reduceIte

Hint: Omit it from the simp argument list.
  simp only [hValid, ↓̵r̵e̵d̵u̵c̵e̵I̵t̵e̵,̵ ̵openAdjointTransitionCLM]

Note: This linter can be disabled with `set_option linter.unusedSimpArgs false`
⚠ [8815/9191] Replayed JanusFormal.Branches.FundamentalGeometryPEJetUniversality.Gates.P0EFTJanusRieszShapeOperatorProjectedSeedFramePackaging
warning: JanusFormal/Branches/FundamentalGeometryPEJetUniversality/Gates/P0EFTJanusRieszShapeOperatorProjectedSeedFramePackaging.lean:56:0: automatically included section variable(s) unused in theorem `JanusFormal.P0EFTJanusRieszShapeOperatorProjectedSeedFramePackaging.synthesizedIsometryValue_toContinuousLinearMap`:
  [FiniteDimensional ℝ Model]
  [Fintype κ]
consider restructuring your `variable` declarations so that the variables are not in scope or explicitly omit them:
  omit [FiniteDimensional ℝ Model] [Fintype κ] in theorem ...

Note: This linter can be disabled with `set_option linter.unusedSectionVars false`
warning: JanusFormal/Branches/FundamentalGeometryPEJetUniversality/Gates/P0EFTJanusRieszShapeOperatorProjectedSeedFramePackaging.lean:120:0: automatically included section variable(s) unused in theorem `JanusFormal.P0EFTJanusRieszShapeOperatorProjectedSeedFramePackaging.projectedSeedSynthesisCLM_basis`:
  [Fintype κ]
consider restructuring your `variable` declarations so that the variables are not in scope or explicitly omit them:
  omit [Fintype κ] in theorem ...

Note: This linter can be disabled with `set_option linter.unusedSectionVars false`
⚠ [8816/9191] Replayed JanusFormal.Branches.FundamentalGeometryPEJetUniversality.Gates.P0EFTJanusRieszShapeOperatorPointwiseNormalBasisCover
warning: JanusFormal/Branches/FundamentalGeometryPEJetUniversality/Gates/P0EFTJanusRieszShapeOperatorPointwiseNormalBasisCover.lean:56:0: automatically included section variable(s) unused in theorem `JanusFormal.P0EFTJanusRieszShapeOperatorPointwiseNormalBasisCover.tangentProjector_normalBasisAt_center`:
  [Fintype κ]
  [LinearOrder κ]
  [LocallyFiniteOrderBot κ]
  [WellFoundedLT κ]
consider restructuring your `variable` declarations so that the variables are not in scope or explicitly omit them:
  omit [Fintype κ] [LinearOrder κ] [LocallyFiniteOrderBot κ] [WellFoundedLT κ] in theorem ...

Note: This linter can be disabled with `set_option linter.unusedSectionVars false`
⚠ [8818/9191] Replayed JanusFormal.Branches.FundamentalGeometryPEJetUniversality.Gates.P0EFTJanusRieszShapeOperatorProjectedSeedPhysicalRangeBridge
warning: JanusFormal/Branches/FundamentalGeometryPEJetUniversality/Gates/P0EFTJanusRieszShapeOperatorProjectedSeedPhysicalRangeBridge.lean:68:0: automatically included section variable(s) unused in theorem `JanusFormal.P0EFTJanusRieszShapeOperatorProjectedSeedPhysicalRangeBridge.projectedSeedFrame_range_eq_physicalFrame`:
  [FiniteDimensional ℝ Ambient]
consider restructuring your `variable` declarations so that the variables are not in scope or explicitly omit them:
  omit [FiniteDimensional ℝ Ambient] in theorem ...

Note: This linter can be disabled with `set_option linter.unusedSectionVars false`
⚠ [8819/9191] Replayed JanusFormal.Branches.FundamentalGeometryPEJetUniversality.Gates.P0EFTJanusRieszShapeOperatorProjectedSeedOrthogonalRange
warning: JanusFormal/Branches/FundamentalGeometryPEJetUniversality/Gates/P0EFTJanusRieszShapeOperatorProjectedSeedOrthogonalRange.lean:49:0: automatically included section variable(s) unused in theorem `JanusFormal.P0EFTJanusRieszShapeOperatorProjectedSeedOrthogonalRange.projectedSeedNormalSpan_eq_projectedNormalFamilySpan`:
  [FiniteDimensional ℝ Ambient]
  [Fintype κ]
consider restructuring your `variable` declarations so that the variables are not in scope or explicitly omit them:
  omit [FiniteDimensional ℝ Ambient] [Fintype κ] in theorem ...

Note: This linter can be disabled with `set_option linter.unusedSectionVars false`
warning: JanusFormal/Branches/FundamentalGeometryPEJetUniversality/Gates/P0EFTJanusRieszShapeOperatorProjectedSeedOrthogonalRange.lean:69:0: automatically included section variable(s) unused in theorem `JanusFormal.P0EFTJanusRieszShapeOperatorProjectedSeedOrthogonalRange.projectedSeedNormalSpan_le_tangentFrameSpan_orthogonal`:
  [FiniteDimensional ℝ Ambient]
consider restructuring your `variable` declarations so that the variables are not in scope or explicitly omit them:
  omit [FiniteDimensional ℝ Ambient] in theorem ...

Note: This linter can be disabled with `set_option linter.unusedSectionVars false`
warning: JanusFormal/Branches/FundamentalGeometryPEJetUniversality/Gates/P0EFTJanusRieszShapeOperatorProjectedSeedOrthogonalRange.lean:91:0: automatically included section variable(s) unused in theorem `JanusFormal.P0EFTJanusRieszShapeOperatorProjectedSeedOrthogonalRange.tangentFrameSpan_finrank`:
  [FiniteDimensional ℝ Ambient]
  [Fintype κ]
  [LinearOrder κ]
  [LocallyFiniteOrderBot κ]
  [WellFoundedLT κ]
consider restructuring your `variable` declarations so that the variables are not in scope or explicitly omit them:
  omit [FiniteDimensional ℝ
  Ambient] [Fintype κ] [LinearOrder κ] [LocallyFiniteOrderBot κ] [WellFoundedLT κ] in theorem ...

Note: This linter can be disabled with `set_option linter.unusedSectionVars false`
warning: JanusFormal/Branches/FundamentalGeometryPEJetUniversality/Gates/P0EFTJanusRieszShapeOperatorProjectedSeedOrthogonalRange.lean:100:0: automatically included section variable(s) unused in theorem `JanusFormal.P0EFTJanusRieszShapeOperatorProjectedSeedOrthogonalRange.projectedSeedNormalSpan_finrank`:
  [FiniteDimensional ℝ Ambient]
consider restructuring your `variable` declarations so that the variables are not in scope or explicitly omit them:
  omit [FiniteDimensional ℝ Ambient] in theorem ...

Note: This linter can be disabled with `set_option linter.unusedSectionVars false`
⚠ [8820/9191] Replayed JanusFormal.Branches.FundamentalGeometryPEJetUniversality.Gates.P0EFTJanusRieszShapeOperatorProjectedSeedAdaptedFramePair
warning: JanusFormal/Branches/FundamentalGeometryPEJetUniversality/Gates/P0EFTJanusRieszShapeOperatorProjectedSeedAdaptedFramePair.lean:56:0: automatically included section variable(s) unused in theorem `JanusFormal.P0EFTJanusRieszShapeOperatorProjectedSeedAdaptedFramePair.tangentFrameSynthesisCLM_basis`:
  [FiniteDimensional ℝ Ambient]
  [Fintype ι]
  [Fintype κ]
  [LinearOrder κ]
  [LocallyFiniteOrderBot κ]
  [WellFoundedLT κ]
consider restructuring your `variable` declarations so that the variables are not in scope or explicitly omit them:
  omit [FiniteDimensional ℝ
  Ambient] [Fintype ι] [Fintype κ] [LinearOrder κ] [LocallyFiniteOrderBot κ] [WellFoundedLT κ] in theorem ...

Note: This linter can be disabled with `set_option linter.unusedSectionVars false`
warning: JanusFormal/Branches/FundamentalGeometryPEJetUniversality/Gates/P0EFTJanusRieszShapeOperatorProjectedSeedAdaptedFramePair.lean:74:0: automatically included section variable(s) unused in theorem `JanusFormal.P0EFTJanusRieszShapeOperatorProjectedSeedAdaptedFramePair.tangentFrameSynthesisCLM_eq_sum`:
  [FiniteDimensional ℝ Ambient]
  [Fintype κ]
  [LinearOrder κ]
  [LocallyFiniteOrderBot κ]
  [WellFoundedLT κ]
consider restructuring your `variable` declarations so that the variables are not in scope or explicitly omit them:
  omit [FiniteDimensional ℝ
  Ambient] [Fintype κ] [LinearOrder κ] [LocallyFiniteOrderBot κ] [WellFoundedLT κ] in theorem ...

Note: This linter can be disabled with `set_option linter.unusedSectionVars false`
warning: JanusFormal/Branches/FundamentalGeometryPEJetUniversality/Gates/P0EFTJanusRieszShapeOperatorProjectedSeedAdaptedFramePair.lean:355:5: Variable name `hClosed` is not explicitly referenced.

The binding can be removed (if unused) or named `_` (if used implicitly).

Note: This linter can be disabled with `set_option linter.unusedVariables false`
⚠ [8825/9191] Replayed JanusFormal.Branches.FundamentalGeometryPEJetUniversality.Gates.P0EFTJanusRieszShapeOperatorProjectedSeedOpenInstantiation
warning: JanusFormal/Branches/FundamentalGeometryPEJetUniversality/Gates/P0EFTJanusRieszShapeOperatorProjectedSeedOpenInstantiation.lean:55:20: Variable name `center` is not explicitly referenced.

The binding can be removed (if unused) or named `_` (if used implicitly).

Note: This linter can be disabled with `set_option linter.unusedVariables false`
warning: JanusFormal/Branches/FundamentalGeometryPEJetUniversality/Gates/P0EFTJanusRieszShapeOperatorProjectedSeedOpenInstantiation.lean:90:0: automatically included section variable(s) unused in theorem `JanusFormal.P0EFTJanusRieszShapeOperatorProjectedSeedOpenInstantiation.ProjectedSeedOpenRieszInstantiationData.localOperator_realizes`:
  [Fintype κ]
  [LinearOrder κ]
  [LocallyFiniteOrderBot κ]
  [WellFoundedLT κ]
consider restructuring your `variable` declarations so that the variables are not in scope or explicitly omit them:
  omit [Fintype κ] [LinearOrder κ] [LocallyFiniteOrderBot κ] [WellFoundedLT κ] in theorem ...

Note: This linter can be disabled with `set_option linter.unusedSectionVars false`
warning: JanusFormal/Branches/FundamentalGeometryPEJetUniversality/Gates/P0EFTJanusRieszShapeOperatorProjectedSeedOpenInstantiation.lean:107:0: automatically included section variable(s) unused in theorem `JanusFormal.P0EFTJanusRieszShapeOperatorProjectedSeedOpenInstantiation.ProjectedSeedOpenRieszInstantiationData.localOperator_contDiffOn`:
  [Fintype κ]
  [LinearOrder κ]
  [LocallyFiniteOrderBot κ]
  [WellFoundedLT κ]
consider restructuring your `variable` declarations so that the variables are not in scope or explicitly omit them:
  omit [Fintype κ] [LinearOrder κ] [LocallyFiniteOrderBot κ] [WellFoundedLT κ] in theorem ...

Note: This linter can be disabled with `set_option linter.unusedSectionVars false`
⚠ [8827/9191] Replayed JanusFormal.Branches.FundamentalGeometryPEJetUniversality.Gates.P0EFTJanusRieszShapeOperatorGlobalCoefficientInstantiation
warning: JanusFormal/Branches/FundamentalGeometryPEJetUniversality/Gates/P0EFTJanusRieszShapeOperatorGlobalCoefficientInstantiation.lean:118:0: automatically included section variable(s) unused in theorem `JanusFormal.P0EFTJanusRieszShapeOperatorGlobalCoefficientInstantiation.GlobalRieszCoefficientData.physicalOperator_contDiff_direct`:
  [FiniteDimensional ℝ Ambient]
  [LinearOrder κ]
  [LocallyFiniteOrderBot κ]
  [WellFoundedLT κ]
consider restructuring your `variable` declarations so that the variables are not in scope or explicitly omit them:
  omit [FiniteDimensional ℝ Ambient] [LinearOrder κ] [LocallyFiniteOrderBot κ] [WellFoundedLT κ] in theorem ...

Note: This linter can be disabled with `set_option linter.unusedSectionVars false`
⚠ [8828/9191] Replayed JanusFormal.Branches.FundamentalGeometryPEJetUniversality.Gates.P0EFTJanusRieszShapeOperatorSmoothReducedJetBase
warning: JanusFormal/Branches/FundamentalGeometryPEJetUniversality/Gates/P0EFTJanusRieszShapeOperatorSmoothReducedJetBase.lean:68:0: automatically included section variable(s) unused in theorem `JanusFormal.P0EFTJanusRieszShapeOperatorSmoothReducedJetBase.reducedSecondFundamentalProjection_apply`:
  [FiniteDimensional ℝ Tangent]
  [FiniteDimensional ℝ Normal]
consider restructuring your `variable` declarations so that the variables are not in scope or explicitly omit them:
  omit [FiniteDimensional ℝ Tangent] [FiniteDimensional ℝ Normal] in theorem ...

Note: This linter can be disabled with `set_option linter.unusedSectionVars false`
warning: JanusFormal/Branches/FundamentalGeometryPEJetUniversality/Gates/P0EFTJanusRieszShapeOperatorSmoothReducedJetBase.lean:76:0: automatically included section variable(s) unused in theorem `JanusFormal.P0EFTJanusRieszShapeOperatorSmoothReducedJetBase.reducedGaugeCurvatureProjection_apply`:
  [FiniteDimensional ℝ Tangent]
  [FiniteDimensional ℝ Normal]
consider restructuring your `variable` declarations so that the variables are not in scope or explicitly omit them:
  omit [FiniteDimensional ℝ Tangent] [FiniteDimensional ℝ Normal] in theorem ...

Note: This linter can be disabled with `set_option linter.unusedSectionVars false`
warning: JanusFormal/Branches/FundamentalGeometryPEJetUniversality/Gates/P0EFTJanusRieszShapeOperatorSmoothReducedJetBase.lean:166:0: automatically included section variable(s) unused in theorem `JanusFormal.P0EFTJanusRieszShapeOperatorSmoothReducedJetBase.SmoothReducedJetRieszFamilyData.secondFundamental_contDiff`:
  [FiniteDimensional ℝ Tangent]
  [FiniteDimensional ℝ Normal]
  [FiniteDimensional ℝ Ambient]
  [LinearOrder κ]
  [LocallyFiniteOrderBot κ]
  [WellFoundedLT κ]
consider restructuring your `variable` declarations so that the variables are not in scope or explicitly omit them:
  omit [FiniteDimensional ℝ
  Tangent] [FiniteDimensional ℝ
  Normal] [FiniteDimensional ℝ Ambient] [LinearOrder κ] [LocallyFiniteOrderBot κ] [WellFoundedLT κ] in theorem ...

Note: This linter can be disabled with `set_option linter.unusedSectionVars false`
⚠ [8829/9191] Replayed JanusFormal.Branches.FundamentalGeometryPEJetUniversality.Gates.P0EFTJanusRieszShapeOperatorContinuousStructuredJetReduction
warning: JanusFormal/Branches/FundamentalGeometryPEJetUniversality/Gates/P0EFTJanusRieszShapeOperatorContinuousStructuredJetReduction.lean:91:0: automatically included section variable(s) unused in theorem `JanusFormal.P0EFTJanusRieszShapeOperatorContinuousStructuredJetReduction.continuousDerivativeFlip_apply`:
  [FiniteDimensional ℝ Tangent]
consider restructuring your `variable` declarations so that the variables are not in scope or explicitly omit them:
  omit [FiniteDimensional ℝ Tangent] in theorem ...

Note: This linter can be disabled with `set_option linter.unusedSectionVars false`
warning: JanusFormal/Branches/FundamentalGeometryPEJetUniversality/Gates/P0EFTJanusRieszShapeOperatorContinuousStructuredJetReduction.lean:112:0: automatically included section variable(s) unused in theorem `JanusFormal.P0EFTJanusRieszShapeOperatorContinuousStructuredJetReduction.continuousCurvatureFromDerivative_contDiff`:
  [FiniteDimensional ℝ Tangent]
consider restructuring your `variable` declarations so that the variables are not in scope or explicitly omit them:
  omit [FiniteDimensional ℝ Tangent] in theorem ...

Note: This linter can be disabled with `set_option linter.unusedSectionVars false`
warning: JanusFormal/Branches/FundamentalGeometryPEJetUniversality/Gates/P0EFTJanusRieszShapeOperatorContinuousStructuredJetReduction.lean:132:0: automatically included section variable(s) unused in theorem `JanusFormal.P0EFTJanusRieszShapeOperatorContinuousStructuredJetReduction.smoothLowOrderReduction_secondFundamental`:
  [FiniteDimensional ℝ Tangent]
  [FiniteDimensional ℝ Normal]
consider restructuring your `variable` declarations so that the variables are not in scope or explicitly omit them:
  omit [FiniteDimensional ℝ Tangent] [FiniteDimensional ℝ Normal] in theorem ...

Note: This linter can be disabled with `set_option linter.unusedSectionVars false`
warning: JanusFormal/Branches/FundamentalGeometryPEJetUniversality/Gates/P0EFTJanusRieszShapeOperatorContinuousStructuredJetReduction.lean:138:0: automatically included section variable(s) unused in theorem `JanusFormal.P0EFTJanusRieszShapeOperatorContinuousStructuredJetReduction.smoothLowOrderReduction_curvature_apply`:
  [FiniteDimensional ℝ Normal]
consider restructuring your `variable` declarations so that the variables are not in scope or explicitly omit them:
  omit [FiniteDimensional ℝ Normal] in theorem ...

Note: This linter can be disabled with `set_option linter.unusedSectionVars false`
warning: JanusFormal/Branches/FundamentalGeometryPEJetUniversality/Gates/P0EFTJanusRieszShapeOperatorContinuousStructuredJetReduction.lean:145:0: automatically included section variable(s) unused in theorem `JanusFormal.P0EFTJanusRieszShapeOperatorContinuousStructuredJetReduction.smoothLowOrderReduction_contDiff`:
  [FiniteDimensional ℝ Normal]
consider restructuring your `variable` declarations so that the variables are not in scope or explicitly omit them:
  omit [FiniteDimensional ℝ Normal] in theorem ...

Note: This linter can be disabled with `set_option linter.unusedSectionVars false`
⚠ [8830/9191] Replayed JanusFormal.Branches.FundamentalGeometryPEJetUniversality.Gates.P0EFTJanusActualStructuredJetExtraction
warning: JanusFormal/Branches/FundamentalGeometryPEJetUniversality/Gates/P0EFTJanusActualStructuredJetExtraction.lean:53:0: automatically included section variable(s) unused in theorem `JanusFormal.P0EFTJanusActualStructuredJetExtraction.ActualJanusLocalJetData.toStructuredJet_tangentialQuadratic`:
  [FiniteDimensional ℝ Tangent]
  [FiniteDimensional ℝ Normal]
consider restructuring your `variable` declarations so that the variables are not in scope or explicitly omit them:
  omit [FiniteDimensional ℝ Tangent] [FiniteDimensional ℝ Normal] in theorem ...

Note: This linter can be disabled with `set_option linter.unusedSectionVars false`
warning: JanusFormal/Branches/FundamentalGeometryPEJetUniversality/Gates/P0EFTJanusActualStructuredJetExtraction.lean:60:0: automatically included section variable(s) unused in theorem `JanusFormal.P0EFTJanusActualStructuredJetExtraction.ActualJanusLocalJetData.toStructuredJet_normalQuadratic`:
  [FiniteDimensional ℝ Tangent]
  [FiniteDimensional ℝ Normal]
consider restructuring your `variable` declarations so that the variables are not in scope or explicitly omit them:
  omit [FiniteDimensional ℝ Tangent] [FiniteDimensional ℝ Normal] in theorem ...

Note: This linter can be disabled with `set_option linter.unusedSectionVars false`
warning: JanusFormal/Branches/FundamentalGeometryPEJetUniversality/Gates/P0EFTJanusActualStructuredJetExtraction.lean:67:0: automatically included section variable(s) unused in theorem `JanusFormal.P0EFTJanusActualStructuredJetExtraction.ActualJanusLocalJetData.toStructuredJet_connectionDerivative`:
  [FiniteDimensional ℝ Tangent]
  [FiniteDimensional ℝ Normal]
consider restructuring your `variable` declarations so that the variables are not in scope or explicitly omit them:
  omit [FiniteDimensional ℝ Tangent] [FiniteDimensional ℝ Normal] in theorem ...

Note: This linter can be disabled with `set_option linter.unusedSectionVars false`
warning: JanusFormal/Branches/FundamentalGeometryPEJetUniversality/Gates/P0EFTJanusActualStructuredJetExtraction.lean:73:0: automatically included section variable(s) unused in theorem `JanusFormal.P0EFTJanusActualStructuredJetExtraction.ActualJanusLocalJetData.toStructuredJet_isGeometric`:
  [FiniteDimensional ℝ Tangent]
  [FiniteDimensional ℝ Normal]
consider restructuring your `variable` declarations so that the variables are not in scope or explicitly omit them:
  omit [FiniteDimensional ℝ Tangent] [FiniteDimensional ℝ Normal] in theorem ...

Note: This linter can be disabled with `set_option linter.unusedSectionVars false`
warning: JanusFormal/Branches/FundamentalGeometryPEJetUniversality/Gates/P0EFTJanusActualStructuredJetExtraction.lean:89:0: automatically included section variable(s) unused in theorem `JanusFormal.P0EFTJanusActualStructuredJetExtraction.ActualJanusLocalJetData.toReducedJet_secondFundamental`:
  [FiniteDimensional ℝ Tangent]
  [FiniteDimensional ℝ Normal]
consider restructuring your `variable` declarations so that the variables are not in scope or explicitly omit them:
  omit [FiniteDimensional ℝ Tangent] [FiniteDimensional ℝ Normal] in theorem ...

Note: This linter can be disabled with `set_option linter.unusedSectionVars false`
warning: JanusFormal/Branches/FundamentalGeometryPEJetUniversality/Gates/P0EFTJanusActualStructuredJetExtraction.lean:137:0: automatically included section variable(s) unused in theorem `JanusFormal.P0EFTJanusActualStructuredJetExtraction.ActualJanusLocalJetFamilyData.structuredJet_contDiff`:
  [FiniteDimensional ℝ Tangent]
  [FiniteDimensional ℝ Normal]
consider restructuring your `variable` declarations so that the variables are not in scope or explicitly omit them:
  omit [FiniteDimensional ℝ Tangent] [FiniteDimensional ℝ Normal] in theorem ...

Note: This linter can be disabled with `set_option linter.unusedSectionVars false`
⚠ [8833/9191] Replayed JanusFormal.Branches.FundamentalGeometryD8TopologyRepresentation.Gates.P0EFTJanusMappingTorusAmbientSmoothOrthonormalReduction4D
warning: JanusFormal/Branches/FundamentalGeometryD8TopologyRepresentation/Gates/P0EFTJanusMappingTorusAmbientSmoothOrthonormalReduction4D.lean:106:5: Variable name `hSymm` is not explicitly referenced.

The binding can be removed (if unused) or named `_` (if used implicitly).

Note: This linter can be disabled with `set_option linter.unusedVariables false`
warning: JanusFormal/Branches/FundamentalGeometryD8TopologyRepresentation/Gates/P0EFTJanusMappingTorusAmbientSmoothOrthonormalReduction4D.lean:108:5: Variable name `hPos` is not explicitly referenced.

The binding can be removed (if unused) or named `_` (if used implicitly).

Note: This linter can be disabled with `set_option linter.unusedVariables false`
warning: JanusFormal/Branches/FundamentalGeometryD8TopologyRepresentation/Gates/P0EFTJanusMappingTorusAmbientSmoothOrthonormalReduction4D.lean:110:16: Variable name `hx` is not explicitly referenced.

The binding can be removed (if unused) or named `_` (if used implicitly).

Note: This linter can be disabled with `set_option linter.unusedVariables false`
warning: JanusFormal/Branches/FundamentalGeometryD8TopologyRepresentation/Gates/P0EFTJanusMappingTorusAmbientSmoothOrthonormalReduction4D.lean:913:27: This simp argument is unused:
  smul_eq_mul

Hint: Omit it from the simp argument list.
  simp only [map_smul, s̵m̵u̵l̵_̵e̵q̵_̵m̵u̵l̵,̵ ̵basis, localWhitneyOrthonormalBasis_apply]

Note: This linter can be disabled with `set_option linter.unusedSimpArgs false`
⚠ [8837/9191] Replayed JanusFormal.Branches.FundamentalGeometryPVariationalPrinciple.Gates.P0EFTJanusMappingTorusAmbientPinMinusProjectionContinuity4D
warning: JanusFormal/Branches/FundamentalGeometryPVariationalPrinciple/Gates/P0EFTJanusMappingTorusAmbientPinMinusProjectionContinuity4D.lean:191:12: This simp argument is unused:
  QuadraticMap.IsometryEquiv.toLinearEquiv

Hint: Omit it from the simp argument list.
  simp only [ambientOrthogonalToLinearEquiv,̵
  ̵ ̵ ̵ ̵ ̵ ̵ ̵ ̵ ̵ ̵ ̵ ̵ ̵Q̵u̵a̵d̵r̵a̵t̵i̵c̵M̵a̵p̵.̵I̵s̵o̵m̵e̵t̵r̵y̵E̵q̵u̵i̵v̵.̵t̵o̵L̵i̵n̵e̵a̵r̵E̵q̵u̵i̵v̵] at hEqual

Note: This linter can be disabled with `set_option linter.unusedSimpArgs false`
⚠ [8838/9191] Replayed JanusFormal.Branches.FundamentalGeometryPVariationalPrinciple.Gates.P0EFTJanusMappingTorusAmbientPinMinusOrthogonalProjection4D
warning: JanusFormal/Branches/FundamentalGeometryPVariationalPrinciple/Gates/P0EFTJanusMappingTorusAmbientPinMinusOrthogonalProjection4D.lean:61:8: try 'simp' instead of 'simpa'

Note: This linter can be disabled with `set_option linter.unnecessarySimpa false`
warning: JanusFormal/Branches/FundamentalGeometryPVariationalPrinciple/Gates/P0EFTJanusMappingTorusAmbientPinMinusOrthogonalProjection4D.lean:63:8: try 'simp' instead of 'simpa'

Note: This linter can be disabled with `set_option linter.unnecessarySimpa false`
warning: JanusFormal/Branches/FundamentalGeometryPVariationalPrinciple/Gates/P0EFTJanusMappingTorusAmbientPinMinusOrthogonalProjection4D.lean:65:8: try 'simp' instead of 'simpa'

Note: This linter can be disabled with `set_option linter.unnecessarySimpa false`
warning: JanusFormal/Branches/FundamentalGeometryPVariationalPrinciple/Gates/P0EFTJanusMappingTorusAmbientPinMinusOrthogonalProjection4D.lean:67:8: try 'simp' instead of 'simpa'

Note: This linter can be disabled with `set_option linter.unnecessarySimpa false`
⚠ [8839/9191] Replayed JanusFormal.Branches.FundamentalGeometryPVariationalPrinciple.Gates.P0EFTJanusMappingTorusAmbientAtlasDeckLiftEventuallyEq4D
warning: JanusFormal/Branches/FundamentalGeometryPVariationalPrinciple/Gates/P0EFTJanusMappingTorusAmbientAtlasDeckLiftEventuallyEq4D.lean:55:64: This simp argument is unused:
  projection

Hint: Omit it from the simp argument list.
  simp only [ambientAtlasTransition, ambientQuotientLocalChart, p̵r̵o̵j̵e̵c̵t̵i̵o̵n̵,̵
  ̵ ̵ ̵ ̵ ̵firstSection, secondSection,
  ̲  ̲ ̲ ̲firstChart, secondChart, mfld_simps]
  ̵  ̵ ̵ ̵ ̵ ̵at hCoordinate'

Note: This linter can be disabled with `set_option linter.unusedSimpArgs false`
warning: JanusFormal/Branches/FundamentalGeometryPVariationalPrinciple/Gates/P0EFTJanusMappingTorusAmbientAtlasDeckLiftEventuallyEq4D.lean:56:4: This simp argument is unused:
  firstSection

Hint: Omit it from the simp argument list.
  simp only [ambientAtlasTransition, ambientQuotientLocalChart, projection,
  ̵  ̵ ̵ ̵f̵i̵r̵st̵S̵ect̵i̵on,̵ ̵s̵e̵c̵o̵n̵dSection,
  ̲  ̲ ̲ ̲firstChart, secondChart, mfld_simps]
  ̵  ̵ ̵ ̵ ̵ ̵at hCoordinate'

Note: This linter can be disabled with `set_option linter.unusedSimpArgs false`
warning: JanusFormal/Branches/FundamentalGeometryPVariationalPrinciple/Gates/P0EFTJanusMappingTorusAmbientAtlasDeckLiftEventuallyEq4D.lean:56:18: This simp argument is unused:
  secondSection

Hint: Omit it from the simp argument list.
  simp only [ambientAtlasTransition, ambientQuotientLocalChart, projection,
  ̵  ̵ ̵ ̵firstSection,
  ̲ s̵e̵c̵o̵n̵d̵S̵e̵c̵t̵i̵o̵n̵,̵  ̲ ̲firstChart, secondChart, mfld_simps]
  ̵  ̵ ̵ ̵ ̵ ̵at hCoordinate'

Note: This linter can be disabled with `set_option linter.unusedSimpArgs false`
warning: JanusFormal/Branches/FundamentalGeometryPVariationalPrinciple/Gates/P0EFTJanusMappingTorusAmbientAtlasDeckLiftEventuallyEq4D.lean:56:33: This simp argument is unused:
  firstChart

Hint: Omit it from the simp argument list.
  simp only [ambientAtlasTransition, ambientQuotientLocalChart, projection,
  ̵  ̵ ̵ ̵firstSection,
  ̲  ̲ ̲ ̲secondSection, f̵i̵r̵st̵C̵h̵a̵r̵t̵,̵ ̵s̵econdChart, mfld_simps]
  ̵  ̵ ̵ ̵ ̵ ̵at hCoordinate'

Note: This linter can be disabled with `set_option linter.unusedSimpArgs false`
warning: JanusFormal/Branches/FundamentalGeometryPVariationalPrinciple/Gates/P0EFTJanusMappingTorusAmbientAtlasDeckLiftEventuallyEq4D.lean:56:45: This simp argument is unused:
  secondChart

Hint: Omit it from the simp argument list.
  simp only [ambientAtlasTransition, ambientQuotientLocalChart, projection, firstSection,
  ̲  ̲ ̲ ̲secondSection, firstChart, s̵e̵c̵o̵n̵d̵C̵h̵a̵r̵t̵,̵ ̵mfld_simps] at hCoordinate'

Note: This linter can be disabled with `set_option linter.unusedSimpArgs false`
warning: JanusFormal/Branches/FundamentalGeometryPVariationalPrinciple/Gates/P0EFTJanusMappingTorusAmbientAtlasDeckLiftEventuallyEq4D.lean:91:64: This simp argument is unused:
  projection

Hint: Omit it from the simp argument list.
  simp only [ambientAtlasTransition, ambientQuotientLocalChart, p̵r̵o̵j̵e̵c̵t̵i̵o̵n̵,̵
  ̵ ̵ ̵ ̵ ̵firstSection, secondSection,
  ̲  ̲ ̲ ̲firstChart, secondChart, mfld_simps]
  ̵  ̵ ̵ ̵ ̵ ̵at hCoordinate'

Note: This linter can be disabled with `set_option linter.unusedSimpArgs false`
warning: JanusFormal/Branches/FundamentalGeometryPVariationalPrinciple/Gates/P0EFTJanusMappingTorusAmbientAtlasDeckLiftEventuallyEq4D.lean:92:4: This simp argument is unused:
  firstSection

Hint: Omit it from the simp argument list.
  simp only [ambientAtlasTransition, ambientQuotientLocalChart, projection,
  ̵  ̵ ̵ ̵f̵i̵r̵st̵S̵ect̵i̵on,̵ ̵s̵e̵c̵o̵n̵dSection,
  ̲  ̲ ̲ ̲firstChart, secondChart, mfld_simps]
  ̵  ̵ ̵ ̵ ̵ ̵at hCoordinate'

Note: This linter can be disabled with `set_option linter.unusedSimpArgs false`
warning: JanusFormal/Branches/FundamentalGeometryPVariationalPrinciple/Gates/P0EFTJanusMappingTorusAmbientAtlasDeckLiftEventuallyEq4D.lean:92:18: This simp argument is unused:
  secondSection

Hint: Omit it from the simp argument list.
  simp only [ambientAtlasTransition, ambientQuotientLocalChart, projection,
  ̵  ̵ ̵ ̵firstSection,
  ̲ s̵e̵c̵o̵n̵d̵S̵e̵c̵t̵i̵o̵n̵,̵  ̲ ̲firstChart, secondChart, mfld_simps]
  ̵  ̵ ̵ ̵ ̵ ̵at hCoordinate'

Note: This linter can be disabled with `set_option linter.unusedSimpArgs false`
warning: JanusFormal/Branches/FundamentalGeometryPVariationalPrinciple/Gates/P0EFTJanusMappingTorusAmbientAtlasDeckLiftEventuallyEq4D.lean:92:33: This simp argument is unused:
  firstChart

Hint: Omit it from the simp argument list.
  simp only [ambientAtlasTransition, ambientQuotientLocalChart, projection,
  ̵  ̵ ̵ ̵firstSection,
  ̲  ̲ ̲ ̲secondSection, f̵i̵r̵st̵C̵h̵a̵r̵t̵,̵ ̵s̵econdChart, mfld_simps]
  ̵  ̵ ̵ ̵ ̵ ̵at hCoordinate'

Note: This linter can be disabled with `set_option linter.unusedSimpArgs false`
warning: JanusFormal/Branches/FundamentalGeometryPVariationalPrinciple/Gates/P0EFTJanusMappingTorusAmbientAtlasDeckLiftEventuallyEq4D.lean:92:45: This simp argument is unused:
  secondChart

Hint: Omit it from the simp argument list.
  simp only [ambientAtlasTransition, ambientQuotientLocalChart, projection, firstSection,
  ̲  ̲ ̲ ̲secondSection, firstChart, s̵e̵c̵o̵n̵d̵C̵h̵a̵r̵t̵,̵ ̵mfld_simps] at hCoordinate'

Note: This linter can be disabled with `set_option linter.unusedSimpArgs false`
⚠ [8849/9191] Replayed JanusFormal.Branches.FundamentalGeometryPEJetUniversality.Gates.P0EFTJanusConnectionCorrectedActualJetBridge
warning: JanusFormal/Branches/FundamentalGeometryPEJetUniversality/Gates/P0EFTJanusConnectionCorrectedActualJetBridge.lean:75:0: automatically included section variable(s) unused in theorem `JanusFormal.P0EFTJanusConnectionCorrectedActualJetBridge.ConnectionCorrectedActualJanusLocalJetData.covariantSecondDerivative_apply`:
  [FiniteDimensional ℝ Tangent]
consider restructuring your `variable` declarations so that the variables are not in scope or explicitly omit them:
  omit [FiniteDimensional ℝ Tangent] in theorem ...

Note: This linter can be disabled with `set_option linter.unusedSectionVars false`
warning: JanusFormal/Branches/FundamentalGeometryPEJetUniversality/Gates/P0EFTJanusConnectionCorrectedActualJetBridge.lean:85:0: automatically included section variable(s) unused in theorem `JanusFormal.P0EFTJanusConnectionCorrectedActualJetBridge.ConnectionCorrectedActualJanusLocalJetData.normalQuadratic_eq_secondFundamentalForm`:
  [FiniteDimensional ℝ Tangent]
consider restructuring your `variable` declarations so that the variables are not in scope or explicitly omit them:
  omit [FiniteDimensional ℝ Tangent] in theorem ...

Note: This linter can be disabled with `set_option linter.unusedSectionVars false`
warning: JanusFormal/Branches/FundamentalGeometryPEJetUniversality/Gates/P0EFTJanusConnectionCorrectedActualJetBridge.lean:96:0: automatically included section variable(s) unused in theorem `JanusFormal.P0EFTJanusConnectionCorrectedActualJetBridge.ConnectionCorrectedActualJanusLocalJetData.normalQuadratic_symmetric`:
  [FiniteDimensional ℝ Tangent]
consider restructuring your `variable` declarations so that the variables are not in scope or explicitly omit them:
  omit [FiniteDimensional ℝ Tangent] in theorem ...

Note: This linter can be disabled with `set_option linter.unusedSectionVars false`
⚠ [8850/9191] Replayed JanusFormal.Branches.FundamentalGeometryPEJetUniversality.Gates.P0EFTJanusProjectedSeedNormalSpaceTrivialization
warning: JanusFormal/Branches/FundamentalGeometryPEJetUniversality/Gates/P0EFTJanusProjectedSeedNormalSpaceTrivialization.lean:209:0: automatically included section variable(s) unused in theorem `JanusFormal.P0EFTJanusProjectedSeedNormalSpaceTrivialization.transportContinuousSecondFundamentalForm_apply`:
  [FiniteDimensional ℝ Tangent]
  [FiniteDimensional ℝ Normal]
  [FiniteDimensional ℝ NormalSource]
consider restructuring your `variable` declarations so that the variables are not in scope or explicitly omit them:
  omit [FiniteDimensional ℝ Tangent] [FiniteDimensional ℝ Normal] [FiniteDimensional ℝ NormalSource] in theorem ...

Note: This linter can be disabled with `set_option linter.unusedSectionVars false`
⚠ [8851/9191] Replayed JanusFormal.Branches.FundamentalGeometryPEJetUniversality.Gates.P0EFTJanusProjectedSeedSmoothCoefficientTransport
warning: JanusFormal/Branches/FundamentalGeometryPEJetUniversality/Gates/P0EFTJanusProjectedSeedSmoothCoefficientTransport.lean:115:0: automatically included section variable(s) unused in theorem `JanusFormal.P0EFTJanusProjectedSeedSmoothCoefficientTransport.sourceConnectionAmbientCorrection_apply`:
  [FiniteDimensional ℝ Tangent]
  [FiniteDimensional ℝ Ambient]
consider restructuring your `variable` declarations so that the variables are not in scope or explicitly omit them:
  omit [FiniteDimensional ℝ Tangent] [FiniteDimensional ℝ Ambient] in theorem ...

Note: This linter can be disabled with `set_option linter.unusedSectionVars false`
warning: JanusFormal/Branches/FundamentalGeometryPEJetUniversality/Gates/P0EFTJanusProjectedSeedSmoothCoefficientTransport.lean:123:0: automatically included section variable(s) unused in theorem `JanusFormal.P0EFTJanusProjectedSeedSmoothCoefficientTransport.sourceConnectionAmbientCorrection_contDiffOn`:
  [FiniteDimensional ℝ Tangent]
  [FiniteDimensional ℝ Ambient]
consider restructuring your `variable` declarations so that the variables are not in scope or explicitly omit them:
  omit [FiniteDimensional ℝ Tangent] [FiniteDimensional ℝ Ambient] in theorem ...

Note: This linter can be disabled with `set_option linter.unusedSectionVars false`
warning: JanusFormal/Branches/FundamentalGeometryPEJetUniversality/Gates/P0EFTJanusProjectedSeedSmoothCoefficientTransport.lean:151:0: automatically included section variable(s) unused in theorem `JanusFormal.P0EFTJanusProjectedSeedSmoothCoefficientTransport.projectedSeedAmbientCovariantSecondDerivative_apply`:
  [FiniteDimensional ℝ Tangent]
  [FiniteDimensional ℝ Ambient]
consider restructuring your `variable` declarations so that the variables are not in scope or explicitly omit them:
  omit [FiniteDimensional ℝ Tangent] [FiniteDimensional ℝ Ambient] in theorem ...

Note: This linter can be disabled with `set_option linter.unusedSectionVars false`
warning: JanusFormal/Branches/FundamentalGeometryPEJetUniversality/Gates/P0EFTJanusProjectedSeedSmoothCoefficientTransport.lean:202:0: automatically included section variable(s) unused in theorem `JanusFormal.P0EFTJanusProjectedSeedSmoothCoefficientTransport.projectedSeedFixedNormalQuadratic_apply`:
  [FiniteDimensional ℝ Tangent]
  [FiniteDimensional ℝ Normal]
  [FiniteDimensional ℝ Ambient]
consider restructuring your `variable` declarations so that the variables are not in scope or explicitly omit them:
  omit [FiniteDimensional ℝ Tangent] [FiniteDimensional ℝ Normal] [FiniteDimensional ℝ Ambient] in theorem ...

Note: This linter can be disabled with `set_option linter.unusedSectionVars false`
warning: JanusFormal/Branches/FundamentalGeometryPEJetUniversality/Gates/P0EFTJanusProjectedSeedSmoothCoefficientTransport.lean:211:0: automatically included section variable(s) unused in theorem `JanusFormal.P0EFTJanusProjectedSeedSmoothCoefficientTransport.projectedSeedFixedNormalQuadratic_contDiffOn`:
  [FiniteDimensional ℝ Tangent]
  [FiniteDimensional ℝ Normal]
  [FiniteDimensional ℝ Ambient]
consider restructuring your `variable` declarations so that the variables are not in scope or explicitly omit them:
  omit [FiniteDimensional ℝ Tangent] [FiniteDimensional ℝ Normal] [FiniteDimensional ℝ Ambient] in theorem ...

Note: This linter can be disabled with `set_option linter.unusedSectionVars false`
warning: JanusFormal/Branches/FundamentalGeometryPEJetUniversality/Gates/P0EFTJanusProjectedSeedSmoothCoefficientTransport.lean:287:0: automatically included section variable(s) unused in theorem `JanusFormal.P0EFTJanusProjectedSeedSmoothCoefficientTransport.ProjectedSeedSmoothAmbientJetFamilyOn.correctedAmbientSecondDerivative_contDiffOn`:
  [FiniteDimensional ℝ Normal]
consider restructuring your `variable` declarations so that the variables are not in scope or explicitly omit them:
  omit [FiniteDimensional ℝ Normal] in theorem ...

Note: This linter can be disabled with `set_option linter.unusedSectionVars false`
warning: JanusFormal/Branches/FundamentalGeometryPEJetUniversality/Gates/P0EFTJanusProjectedSeedSmoothCoefficientTransport.lean:334:0: automatically included section variable(s) unused in theorem `JanusFormal.P0EFTJanusProjectedSeedSmoothCoefficientTransport.ProjectedSeedSmoothAmbientJetFamilyOn.physicalNormal_contDiffOn`:
  [FiniteDimensional ℝ Tangent]
consider restructuring your `variable` declarations so that the variables are not in scope or explicitly omit them:
  omit [FiniteDimensional ℝ Tangent] in theorem ...

Note: This linter can be disabled with `set_option linter.unusedSectionVars false`
⚠ [8852/9191] Replayed JanusFormal.Branches.FundamentalGeometryPEJetUniversality.Gates.P0EFTJanusProjectedSeedNormalCoefficientOverlap
warning: JanusFormal/Branches/FundamentalGeometryPEJetUniversality/Gates/P0EFTJanusProjectedSeedNormalCoefficientOverlap.lean:109:0: automatically included section variable(s) unused in theorem `JanusFormal.P0EFTJanusProjectedSeedNormalCoefficientOverlap.frameNormalQuadratic_transition_apply`:
  [FiniteDimensional ℝ Tangent]
consider restructuring your `variable` declarations so that the variables are not in scope or explicitly omit them:
  omit [FiniteDimensional ℝ Tangent] in theorem ...

Note: This linter can be disabled with `set_option linter.unusedSectionVars false`
⚠ [8853/9191] Replayed JanusFormal.Branches.FundamentalGeometryPEJetUniversality.Gates.P0EFTJanusProjectedSeedAmbientJetDescent
warning: JanusFormal/Branches/FundamentalGeometryPEJetUniversality/Gates/P0EFTJanusProjectedSeedAmbientJetDescent.lean:178:0: automatically included section variable(s) unused in theorem `JanusFormal.P0EFTJanusProjectedSeedAmbientJetDescent.ProjectedSeedGlobalAmbientJetData.chart_corrected_eq_global`:
  [FiniteDimensional ℝ Normal]
consider restructuring your `variable` declarations so that the variables are not in scope or explicitly omit them:
  omit [FiniteDimensional ℝ Normal] in theorem ...

Note: This linter can be disabled with `set_option linter.unusedSectionVars false`
⚠ [8855/9191] Replayed JanusFormal.Branches.FundamentalGeometryPEJetUniversality.Gates.P0EFTJanusEuclideanImmersionConnectionJetExtraction
warning: JanusFormal/Branches/FundamentalGeometryPEJetUniversality/Gates/P0EFTJanusEuclideanImmersionConnectionJetExtraction.lean:69:0: automatically included section variable(s) unused in theorem `JanusFormal.P0EFTJanusEuclideanImmersionConnectionJetExtraction.EuclideanImmersionConnectionJetData.firstDerivative_contDiff`:
  [FiniteDimensional ℝ Tangent]
  [FiniteDimensional ℝ Ambient]
consider restructuring your `variable` declarations so that the variables are not in scope or explicitly omit them:
  omit [FiniteDimensional ℝ Tangent] [FiniteDimensional ℝ Ambient] in theorem ...

Note: This linter can be disabled with `set_option linter.unusedSectionVars false`
warning: JanusFormal/Branches/FundamentalGeometryPEJetUniversality/Gates/P0EFTJanusEuclideanImmersionConnectionJetExtraction.lean:98:0: automatically included section variable(s) unused in theorem `JanusFormal.P0EFTJanusEuclideanImmersionConnectionJetExtraction.EuclideanImmersionConnectionJetData.connectionDerivative_contDiff`:
  [FiniteDimensional ℝ Tangent]
  [FiniteDimensional ℝ Ambient]
consider restructuring your `variable` declarations so that the variables are not in scope or explicitly omit them:
  omit [FiniteDimensional ℝ Tangent] [FiniteDimensional ℝ Ambient] in theorem ...

Note: This linter can be disabled with `set_option linter.unusedSectionVars false`
warning: JanusFormal/Branches/FundamentalGeometryPEJetUniversality/Gates/P0EFTJanusEuclideanImmersionConnectionJetExtraction.lean:106:0: automatically included section variable(s) unused in theorem `JanusFormal.P0EFTJanusEuclideanImmersionConnectionJetExtraction.EuclideanImmersionConnectionJetData.rawSecond_symmetric`:
  [FiniteDimensional ℝ Tangent]
  [FiniteDimensional ℝ Ambient]
consider restructuring your `variable` declarations so that the variables are not in scope or explicitly omit them:
  omit [FiniteDimensional ℝ Tangent] [FiniteDimensional ℝ Ambient] in theorem ...

Note: This linter can be disabled with `set_option linter.unusedSectionVars false`
warning: JanusFormal/Branches/FundamentalGeometryPEJetUniversality/Gates/P0EFTJanusEuclideanImmersionConnectionJetExtraction.lean:207:0: automatically included section variable(s) unused in theorem `JanusFormal.P0EFTJanusEuclideanImmersionConnectionJetExtraction.EuclideanProjectedSeedImmersionData.correctedAmbientSecondDerivative_apply`:
  [FiniteDimensional ℝ Normal]
  [LinearOrder κ]
  [LocallyFiniteOrderBot κ]
  [WellFoundedLT κ]
consider restructuring your `variable` declarations so that the variables are not in scope or explicitly omit them:
  omit [FiniteDimensional ℝ Normal] [LinearOrder κ] [LocallyFiniteOrderBot κ] [WellFoundedLT κ] in theorem ...

Note: This linter can be disabled with `set_option linter.unusedSectionVars false`
⚠ [8856/9191] Replayed JanusFormal.Branches.FundamentalGeometryPEJetUniversality.Gates.P0EFTJanusEuclideanMetricKoszulConnection
warning: JanusFormal/Branches/FundamentalGeometryPEJetUniversality/Gates/P0EFTJanusEuclideanMetricKoszulConnection.lean:149:0: automatically included section variable(s) unused in theorem `JanusFormal.P0EFTJanusEuclideanMetricKoszulConnection.pullbackAmbientConnection_apply`:
  [FiniteDimensional ℝ Tangent]
  [FiniteDimensional ℝ Ambient]
consider restructuring your `variable` declarations so that the variables are not in scope or explicitly omit them:
  omit [FiniteDimensional ℝ Tangent] [FiniteDimensional ℝ Ambient] in theorem ...

Note: This linter can be disabled with `set_option linter.unusedSectionVars false`
warning: JanusFormal/Branches/FundamentalGeometryPEJetUniversality/Gates/P0EFTJanusEuclideanMetricKoszulConnection.lean:161:0: automatically included section variable(s) unused in theorem `JanusFormal.P0EFTJanusEuclideanMetricKoszulConnection.pullbackAmbientConnection_contDiff`:
  [FiniteDimensional ℝ Ambient]
consider restructuring your `variable` declarations so that the variables are not in scope or explicitly omit them:
  omit [FiniteDimensional ℝ Ambient] in theorem ...

Note: This linter can be disabled with `set_option linter.unusedSectionVars false`
⚠ [8857/9191] Replayed JanusFormal.Branches.FundamentalGeometryPEJetUniversality.Gates.P0EFTJanusDeterminantOrientedReduction
warning: JanusFormal/Branches/FundamentalGeometryPEJetUniversality/Gates/P0EFTJanusDeterminantOrientedReduction.lean:32:0: automatically included section variable(s) unused in theorem `JanusFormal.P0EFTJanusDeterminantOrientedReduction.orthogonalDeterminant_apply`:
  [FiniteDimensional ℝ V]
consider restructuring your `variable` declarations so that the variables are not in scope or explicitly omit them:
  omit [FiniteDimensional ℝ V] in theorem ...

Note: This linter can be disabled with `set_option linter.unusedSectionVars false`
warning: JanusFormal/Branches/FundamentalGeometryPEJetUniversality/Gates/P0EFTJanusDeterminantOrientedReduction.lean:39:0: automatically included section variable(s) unused in theorem `JanusFormal.P0EFTJanusDeterminantOrientedReduction.coe_orthogonalDeterminant_ne_zero`:
  [FiniteDimensional ℝ V]
consider restructuring your `variable` declarations so that the variables are not in scope or explicitly omit them:
  omit [FiniteDimensional ℝ V] in theorem ...

Note: This linter can be disabled with `set_option linter.unusedSectionVars false`
warning: JanusFormal/Branches/FundamentalGeometryPEJetUniversality/Gates/P0EFTJanusDeterminantOrientedReduction.lean:50:0: automatically included section variable(s) unused in theorem `JanusFormal.P0EFTJanusDeterminantOrientedReduction.mem_specialOrthogonalSubgroup_iff`:
  [FiniteDimensional ℝ V]
consider restructuring your `variable` declarations so that the variables are not in scope or explicitly omit them:
  omit [FiniteDimensional ℝ V] in theorem ...

Note: This linter can be disabled with `set_option linter.unusedSectionVars false`
warning: JanusFormal/Branches/FundamentalGeometryPEJetUniversality/Gates/P0EFTJanusDeterminantOrientedReduction.lean:100:0: automatically included section variable(s) unused in theorem `JanusFormal.P0EFTJanusDeterminantOrientedReduction.mem_orientedResidualSubgroup_iff`:
  [FiniteDimensional ℝ TangentModel]
  [FiniteDimensional ℝ NormalModel]
consider restructuring your `variable` declarations so that the variables are not in scope or explicitly omit them:
  omit [FiniteDimensional ℝ TangentModel] [FiniteDimensional ℝ NormalModel] in theorem ...

Note: This linter can be disabled with `set_option linter.unusedSectionVars false`
warning: JanusFormal/Branches/FundamentalGeometryPEJetUniversality/Gates/P0EFTJanusDeterminantOrientedReduction.lean:112:0: automatically included section variable(s) unused in theorem `JanusFormal.P0EFTJanusDeterminantOrientedReduction.orientationPredicate_iff_mem_orientedResidualSubgroup`:
  [FiniteDimensional ℝ TangentModel]
  [FiniteDimensional ℝ NormalModel]
consider restructuring your `variable` declarations so that the variables are not in scope or explicitly omit them:
  omit [FiniteDimensional ℝ TangentModel] [FiniteDimensional ℝ NormalModel] in theorem ...

Note: This linter can be disabled with `set_option linter.unusedSectionVars false`
warning: JanusFormal/Branches/FundamentalGeometryPEJetUniversality/Gates/P0EFTJanusDeterminantOrientedReduction.lean:123:0: automatically included section variable(s) unused in theorem `JanusFormal.P0EFTJanusDeterminantOrientedReduction.determinantOrientedTransition_cocycle`:
  [FiniteDimensional ℝ TangentModel]
  [FiniteDimensional ℝ NormalModel]
consider restructuring your `variable` declarations so that the variables are not in scope or explicitly omit them:
  omit [FiniteDimensional ℝ TangentModel] [FiniteDimensional ℝ NormalModel] in theorem ...

Note: This linter can be disabled with `set_option linter.unusedSectionVars false`
warning: JanusFormal/Branches/FundamentalGeometryPEJetUniversality/Gates/P0EFTJanusDeterminantOrientedReduction.lean:138:0: automatically included section variable(s) unused in theorem `JanusFormal.P0EFTJanusDeterminantOrientedReduction.determinantOrientedTransition_reverse`:
  [FiniteDimensional ℝ TangentModel]
  [FiniteDimensional ℝ NormalModel]
consider restructuring your `variable` declarations so that the variables are not in scope or explicitly omit them:
  omit [FiniteDimensional ℝ TangentModel] [FiniteDimensional ℝ NormalModel] in theorem ...

Note: This linter can be disabled with `set_option linter.unusedSectionVars false`
warning: JanusFormal/Branches/FundamentalGeometryPEJetUniversality/Gates/P0EFTJanusDeterminantOrientedReduction.lean:151:0: automatically included section variable(s) unused in theorem `JanusFormal.P0EFTJanusDeterminantOrientedReduction.orientedResidualSubgroup_carrier`:
  [FiniteDimensional ℝ TangentModel]
  [FiniteDimensional ℝ NormalModel]
consider restructuring your `variable` declarations so that the variables are not in scope or explicitly omit them:
  omit [FiniteDimensional ℝ TangentModel] [FiniteDimensional ℝ NormalModel] in theorem ...

Note: This linter can be disabled with `set_option linter.unusedSectionVars false`
⚠ [8866/9191] Replayed JanusFormal.Branches.FundamentalGeometryPEJetUniversality.Gates.P0EFTJanusEuclideanGlobalSpinCJetRealization
warning: JanusFormal/Branches/FundamentalGeometryPEJetUniversality/Gates/P0EFTJanusEuclideanGlobalSpinCJetRealization.lean:97:5: Variable name `data` is not explicitly referenced.

The binding can be removed (if unused) or named `_` (if used implicitly).

Note: This linter can be disabled with `set_option linter.unusedVariables false`
warning: JanusFormal/Branches/FundamentalGeometryPEJetUniversality/Gates/P0EFTJanusEuclideanGlobalSpinCJetRealization.lean:115:0: automatically included section variable(s) unused in theorem `JanusFormal.P0EFTJanusEuclideanGlobalSpinCJetRealization.EuclideanMetricProjectedSeedImmersionData.immersion_contMDiff`:
  [FiniteDimensional ℝ Normal]
  [LinearOrder κ]
  [LocallyFiniteOrderBot κ]
  [WellFoundedLT κ]
consider restructuring your `variable` declarations so that the variables are not in scope or explicitly omit them:
  omit [FiniteDimensional ℝ Normal] [LinearOrder κ] [LocallyFiniteOrderBot κ] [WellFoundedLT κ] in theorem ...

Note: This linter can be disabled with `set_option linter.unusedSectionVars false`
⚠ [8884/9191] Replayed JanusFormal.Branches.FundamentalGeometryPEJetUniversality.Gates.P0EFTJanusSmoothNotPolynomial
warning: JanusFormal/Branches/FundamentalGeometryPEJetUniversality/Gates/P0EFTJanusSmoothNotPolynomial.lean:72:4: try 'simp' instead of 'simpa'

Note: This linter can be disabled with `set_option linter.unnecessarySimpa false`
⚠ [8928/9191] Replayed JanusFormal.Branches.FundamentalGeometryPVariationalPrinciple.Gates.P0EFTJanusCompleteVariationModuleCore4D
warning: JanusFormal/Branches/FundamentalGeometryPVariationalPrinciple/Gates/P0EFTJanusCompleteVariationModuleCore4D.lean:70:10: `ContinuousLinearMap.add_apply` has been deprecated: Use `add_apply` instead

Note: The updated constant is in a different namespace. Dot notation may need to be changed (e.g., from `x.add_apply` to `add_apply x`).
warning: JanusFormal/Branches/FundamentalGeometryPVariationalPrinciple/Gates/P0EFTJanusCompleteVariationModuleCore4D.lean:80:10: `ContinuousLinearMap.neg_apply` has been deprecated: Use `neg_apply` instead

Note: The updated constant is in a different namespace. Dot notation may need to be changed (e.g., from `x.neg_apply` to `neg_apply x`).
warning: JanusFormal/Branches/FundamentalGeometryPVariationalPrinciple/Gates/P0EFTJanusCompleteVariationModuleCore4D.lean:126:10: `ContinuousLinearMap.smul_apply` has been deprecated: Use `smul_apply` instead

Note: The updated constant is in a different namespace. Dot notation may need to be changed (e.g., from `x.smul_apply` to `smul_apply x`).
warning: JanusFormal/Branches/FundamentalGeometryPVariationalPrinciple/Gates/P0EFTJanusCompleteVariationModuleCore4D.lean:326:2: 'change _ = _ + _' tactic does nothing

Note: This linter can be disabled with `set_option linter.unusedTactic false`
warning: JanusFormal/Branches/FundamentalGeometryPVariationalPrinciple/Gates/P0EFTJanusCompleteVariationModuleCore4D.lean:334:2: 'change _ = scalar * _' tactic does nothing

Note: This linter can be disabled with `set_option linter.unusedTactic false`
⚠ [8932/9191] Replayed JanusFormal.Branches.FundamentalGeometryPVariationalPrinciple.Gates.P0EFTJanusProgramPPrimitiveMonopoleClutchingConnection4D
warning: JanusFormal/Branches/FundamentalGeometryPVariationalPrinciple/Gates/P0EFTJanusProgramPPrimitiveMonopoleClutchingConnection4D.lean:95:4: try 'simp' instead of 'simpa'

Note: This linter can be disabled with `set_option linter.unnecessarySimpa false`
warning: JanusFormal/Branches/FundamentalGeometryPVariationalPrinciple/Gates/P0EFTJanusProgramPPrimitiveMonopoleClutchingConnection4D.lean:258:27: This simp argument is unused:
  Real.sq_sqrt

Hint: Omit it from the simp argument list.
  simp [Fin.sum_univ_succ, Real.sq̵_̵s̵q̵r̵t̵,̵ ̵R̵e̵a̵l̵.̵s̵in_sq_add_cos_sq]

Note: This linter can be disabled with `set_option linter.unusedSimpArgs false`
warning: JanusFormal/Branches/FundamentalGeometryPVariationalPrinciple/Gates/P0EFTJanusProgramPPrimitiveMonopoleClutchingConnection4D.lean:258:41: This simp argument is unused:
  Real.sin_sq_add_cos_sq

Hint: Omit it from the simp argument list.
  simp [Fin.sum_univ_succ, Real.sq_sqrt,̵ ̵R̵e̵a̵l̵.̵s̵i̵n̵_̵s̵q̵_̵a̵d̵d̵_̵c̵o̵s̵_̵s̵q̵]

Note: This linter can be disabled with `set_option linter.unusedSimpArgs false`
warning: JanusFormal/Branches/FundamentalGeometryPVariationalPrinciple/Gates/P0EFTJanusProgramPPrimitiveMonopoleClutchingConnection4D.lean:331:36: Used `tac1 <;> tac2` where `(tac1; tac2)` would suffice

Note: This linter can be disabled with `set_option linter.unnecessarySeqFocus false`
warning: JanusFormal/Branches/FundamentalGeometryPVariationalPrinciple/Gates/P0EFTJanusProgramPPrimitiveMonopoleClutchingConnection4D.lean:343:37: Used `tac1 <;> tac2` where `(tac1; tac2)` would suffice

Note: This linter can be disabled with `set_option linter.unnecessarySeqFocus false`
⚠ [8933/9191] Replayed JanusFormal.Branches.FundamentalGeometryPVariationalPrinciple.Gates.P0EFTJanusProgramPPrimitiveMonopoleSmoothClutching4D
warning: JanusFormal/Branches/FundamentalGeometryPVariationalPrinciple/Gates/P0EFTJanusProgramPPrimitiveMonopoleSmoothClutching4D.lean:89:4: This simp argument is unused:
  Function.comp_def

Hint: Omit it from the simp argument list.
  simp [monopoleSphereXY, monopoleSphereCoordinate,̵
  ̵ ̵ ̵ ̵ ̵F̵u̵n̵c̵t̵i̵o̵n̵.̵c̵o̵m̵p̵_̵d̵e̵f̵]

Note: This linter can be disabled with `set_option linter.unusedSimpArgs false`
⚠ [8943/9191] Replayed JanusFormal.Branches.FundamentalGeometryPVariationalPrinciple.Gates.P0EFTJanusMappingTorusCanonicalDivergenceFreeLLFrame4D
warning: JanusFormal/Branches/FundamentalGeometryPVariationalPrinciple/Gates/P0EFTJanusMappingTorusCanonicalDivergenceFreeLLFrame4D.lean:180:4: try 'simp' instead of 'simpa'

Note: This linter can be disabled with `set_option linter.unnecessarySimpa false`
warning: JanusFormal/Branches/FundamentalGeometryPVariationalPrinciple/Gates/P0EFTJanusMappingTorusCanonicalDivergenceFreeLLFrame4D.lean:252:8: try 'simp' instead of 'simpa'

Note: This linter can be disabled with `set_option linter.unnecessarySimpa false`
warning: JanusFormal/Branches/FundamentalGeometryPVariationalPrinciple/Gates/P0EFTJanusMappingTorusCanonicalDivergenceFreeLLFrame4D.lean:762:2: try 'simp' instead of 'simpa'

Note: This linter can be disabled with `set_option linter.unnecessarySimpa false`
warning: JanusFormal/Branches/FundamentalGeometryPVariationalPrinciple/Gates/P0EFTJanusMappingTorusCanonicalDivergenceFreeLLFrame4D.lean:1332:28: Used `tac1 <;> tac2` where `(tac1; tac2)` would suffice

Note: This linter can be disabled with `set_option linter.unnecessarySeqFocus false`
warning: JanusFormal/Branches/FundamentalGeometryPVariationalPrinciple/Gates/P0EFTJanusMappingTorusCanonicalDivergenceFreeLLFrame4D.lean:1335:34: Used `tac1 <;> tac2` where `(tac1; tac2)` would suffice

Note: This linter can be disabled with `set_option linter.unnecessarySeqFocus false`
warning: JanusFormal/Branches/FundamentalGeometryPVariationalPrinciple/Gates/P0EFTJanusMappingTorusCanonicalDivergenceFreeLLFrame4D.lean:1338:33: Used `tac1 <;> tac2` where `(tac1; tac2)` would suffice

Note: This linter can be disabled with `set_option linter.unnecessarySeqFocus false`
warning: JanusFormal/Branches/FundamentalGeometryPVariationalPrinciple/Gates/P0EFTJanusMappingTorusCanonicalDivergenceFreeLLFrame4D.lean:1341:33: Used `tac1 <;> tac2` where `(tac1; tac2)` would suffice

Note: This linter can be disabled with `set_option linter.unnecessarySeqFocus false`
⚠ [8955/9191] Replayed JanusFormal.Branches.FundamentalGeometryPVariationalPrinciple.Gates.P0EFTJanusCircleHeatFiniteInternalSpaceNuclearTrace4D
warning: JanusFormal/Branches/FundamentalGeometryPVariationalPrinciple/Gates/P0EFTJanusCircleHeatFiniteInternalSpaceNuclearTrace4D.lean:40:0: automatically included section variable(s) unused in theorem `JanusFormal.P0EFTJanusCircleHeatFiniteInternalSpaceNuclearTrace4D.circleFiniteInternalHeat_apply`:
  [Fintype Internal]
  [DecidableEq Internal]
consider restructuring your `variable` declarations so that the variables are not in scope or explicitly omit them:
  omit [Fintype Internal] [DecidableEq Internal] in theorem ...

Note: This linter can be disabled with `set_option linter.unusedSectionVars false`
warning: JanusFormal/Branches/FundamentalGeometryPVariationalPrinciple/Gates/P0EFTJanusCircleHeatFiniteInternalSpaceNuclearTrace4D.lean:158:0: automatically included section variable(s) unused in theorem `JanusFormal.P0EFTJanusCircleHeatFiniteInternalSpaceNuclearTrace4D.circleFiniteInternalNuclearTrace_pt_eq_positive`:
  [DecidableEq Internal]
consider restructuring your `variable` declarations so that the variables are not in scope or explicitly omit them:
  omit [DecidableEq Internal] in theorem ...

Note: This linter can be disabled with `set_option linter.unusedSectionVars false`
⚠ [8956/9191] Replayed JanusFormal.Branches.FundamentalGeometryPVariationalPrinciple.Gates.P0EFTJanusCircleHeatFiniteSectorFamilyNuclearTrace4D
warning: JanusFormal/Branches/FundamentalGeometryPVariationalPrinciple/Gates/P0EFTJanusCircleHeatFiniteSectorFamilyNuclearTrace4D.lean:58:0: automatically included section variable(s) unused in theorem `JanusFormal.P0EFTJanusCircleHeatFiniteSectorFamilyNuclearTrace4D.circleFiniteSectorFamilyHeat_apply`:
  [Fintype Internal]
  [DecidableEq Internal]
consider restructuring your `variable` declarations so that the variables are not in scope or explicitly omit them:
  omit [Fintype Internal] [DecidableEq Internal] in theorem ...

Note: This linter can be disabled with `set_option linter.unusedSectionVars false`
warning: JanusFormal/Branches/FundamentalGeometryPVariationalPrinciple/Gates/P0EFTJanusCircleHeatFiniteSectorFamilyNuclearTrace4D.lean:193:0: automatically included section variable(s) unused in theorem `JanusFormal.P0EFTJanusCircleHeatFiniteSectorFamilyNuclearTrace4D.circleFiniteSectorFamilyNuclearTrace_pt_eq`:
  [DecidableEq Internal]
consider restructuring your `variable` declarations so that the variables are not in scope or explicitly omit them:
  omit [DecidableEq Internal] in theorem ...

Note: This linter can be disabled with `set_option linter.unusedSectionVars false`
⚠ [8960/9191] Replayed JanusFormal.Branches.FundamentalGeometryPVariationalPrinciple.Gates.P0EFTJanusProductThroatNuclearHeatTrace4D
warning: JanusFormal/Branches/FundamentalGeometryPVariationalPrinciple/Gates/P0EFTJanusProductThroatNuclearHeatTrace4D.lean:57:17: This simp argument is unused:
  Prod.fst

Hint: Omit it from the simp argument list.
  simp only [̵P̵r̵o̵d̵.̵f̵s̵t̵,̵ ̵P̵r̵o̵d̵.̵s̵n̵d̵]̵[̲P̲r̲o̲d̲.̲s̲n̲d̲]̲

Note: This linter can be disabled with `set_option linter.unusedSimpArgs false`
warning: JanusFormal/Branches/FundamentalGeometryPVariationalPrinciple/Gates/P0EFTJanusProductThroatNuclearHeatTrace4D.lean:57:27: This simp argument is unused:
  Prod.snd

Hint: Omit it from the simp argument list.
  simp only [Prod.fst,̵ ̵P̵r̵o̵d̵.̵s̵n̵d̵]

Note: This linter can be disabled with `set_option linter.unusedSimpArgs false`
⚠ [8961/9191] Replayed JanusFormal.Branches.FundamentalGeometryPVariationalPrinciple.Gates.P0EFTJanusProductThroatHeatOperator4D
warning: JanusFormal/Branches/FundamentalGeometryPVariationalPrinciple/Gates/P0EFTJanusProductThroatHeatOperator4D.lean:134:17: This simp argument is unused:
  Prod.fst

Hint: Omit it from the simp argument list.
  simp only [̵P̵r̵o̵d̵.̵f̵s̵t̵,̵ ̵P̵r̵o̵d̵.̵s̵n̵d̵]̵[̲P̲r̲o̲d̲.̲s̲n̲d̲]̲

Note: This linter can be disabled with `set_option linter.unusedSimpArgs false`
warning: JanusFormal/Branches/FundamentalGeometryPVariationalPrinciple/Gates/P0EFTJanusProductThroatHeatOperator4D.lean:134:27: This simp argument is unused:
  Prod.snd

Hint: Omit it from the simp argument list.
  simp only [Prod.fst,̵ ̵P̵r̵o̵d̵.̵s̵n̵d̵]

Note: This linter can be disabled with `set_option linter.unusedSimpArgs false`
⚠ [8962/9191] Replayed JanusFormal.Branches.FundamentalGeometryPVariationalPrinciple.Gates.P0EFTJanusProductThroatHeatOperatorNuclearExpansion4D
warning: JanusFormal/Branches/FundamentalGeometryPVariationalPrinciple/Gates/P0EFTJanusProductThroatHeatOperatorNuclearExpansion4D.lean:160:10: This simp argument is unused:
  productThroatHeatRankOne_on_basis

Hint: Omit it from the simp argument list.
  s̵i̵m̵p̵ ̵[̵p̵r̵o̵d̵u̵c̵t̵T̵h̵r̵o̵a̵t̵H̵e̵a̵t̵R̵a̵n̵k̵O̵n̵e̵_̵o̵n̵_̵b̵a̵s̵i̵s̵,̵ ̵h̵O̵t̵h̵e̵r̵]̵s̲i̲m̲p̲ ̲[̲h̲O̲t̲h̲e̲r̲]̲

Note: This linter can be disabled with `set_option linter.unusedSimpArgs false`
⚠ [8970/9191] Replayed JanusFormal.Branches.FundamentalGeometryPVariationalPrinciple.Gates.P0EFTJanusMappingTorusPositiveLatitudeRadialPolarJacobian4D
warning: JanusFormal/Branches/FundamentalGeometryPVariationalPrinciple/Gates/P0EFTJanusMappingTorusPositiveLatitudeRadialPolarJacobian4D.lean:591:30: Used `tac1 <;> tac2` where `(tac1; tac2)` would suffice

Note: This linter can be disabled with `set_option linter.unnecessarySeqFocus false`
⚠ [8985/9191] Replayed JanusFormal.Branches.FundamentalGeometryPVariationalPrinciple.Gates.P0EFTJanusEffectiveD8SmoothVectorFieldFunctor4D
warning: JanusFormal/Branches/FundamentalGeometryPVariationalPrinciple/Gates/P0EFTJanusEffectiveD8SmoothVectorFieldFunctor4D.lean:85:2: try 'simp' instead of 'simpa'

Note: This linter can be disabled with `set_option linter.unnecessarySimpa false`
⚠ [8989/9191] Replayed JanusFormal.Branches.FundamentalGeometryPVariationalPrinciple.Gates.P0EFTJanusComplexDiagonalMaximalOperator4D
warning: JanusFormal/Branches/FundamentalGeometryPVariationalPrinciple/Gates/P0EFTJanusComplexDiagonalMaximalOperator4D.lean:73:0: automatically included section variable(s) unused in theorem `JanusFormal.P0EFTJanusComplexDiagonalMaximalOperator4D.complexDiagonalHilbertCongr_apply`:
  [DecidableEq Mode]
consider restructuring your `variable` declarations so that the variables are not in scope or explicitly omit them:
  omit [DecidableEq Mode] in theorem ...

Note: This linter can be disabled with `set_option linter.unusedSectionVars false`
warning: JanusFormal/Branches/FundamentalGeometryPVariationalPrinciple/Gates/P0EFTJanusComplexDiagonalMaximalOperator4D.lean:134:0: automatically included section variable(s) unused in theorem `JanusFormal.P0EFTJanusComplexDiagonalMaximalOperator4D.complexDiagonalImage_apply`:
  [DecidableEq Mode]
consider restructuring your `variable` declarations so that the variables are not in scope or explicitly omit them:
  omit [DecidableEq Mode] in theorem ...

Note: This linter can be disabled with `set_option linter.unusedSectionVars false`
warning: JanusFormal/Branches/FundamentalGeometryPVariationalPrinciple/Gates/P0EFTJanusComplexDiagonalMaximalOperator4D.lean:314:0: automatically included section variable(s) unused in theorem `JanusFormal.P0EFTJanusComplexDiagonalMaximalOperator4D.complexDiagonalWeight_ne_zero_of_gap`:
  [DecidableEq Mode]
consider restructuring your `variable` declarations so that the variables are not in scope or explicitly omit them:
  omit [DecidableEq Mode] in theorem ...

Note: This linter can be disabled with `set_option linter.unusedSectionVars false`
warning: JanusFormal/Branches/FundamentalGeometryPVariationalPrinciple/Gates/P0EFTJanusComplexDiagonalMaximalOperator4D.lean:325:0: automatically included section variable(s) unused in theorem `JanusFormal.P0EFTJanusComplexDiagonalMaximalOperator4D.complexDiagonalInverseCoefficient_norm_le`:
  [DecidableEq Mode]
consider restructuring your `variable` declarations so that the variables are not in scope or explicitly omit them:
  omit [DecidableEq Mode] in theorem ...

Note: This linter can be disabled with `set_option linter.unusedSectionVars false`
⚠ [9004/9191] Replayed JanusFormal.Branches.FundamentalGeometryPVariationalPrinciple.Gates.P0EFTJanusMappingTorusGeneralLorentzMetricLocalScalarRaisedGradientDerivative4D
warning: JanusFormal/Branches/FundamentalGeometryPVariationalPrinciple/Gates/P0EFTJanusMappingTorusGeneralLorentzMetricLocalScalarRaisedGradientDerivative4D.lean:130:17: `ContinuousLinearMap.sum_apply` has been deprecated: Use `sum_apply` instead

Note: The updated constant is in a different namespace. Dot notation may need to be changed (e.g., from `x.sum_apply` to `sum_apply x`).
warning: JanusFormal/Branches/FundamentalGeometryPVariationalPrinciple/Gates/P0EFTJanusMappingTorusGeneralLorentzMetricLocalScalarRaisedGradientDerivative4D.lean:134:17: `ContinuousLinearMap.add_apply` has been deprecated: Use `add_apply` instead

Note: The updated constant is in a different namespace. Dot notation may need to be changed (e.g., from `x.add_apply` to `add_apply x`).
warning: JanusFormal/Branches/FundamentalGeometryPVariationalPrinciple/Gates/P0EFTJanusMappingTorusGeneralLorentzMetricLocalScalarRaisedGradientDerivative4D.lean:134:48: `ContinuousLinearMap.smul_apply` has been deprecated: Use `smul_apply` instead

Note: The updated constant is in a different namespace. Dot notation may need to be changed (e.g., from `x.smul_apply` to `smul_apply x`).
warning: JanusFormal/Branches/FundamentalGeometryPVariationalPrinciple/Gates/P0EFTJanusMappingTorusGeneralLorentzMetricLocalScalarRaisedGradientDerivative4D.lean:130:48: This simp argument is unused:
  Finset.sum_apply

Hint: Omit it from the simp argument list.
  simp only [ContinuousLinearMap.sum_apply,̵ ̵F̵i̵n̵s̵e̵t̵.̵s̵u̵m̵_̵a̵p̵p̵l̵y̵]

Note: This linter can be disabled with `set_option linter.unusedSimpArgs false`
⚠ [9006/9191] Replayed JanusFormal.Branches.FundamentalGeometryPVariationalPrinciple.Gates.P0EFTJanusMappingTorusGeneralLorentzMetricLocalScalarGreenCoordinateDerivative4D
warning: JanusFormal/Branches/FundamentalGeometryPVariationalPrinciple/Gates/P0EFTJanusMappingTorusGeneralLorentzMetricLocalScalarGreenCoordinateDerivative4D.lean:128:17: `ContinuousLinearMap.add_apply` has been deprecated: Use `add_apply` instead

Note: The updated constant is in a different namespace. Dot notation may need to be changed (e.g., from `x.add_apply` to `add_apply x`).
warning: JanusFormal/Branches/FundamentalGeometryPVariationalPrinciple/Gates/P0EFTJanusMappingTorusGeneralLorentzMetricLocalScalarGreenCoordinateDerivative4D.lean:128:48: `ContinuousLinearMap.smul_apply` has been deprecated: Use `smul_apply` instead

Note: The updated constant is in a different namespace. Dot notation may need to be changed (e.g., from `x.smul_apply` to `smul_apply x`).
warning: JanusFormal/Branches/FundamentalGeometryPVariationalPrinciple/Gates/P0EFTJanusMappingTorusGeneralLorentzMetricLocalScalarGreenCoordinateDerivative4D.lean:220:17: `ContinuousLinearMap.add_apply` has been deprecated: Use `add_apply` instead

Note: The updated constant is in a different namespace. Dot notation may need to be changed (e.g., from `x.add_apply` to `add_apply x`).
warning: JanusFormal/Branches/FundamentalGeometryPVariationalPrinciple/Gates/P0EFTJanusMappingTorusGeneralLorentzMetricLocalScalarGreenCoordinateDerivative4D.lean:220:48: `ContinuousLinearMap.smul_apply` has been deprecated: Use `smul_apply` instead

Note: The updated constant is in a different namespace. Dot notation may need to be changed (e.g., from `x.smul_apply` to `smul_apply x`).
⚠ [9014/9191] Replayed JanusFormal.Branches.FundamentalGeometryPVariationalPrinciple.Gates.P0EFTJanusMappingTorusCanonicalLatitudeNormalAdaptedHolonomicChart4D
warning: JanusFormal/Branches/FundamentalGeometryPVariationalPrinciple/Gates/P0EFTJanusMappingTorusCanonicalLatitudeNormalAdaptedHolonomicChart4D.lean:118:2: Try `simp at this` instead of `simpa using this`

Note: This linter can be disabled with `set_option linter.unnecessarySimpa false`
warning: JanusFormal/Branches/FundamentalGeometryPVariationalPrinciple/Gates/P0EFTJanusMappingTorusCanonicalLatitudeNormalAdaptedHolonomicChart4D.lean:177:4: Try `simp at hUnit` instead of `simpa using hUnit`

Note: This linter can be disabled with `set_option linter.unnecessarySimpa false`
⚠ [9031/9520] Replayed JanusFormal.Branches.FundamentalGeometryPVariationalPrinciple.Gates.P0EFTJanusMappingTorusCanonicalLatitudeCauchyJetPhysicalCollarMap4D
warning: JanusFormal/Branches/FundamentalGeometryPVariationalPrinciple/Gates/P0EFTJanusMappingTorusCanonicalLatitudeCauchyJetPhysicalCollarMap4D.lean:40:6: This simp argument is unused:
  mappingTorusVAdd

Hint: Omit it from the simp argument list.
  simp [canonicalLatitudeAnchor, canonicalLatitudeBaseDeck, m̵a̵p̵p̵i̵n̵g̵T̵o̵r̵u̵s̵V̵A̵d̵d̵,̵ ̵fixedEquatorData]

Note: This linter can be disabled with `set_option linter.unusedSimpArgs false`
warning: JanusFormal/Branches/FundamentalGeometryPVariationalPrinciple/Gates/P0EFTJanusMappingTorusCanonicalLatitudeCauchyJetPhysicalCollarMap4D.lean:42:6: This simp argument is unused:
  mappingTorusVAdd

Hint: Omit it from the simp argument list.
  simp [canonicalLatitudeAnchor, canonicalLatitudeBaseDeck, m̵a̵p̵p̵i̵n̵g̵T̵o̵r̵u̵s̵V̵A̵d̵d̵,̵ ̵fixedEquatorData]

Note: This linter can be disabled with `set_option linter.unusedSimpArgs false`
warning: JanusFormal/Branches/FundamentalGeometryPVariationalPrinciple/Gates/P0EFTJanusMappingTorusCanonicalLatitudeCauchyJetPhysicalCollarMap4D.lean:54:13: This simp argument is unused:
  Prod.fst

Hint: Omit it from the simp argument list.
  simp only [̵P̵r̵o̵d̵.̵f̵s̵t̵,̵ ̵P̵r̵o̵d̵.̵s̵n̵d̵]̵[̲P̲r̲o̲d̲.̲s̲n̲d̲]̲

Note: This linter can be disabled with `set_option linter.unusedSimpArgs false`
warning: JanusFormal/Branches/FundamentalGeometryPVariationalPrinciple/Gates/P0EFTJanusMappingTorusCanonicalLatitudeCauchyJetPhysicalCollarMap4D.lean:54:23: This simp argument is unused:
  Prod.snd

Hint: Omit it from the simp argument list.
  simp only [Prod.fst,̵ ̵P̵r̵o̵d̵.̵s̵n̵d̵]

Note: This linter can be disabled with `set_option linter.unusedSimpArgs false`
⚠ [9081/9520] Replayed JanusFormal.Branches.FundamentalGeometryPVariationalPrinciple.Gates.P0EFTJanusMappingTorusAmbientPinMinusProjectionKernel4D
warning: JanusFormal/Branches/FundamentalGeometryPVariationalPrinciple/Gates/P0EFTJanusMappingTorusAmbientPinMinusProjectionKernel4D.lean:599:4: try 'simp' instead of 'simpa'

Note: This linter can be disabled with `set_option linter.unnecessarySimpa false`
⚠ [9082/9520] Replayed JanusFormal.Branches.FundamentalGeometryPVariationalPrinciple.Gates.P0EFTJanusMappingTorusAmbientPinMinusCompactness4D
warning: JanusFormal/Branches/FundamentalGeometryPVariationalPrinciple/Gates/P0EFTJanusMappingTorusAmbientPinMinusCompactness4D.lean:49:4: try 'simp' instead of 'simpa'

Note: This linter can be disabled with `set_option linter.unnecessarySimpa false`
warning: JanusFormal/Branches/FundamentalGeometryPVariationalPrinciple/Gates/P0EFTJanusMappingTorusAmbientPinMinusCompactness4D.lean:279:10: try 'simp' instead of 'simpa'

Note: This linter can be disabled with `set_option linter.unnecessarySimpa false`
warning: JanusFormal/Branches/FundamentalGeometryPVariationalPrinciple/Gates/P0EFTJanusMappingTorusAmbientPinMinusCompactness4D.lean:300:10: try 'simp' instead of 'simpa'

Note: This linter can be disabled with `set_option linter.unnecessarySimpa false`
⚠ [9102/9520] Replayed JanusFormal.Branches.FundamentalGeometryPVariationalPrinciple.Gates.P0EFTJanusProgramPD9MatterSpinorCliffordActionNoGo4D
warning: JanusFormal/Branches/FundamentalGeometryPVariationalPrinciple/Gates/P0EFTJanusProgramPD9MatterSpinorCliffordActionNoGo4D.lean:104:2: Try `simp at hEntry` instead of `simpa using hEntry`

Note: This linter can be disabled with `set_option linter.unnecessarySimpa false`
⚠ [9115/9520] Replayed JanusFormal.Branches.FundamentalGeometryPVariationalPrinciple.Gates.P0EFTJanusProgramPD9MatterSpinorDoubledIntrinsicDiracOperator4D
warning: JanusFormal/Branches/FundamentalGeometryPVariationalPrinciple/Gates/P0EFTJanusProgramPD9MatterSpinorDoubledIntrinsicDiracOperator4D.lean:113:4: try 'simp' instead of 'simpa'

Note: This linter can be disabled with `set_option linter.unnecessarySimpa false`
⚠ [9116/9520] Replayed JanusFormal.Branches.FundamentalGeometryPVariationalPrinciple.Gates.P0EFTJanusProgramPD9MatterSpinorLeviCivitaConnection4D
warning: JanusFormal/Branches/FundamentalGeometryPVariationalPrinciple/Gates/P0EFTJanusProgramPD9MatterSpinorLeviCivitaConnection4D.lean:119:4: try 'simp' instead of 'simpa'

Note: This linter can be disabled with `set_option linter.unnecessarySimpa false`
warning: JanusFormal/Branches/FundamentalGeometryPVariationalPrinciple/Gates/P0EFTJanusProgramPD9MatterSpinorLeviCivitaConnection4D.lean:194:42: This simp argument is unused:
  smul_add

Hint: Omit it from the simp argument list.
  simp [d9LeviCivitaSpinCorrection, d9UnitRadialClifford,
  ̵  ̵ ̵ ̵Fin.sum_univ_succ,
  ̲  ̲ ̲ ̲d9DoubledMatterFiberCliffordGammaCLM_apply,
  ̵  ̵ ̵ ̵d9DoubledMatterFiberCliffordGamma_sq, s̵m̵u̵l̵_̵add,̵ ̵a̵d̵d̵_smul]

Note: This linter can be disabled with `set_option linter.unusedSimpArgs false`
warning: JanusFormal/Branches/FundamentalGeometryPVariationalPrinciple/Gates/P0EFTJanusProgramPD9MatterSpinorLeviCivitaConnection4D.lean:194:52: This simp argument is unused:
  add_smul

Hint: Omit it from the simp argument list.
  simp [d9LeviCivitaSpinCorrection, d9UnitRadialClifford,
  ̵  ̵ ̵ ̵Fin.sum_univ_succ,
  ̲  ̲ ̲ ̲d9DoubledMatterFiberCliffordGammaCLM_apply,
  ̵  ̵ ̵ ̵d9DoubledMatterFiberCliffordGamma_sq, smul_add,̵ ̵a̵d̵d̵_̵s̵m̵u̵l̵]

Note: This linter can be disabled with `set_option linter.unusedSimpArgs false`
warning: JanusFormal/Branches/FundamentalGeometryPVariationalPrinciple/Gates/P0EFTJanusProgramPD9MatterSpinorLeviCivitaConnection4D.lean:212:15: This simp argument is unused:
  d9LeviCivitaSpinCorrection

Hint: Omit it from the simp argument list.
  simp only [d̵9̵L̵e̵v̵i̵C̵i̵v̵i̵t̵a̵S̵p̵i̵n̵C̵o̵r̵r̵e̵c̵t̵i̵o̵n̵,̵ ̵hSame, ↓reduceIte]

Note: This linter can be disabled with `set_option linter.unusedSimpArgs false`
warning: JanusFormal/Branches/FundamentalGeometryPVariationalPrinciple/Gates/P0EFTJanusProgramPD9MatterSpinorLeviCivitaConnection4D.lean:378:2: 'change
  d9UnitRadialCoordinate period hPeriod direction (winding +ᵥ point) •
      d9DoubledMatterFiberCliffordGammaCLM direction (lift (winding +ᵥ point)) =
    d9DoubledMatterSpinorMonodromyCLM choice winding
      (d9UnitRadialCoordinate period hPeriod direction point •
        d9DoubledMatterFiberCliffordGammaCLM direction (lift point))' tactic does nothing

Note: This linter can be disabled with `set_option linter.unusedTactic false`
⚠ [9118/9520] Replayed JanusFormal.Branches.FundamentalGeometryPVariationalPrinciple.Gates.P0EFTJanusProgramPD9PrimitiveSpinCBundle4D
warning: JanusFormal/Branches/FundamentalGeometryPVariationalPrinciple/Gates/P0EFTJanusProgramPD9PrimitiveSpinCBundle4D.lean:166:35: This simp argument is unused:
  Matrix.mulVec

Hint: Omit it from the simp argument list.
  simp [d9MatterSpinorMonodromy, M̵a̵t̵r̵i̵x̵.̵m̵u̵l̵V̵e̵c̵,̵ ̵dotProduct, Fin.sum_univ_succ]

Note: This linter can be disabled with `set_option linter.unusedSimpArgs false`
warning: JanusFormal/Branches/FundamentalGeometryPVariationalPrinciple/Gates/P0EFTJanusProgramPD9PrimitiveSpinCBundle4D.lean:166:50: This simp argument is unused:
  dotProduct

Hint: Omit it from the simp argument list.
  simp [d9MatterSpinorMonodromy, Matrix.mulVec, d̵o̵t̵P̵r̵o̵d̵u̵c̵t̵,̵
  ̵ ̵ ̵ ̵ ̵ ̵ ̵Fin.sum_univ_succ]

Note: This linter can be disabled with `set_option linter.unusedSimpArgs false`
warning: JanusFormal/Branches/FundamentalGeometryPVariationalPrinciple/Gates/P0EFTJanusProgramPD9PrimitiveSpinCBundle4D.lean:167:6: This simp argument is unused:
  Fin.sum_univ_succ

Hint: Omit it from the simp argument list.
  simp [d9MatterSpinorMonodromy, Matrix.mulVec, dotProduct,̵
  ̵ ̵ ̵ ̵ ̵ ̵ ̵F̵i̵n̵.̵s̵u̵m̵_̵u̵n̵i̵v̵_̵s̵u̵c̵c̵]

Note: This linter can be disabled with `set_option linter.unusedSimpArgs false`
⚠ [9120/9520] Replayed JanusFormal.Branches.FundamentalGeometryPVariationalPrinciple.Gates.P0EFTJanusProgramPD9PrimitiveSpinCConnection4D
warning: JanusFormal/Branches/FundamentalGeometryPVariationalPrinciple/Gates/P0EFTJanusProgramPD9PrimitiveSpinCConnection4D.lean:37:4: try 'simp' instead of 'simpa'

Note: This linter can be disabled with `set_option linter.unnecessarySimpa false`
⚠ [9155/9520] Replayed JanusFormal.Branches.FundamentalGeometryPVariationalPrinciple.Gates.P0EFTJanusMappingTorusCutBulkSmoothScalarGreenCurrentCollarFlux4D
warning: JanusFormal/Branches/FundamentalGeometryPVariationalPrinciple/Gates/P0EFTJanusMappingTorusCutBulkSmoothScalarGreenCurrentCollarFlux4D.lean:101:13: `ContinuousLinearMap.sub_apply` has been deprecated: Use `sub_apply` instead

Note: The updated constant is in a different namespace. Dot notation may need to be changed (e.g., from `x.sub_apply` to `sub_apply x`).
warning: JanusFormal/Branches/FundamentalGeometryPVariationalPrinciple/Gates/P0EFTJanusMappingTorusCutBulkSmoothScalarGreenCurrentCollarFlux4D.lean:101:44: `ContinuousLinearMap.smul_apply` has been deprecated: Use `smul_apply` instead

Note: The updated constant is in a different namespace. Dot notation may need to be changed (e.g., from `x.smul_apply` to `smul_apply x`).
⚠ [9193/9520] Replayed JanusFormal.Branches.FundamentalGeometryPVariationalPrinciple.Gates.P0EFTJanusProgramPPrimitiveMonopoleZeroModeSection4D
warning: JanusFormal/Branches/FundamentalGeometryPVariationalPrinciple/Gates/P0EFTJanusProgramPPrimitiveMonopoleZeroModeSection4D.lean:44:4: try 'simp' instead of 'simpa'

Note: This linter can be disabled with `set_option linter.unnecessarySimpa false`
warning: JanusFormal/Branches/FundamentalGeometryPVariationalPrinciple/Gates/P0EFTJanusProgramPPrimitiveMonopoleZeroModeSection4D.lean:179:6: This simp argument is unused:
  Complex.mul_re

Hint: Omit it from the simp argument list.
  simp only [monopoleSphereXY, monopoleSphereCoordinate, C̵o̵m̵p̵l̵e̵x̵.̵m̵u̵l̵_̵r̵e̵,̵ ̵Complex.mul_im]

Note: This linter can be disabled with `set_option linter.unusedSimpArgs false`
warning: JanusFormal/Branches/FundamentalGeometryPVariationalPrinciple/Gates/P0EFTJanusProgramPPrimitiveMonopoleZeroModeSection4D.lean:179:22: This simp argument is unused:
  Complex.mul_im

Hint: Omit it from the simp argument list.
  simp only [monopoleSphereXY, monopoleSphereCoordinate, C̵o̵m̵p̵l̵e̵x̵.̵m̵u̵l̵_̵r̵e̵,̵ ̵C̵o̵m̵p̵l̵e̵x̵.̵m̵u̵l̵_̵i̵m̵]̵C̲o̲m̲p̲l̲e̲x̲.̲m̲u̲l̲_̲r̲e̲]̲

Note: This linter can be disabled with `set_option linter.unusedSimpArgs false`
⚠ [9194/9520] Replayed JanusFormal.Branches.FundamentalGeometryPVariationalPrinciple.Gates.P0EFTJanusProgramPD9PrimitiveSpinCNormalModeSection4D
info: JanusFormal/Branches/FundamentalGeometryPVariationalPrinciple/Gates/P0EFTJanusProgramPD9PrimitiveSpinCNormalModeSection4D.lean:244:4: Try this:
  [apply] ring_nf
  
  The `ring` tactic failed to close the goal. Use `ring_nf` to obtain a normal form.
    
  Note that `ring` works primarily in *commutative* rings. If you have a noncommutative ring, abelian group or module, consider using `noncomm_ring`, `abel` or `module` instead.
warning: JanusFormal/Branches/FundamentalGeometryPVariationalPrinciple/Gates/P0EFTJanusProgramPD9PrimitiveSpinCNormalModeSection4D.lean:243:36: Used `tac1 <;> tac2` where `(tac1; tac2)` would suffice

Note: This linter can be disabled with `set_option linter.unnecessarySeqFocus false`
warning: JanusFormal/Branches/FundamentalGeometryPVariationalPrinciple/Gates/P0EFTJanusProgramPD9PrimitiveSpinCNormalModeSection4D.lean:386:27: 'ring' tactic does nothing

Note: This linter can be disabled with `set_option linter.unusedTactic false`
warning: JanusFormal/Branches/FundamentalGeometryPVariationalPrinciple/Gates/P0EFTJanusProgramPD9PrimitiveSpinCNormalModeSection4D.lean:386:27: this tactic is never executed

Note: This linter can be disabled with `set_option linter.unreachableTactic false`
warning: JanusFormal/Branches/FundamentalGeometryPVariationalPrinciple/Gates/P0EFTJanusProgramPD9PrimitiveSpinCNormalModeSection4D.lean:462:6: This simp argument is unused:
  Matrix.mulVec

Hint: Omit it from the simp argument list.
  simp [d9MatterSpinorMonodromy,
  ̵  ̵ ̵ ̵ ̵ ̵d9MatterGammaPositiveEigenvector,
  ̵  ̵ ̵ ̵ ̵ ̵d9MatterComplexAction,
        ambientHalfGammaPositiveEigenvector,
  ̵  ̵ ̵ ̵ ̵ ̵ambientHalfGammaGeneratorUnit,
  ̵  ̵ ̵ ̵ ̵ ̵ambientHalfGammaGenerator,
        normalRootSpinFrameGeneratorMultiplier,
  ̵  ̵ ̵ ̵ ̵ ̵quarterRootRepresentation, normalRootMultiplier,
        M̵a̵t̵r̵i̵x̵.̵m̵u̵l̵V̵e̵c̵,̵ ̵dotProduct, Fin.sum_univ_succ,
  ̵  ̵ ̵ ̵ ̵ ̵Complex.I_mul_I]

Note: This linter can be disabled with `set_option linter.unusedSimpArgs false`
warning: JanusFormal/Branches/FundamentalGeometryPVariationalPrinciple/Gates/P0EFTJanusProgramPD9PrimitiveSpinCNormalModeSection4D.lean:462:21: This simp argument is unused:
  dotProduct

Hint: Omit it from the simp argument list.
  simp [d9MatterSpinorMonodromy,
  ̵  ̵ ̵ ̵ ̵ ̵d9MatterGammaPositiveEigenvector,
  ̵  ̵ ̵ ̵ ̵ ̵d9MatterComplexAction,
        ambientHalfGammaPositiveEigenvector,
  ̵  ̵ ̵ ̵ ̵ ̵ambientHalfGammaGeneratorUnit,
  ̵  ̵ ̵ ̵ ̵ ̵ambientHalfGammaGenerator,
        normalRootSpinFrameGeneratorMultiplier,
  ̵  ̵ ̵ ̵ ̵ ̵quarterRootRepresentation, normalRootMultiplier,
        Matrix.mulVec, d̵o̵t̵P̵r̵o̵d̵u̵c̵t̵,̵ ̵Fin.sum_univ_succ,
  ̵  ̵ ̵ ̵ ̵ ̵Complex.I_mul_I]

Note: This linter can be disabled with `set_option linter.unusedSimpArgs false`
warning: JanusFormal/Branches/FundamentalGeometryPVariationalPrinciple/Gates/P0EFTJanusProgramPD9PrimitiveSpinCNormalModeSection4D.lean:462:33: This simp argument is unused:
  Fin.sum_univ_succ

Hint: Omit it from the simp argument list.
  simp [d9MatterSpinorMonodromy,
  ̵  ̵ ̵ ̵ ̵ ̵d9MatterGammaPositiveEigenvector,
  ̵  ̵ ̵ ̵ ̵ ̵d9MatterComplexAction,
        ambientHalfGammaPositiveEigenvector,
  ̵  ̵ ̵ ̵ ̵ ̵ambientHalfGammaGeneratorUnit,
  ̵  ̵ ̵ ̵ ̵ ̵ambientHalfGammaGenerator,
        normalRootSpinFrameGeneratorMultiplier,
  ̵  ̵ ̵ ̵ ̵ ̵quarterRootRepresentation, normalRootMultiplier,
        Matrix.mulVec, dotProduct, F̵i̵n̵.̵s̵u̵m̵_̵u̵n̵i̵v̵_̵s̵u̵c̵c̵,̵
  ̵ ̵ ̵ ̵ ̵ ̵ ̵Complex.I_mul_I]

Note: This linter can be disabled with `set_option linter.unusedSimpArgs false`
warning: JanusFormal/Branches/FundamentalGeometryPVariationalPrinciple/Gates/P0EFTJanusProgramPD9PrimitiveSpinCNormalModeSection4D.lean:464:4: 'ring' tactic does nothing

Note: This linter can be disabled with `set_option linter.unusedTactic false`
warning: JanusFormal/Branches/FundamentalGeometryPVariationalPrinciple/Gates/P0EFTJanusProgramPD9PrimitiveSpinCNormalModeSection4D.lean:464:4: this tactic is never executed

Note: This linter can be disabled with `set_option linter.unreachableTactic false`
⚠ [9195/9520] Replayed JanusFormal.Branches.FundamentalGeometryPVariationalPrinciple.Gates.P0EFTJanusProgramPD9PrimitiveSpinCHopfZeroModeSection4D
warning: JanusFormal/Branches/FundamentalGeometryPVariationalPrinciple/Gates/P0EFTJanusProgramPD9PrimitiveSpinCHopfZeroModeSection4D.lean:538:55: This simp argument is unused:
  map_neg

Hint: Omit it from the simp argument list.
  simp only [d9PrimitiveSpinCHopfFirstFrameCLM_apply,
  ̵  ̵ ̵ ̵d9PrimitiveSpinCHopfSecondFrameCLM_apply,
  ̲ m̵a̵p̵_̵a̵d̵d̵,̵  ̲ ̲map_n̵e̵g̵a̲d̲d̲]

Note: This linter can be disabled with `set_option linter.unusedSimpArgs false`
warning: JanusFormal/Branches/FundamentalGeometryPVariationalPrinciple/Gates/P0EFTJanusProgramPD9PrimitiveSpinCHopfZeroModeSection4D.lean:565:28: This simp argument is unused:
  Complex.I_mul_I

Hint: Omit it from the simp argument list.
  simp [sub_eq_add_neg,̵ ̵C̵o̵m̵p̵l̵e̵x̵.̵I̵_̵m̵u̵l̵_̵I̵]

Note: This linter can be disabled with `set_option linter.unusedSimpArgs false`
warning: JanusFormal/Branches/FundamentalGeometryPVariationalPrinciple/Gates/P0EFTJanusProgramPD9PrimitiveSpinCHopfZeroModeSection4D.lean:586:28: This simp argument is unused:
  Complex.I_mul_I

Hint: Omit it from the simp argument list.
  simp [sub_eq_add_neg,̵ ̵C̵o̵m̵p̵l̵e̵x̵.̵I̵_̵m̵u̵l̵_̵I̵]

Note: This linter can be disabled with `set_option linter.unusedSimpArgs false`
⚠ [9199/9520] Replayed JanusFormal.Branches.FundamentalGeometryPVariationalPrinciple.Gates.P0EFTJanusProgramPD9PrimitiveMonopolePhaseDerivative4D
warning: JanusFormal/Branches/FundamentalGeometryPVariationalPrinciple/Gates/P0EFTJanusProgramPD9PrimitiveMonopolePhaseDerivative4D.lean:58:13: `ContinuousLinearMap.smul_apply` has been deprecated: Use `smul_apply` instead

Note: The updated constant is in a different namespace. Dot notation may need to be changed (e.g., from `x.smul_apply` to `smul_apply x`).
warning: JanusFormal/Branches/FundamentalGeometryPVariationalPrinciple/Gates/P0EFTJanusProgramPD9PrimitiveMonopolePhaseDerivative4D.lean:58:45: `ContinuousLinearMap.coe_smul'` has been deprecated: Use `FunLike.coe_smul` instead

Note: The updated constant is in a different namespace. Dot notation may need to be changed (e.g., from `x.coe_smul'` to `FunLike.coe_smul x`).
warning: JanusFormal/Branches/FundamentalGeometryPVariationalPrinciple/Gates/P0EFTJanusProgramPD9PrimitiveMonopolePhaseDerivative4D.lean:58:45: This simp argument is unused:
  ContinuousLinearMap.coe_smul'

Hint: Omit it from the simp argument list.
  simp only [ContinuousLinearMap.smul_apply, C̵o̵n̵t̵i̵n̵u̵o̵u̵s̵L̵i̵n̵e̵a̵r̵M̵a̵p̵.̵c̵o̵e̵_̵s̵m̵u̵l̵'̵,̵
  ̵ ̵ ̵ ̵ ̵Pi.smul_apply, smul_eq_mul]

Note: This linter can be disabled with `set_option linter.unusedSimpArgs false`
warning: JanusFormal/Branches/FundamentalGeometryPVariationalPrinciple/Gates/P0EFTJanusProgramPD9PrimitiveMonopolePhaseDerivative4D.lean:59:4: This simp argument is unused:
  Pi.smul_apply

Hint: Omit it from the simp argument list.
  simp only [ContinuousLinearMap.smul_apply, ContinuousLinearMap.coe_smul', P̵i̵.̵s̵m̵u̵l̵_̵a̵p̵p̵l̵y̵,̵ ̵smul_eq_mul]

Note: This linter can be disabled with `set_option linter.unusedSimpArgs false`
warning: JanusFormal/Branches/FundamentalGeometryPVariationalPrinciple/Gates/P0EFTJanusProgramPD9PrimitiveMonopolePhaseDerivative4D.lean:82:47: This simp argument is unused:
  one_smul

Hint: Omit it from the simp argument list.
  simp only [ContinuousLinearMap.comp_apply, fderiv_inv,
  ̵  ̵ ̵ ̵ContinuousLinearMap.toSpanSingleton_apply,̵ ̵o̵n̵e̵_̵s̵m̵u̵l̵]

Note: This linter can be disabled with `set_option linter.unusedSimpArgs false`
warning: JanusFormal/Branches/FundamentalGeometryPVariationalPrinciple/Gates/P0EFTJanusProgramPD9PrimitiveMonopolePhaseDerivative4D.lean:144:24: `ContinuousLinearMap.smul_apply` has been deprecated: Use `smul_apply` instead

Note: The updated constant is in a different namespace. Dot notation may need to be changed (e.g., from `x.smul_apply` to `smul_apply x`).
warning: JanusFormal/Branches/FundamentalGeometryPVariationalPrinciple/Gates/P0EFTJanusProgramPD9PrimitiveMonopolePhaseDerivative4D.lean:145:4: This simp argument is unused:
  fderiv_id

Hint: Omit it from the simp argument list.
  simp only [add_apply, ContinuousLinearMap.smul_apply,
  ̵  ̵ ̵ ̵f̵d̵e̵r̵i̵v̵_̵i̵d̵,̵ ̵ContinuousLinearMap.id_apply, id_eq,
  ̲  ̲ ̲ ̲smul_eq_mul]

Note: This linter can be disabled with `set_option linter.unusedSimpArgs false`
warning: JanusFormal/Branches/FundamentalGeometryPVariationalPrinciple/Gates/P0EFTJanusProgramPD9PrimitiveMonopolePhaseDerivative4D.lean:174:22: This simp argument is unused:
  Complex.add_im

Hint: Omit it from the simp argument list.
  simp only [primitiveMonopoleComplexNormalize,
  ̵  ̵ ̵ ̵ ̵ ̵Complex.add_r̵e̵r̲e̲, Complex.a̵d̵d̵_̵i̵m,̵ ̵C̵o̵m̵p̵l̵e̵x̵.̵m̵ul_re, Complex.mul_im,
       ̵ ̵Complex.ofRealCLM_apply, Complex.ofReal_re,
  ̵  ̵ ̵ ̵ ̵ ̵Complex.ofReal_im, Complex.I_re, Complex.I_im,
       ̵ ̵zero_mul, one_mul, sub_zero, mul_zero, zero_add, add_zero]

Note: This linter can be disabled with `set_option linter.unusedSimpArgs false`
warning: JanusFormal/Branches/FundamentalGeometryPVariationalPrinciple/Gates/P0EFTJanusProgramPD9PrimitiveMonopolePhaseDerivative4D.lean:177:35: This simp argument is unused:
  mul_zero

Hint: Omit it from the simp argument list.
  simp only [primitiveMonopoleComplexNormalize,
  ̵  ̵ ̵ ̵ ̵ ̵Complex.add_re, Complex.add_im, Complex.mul_re,
  ̲  ̲ ̲ ̲Complex.mul_im,
  ̵  ̵ ̵ ̵ ̵ ̵Complex.ofRealCLM_apply, Complex.ofReal_re,
  ̵  ̵ ̵ ̵ ̵ ̵Complex.ofReal_im, Complex.I_re,
  ̲  ̲ ̲ ̲Complex.I_im,
  ̵  ̵ ̵ ̵ ̵ ̵zero_mul, one_mul, sub_zero, m̵u̵l̵_̵zero,̵ ̵z̵e̵r̵o̵_add, add_zero]

Note: This linter can be disabled with `set_option linter.unusedSimpArgs false`
warning: JanusFormal/Branches/FundamentalGeometryPVariationalPrinciple/Gates/P0EFTJanusProgramPD9PrimitiveMonopolePhaseDerivative4D.lean:182:6: This simp argument is unused:
  Complex.add_re

Hint: Omit it from the simp argument list.
  simp only [primitiveMonopoleComplexNormalize,
  ̵  ̵ ̵ ̵ ̵ ̵Complex.add_r̵e̵,̵ ̵C̵o̵m̵p̵l̵e̵x̵.̵a̵d̵d̵_̵im, Complex.mul_re, Complex.mul_im,
       ̵ ̵Complex.ofRealCLM_apply, Complex.ofReal_re,
  ̵  ̵ ̵ ̵ ̵ ̵Complex.ofReal_im, Complex.I_re, Complex.I_im,
       ̵ ̵zero_mul, one_mul, sub_zero, mul_zero, zero_add, add_zero]

Note: This linter can be disabled with `set_option linter.unusedSimpArgs false`
warning: JanusFormal/Branches/FundamentalGeometryPVariationalPrinciple/Gates/P0EFTJanusProgramPD9PrimitiveMonopolePhaseDerivative4D.lean:185:35: This simp argument is unused:
  mul_zero

Hint: Omit it from the simp argument list.
  simp only [primitiveMonopoleComplexNormalize,
  ̵  ̵ ̵ ̵ ̵ ̵Complex.add_re, Complex.add_im, Complex.mul_re,
  ̲  ̲ ̲ ̲Complex.mul_im,
  ̵  ̵ ̵ ̵ ̵ ̵Complex.ofRealCLM_apply, Complex.ofReal_re,
  ̵  ̵ ̵ ̵ ̵ ̵Complex.ofReal_im, Complex.I_re,
  ̲  ̲ ̲ ̲Complex.I_im,
  ̵  ̵ ̵ ̵ ̵ ̵zero_mul, one_mul, sub_zero, m̵u̵l̵_̵zero,̵ ̵z̵e̵r̵o̵_add, add_zero]

Note: This linter can be disabled with `set_option linter.unusedSimpArgs false`
warning: JanusFormal/Branches/FundamentalGeometryPVariationalPrinciple/Gates/P0EFTJanusProgramPD9PrimitiveMonopolePhaseDerivative4D.lean:928:34: Used `tac1 <;> tac2` where `(tac1; tac2)` would suffice

Note: This linter can be disabled with `set_option linter.unnecessarySeqFocus false`
⚠ [9200/9520] Replayed JanusFormal.Branches.FundamentalGeometryPVariationalPrinciple.Gates.P0EFTJanusProgramPD9PrimitiveSpinCGeometricDiracDescent4D
warning: JanusFormal/Branches/FundamentalGeometryPVariationalPrinciple/Gates/P0EFTJanusProgramPD9PrimitiveSpinCGeometricDiracDescent4D.lean:171:34: Used `tac1 <;> tac2` where `(tac1; tac2)` would suffice

Note: This linter can be disabled with `set_option linter.unnecessarySeqFocus false`
⚠ [9201/9520] Replayed JanusFormal.Branches.FundamentalGeometryPVariationalPrinciple.Gates.P0EFTJanusProgramPD9PrimitiveSpinCHopfZeroModeDiracEquation4D
warning: JanusFormal/Branches/FundamentalGeometryPVariationalPrinciple/Gates/P0EFTJanusProgramPD9PrimitiveSpinCHopfZeroModeDiracEquation4D.lean:792:4: This simp argument is unused:
  ContinuousLinearMap.proj_apply

Hint: Omit it from the simp argument list.
  simp only [ContinuousLinearMap.comp_apply, smul_apply, add_apply, zero_apply, Pi.add_apply,
      C̵o̵n̵t̵i̵n̵u̵o̵u̵s̵L̵i̵n̵e̵a̵r̵M̵a̵p̵.̵p̵r̵o̵j̵_̵a̵p̵p̵l̵y̵,̵ ̵Complex.ofRealCLM_apply]

Note: This linter can be disabled with `set_option linter.unusedSimpArgs false`
warning: JanusFormal/Branches/FundamentalGeometryPVariationalPrinciple/Gates/P0EFTJanusProgramPD9PrimitiveSpinCHopfZeroModeDiracEquation4D.lean:822:4: This simp argument is unused:
  ContinuousLinearMap.proj_apply

Hint: Omit it from the simp argument list.
  simp only [ContinuousLinearMap.comp_apply, smul_apply, sub_apply, zero_apply, Pi.sub_apply,
      C̵o̵n̵t̵i̵n̵u̵o̵u̵s̵L̵i̵n̵e̵a̵r̵M̵a̵p̵.̵p̵r̵o̵j̵_̵a̵p̵p̵l̵y̵,̵ ̵Complex.ofRealCLM_apply]

Note: This linter can be disabled with `set_option linter.unusedSimpArgs false`
warning: JanusFormal/Branches/FundamentalGeometryPVariationalPrinciple/Gates/P0EFTJanusProgramPD9PrimitiveSpinCHopfZeroModeDiracEquation4D.lean:1315:4: 'ring' tactic does nothing

Note: This linter can be disabled with `set_option linter.unusedTactic false`
warning: JanusFormal/Branches/FundamentalGeometryPVariationalPrinciple/Gates/P0EFTJanusProgramPD9PrimitiveSpinCHopfZeroModeDiracEquation4D.lean:1315:4: this tactic is never executed

Note: This linter can be disabled with `set_option linter.unreachableTactic false`
warning: JanusFormal/Branches/FundamentalGeometryPVariationalPrinciple/Gates/P0EFTJanusProgramPD9PrimitiveSpinCHopfZeroModeDiracEquation4D.lean:1414:4: 'ring' tactic does nothing

Note: This linter can be disabled with `set_option linter.unusedTactic false`
warning: JanusFormal/Branches/FundamentalGeometryPVariationalPrinciple/Gates/P0EFTJanusProgramPD9PrimitiveSpinCHopfZeroModeDiracEquation4D.lean:1414:4: this tactic is never executed

Note: This linter can be disabled with `set_option linter.unreachableTactic false`
warning: JanusFormal/Branches/FundamentalGeometryPVariationalPrinciple/Gates/P0EFTJanusProgramPD9PrimitiveSpinCHopfZeroModeDiracEquation4D.lean:1795:6: This simp argument is unused:
  hopfNorthConnectionAlgebra_one

Hint: Omit it from the simp argument list.
  simp only [hopfNorthFirstCovariantAlgebra,
  ̵  ̵ ̵ ̵ ̵ ̵hopfNorthSecondCovariantAlgebra,
        hopfNorthFirstDerivativeAlgebra,
  ̵  ̵ ̵ ̵ ̵ ̵hopfNorthSecondDerivativeAlgebra,
        hopfNorthFirstScalarAlgebra,
  ̵  ̵ ̵ ̵ ̵ ̵hopfNorthSecondScalarAlgebra,
  ̵  ̵ ̵ ̵ ̵ ̵hopfNorthConnectionAlgebra_zero,
        hopfNorthConnectionAlgebra_o̵n̵e̵,̵
  ̵ ̵ ̵ ̵ ̵ ̵ ̵h̵o̵p̵f̵N̵o̵r̵th̵C̵o̵n̵n̵e̵c̵t̵i̵o̵n̵A̵l̵g̵e̵b̵r̵a̵_̵t̵wo,
  ̵  ̵ ̵ ̵ ̵ ̵hopfTangentialIncrement_zero_zero,
        hopfTangentialIncrement_one_zero,
  ̵  ̵ ̵ ̵ ̵ ̵hopfTangentialIncrement_two_zero,
        hopfTangentialIncrement_zero_one,
  ̵  ̵ ̵ ̵ ̵ ̵hopfTangentialIncrement_one_one,
        hopfTangentialIncrement_two_one,
  ̵  ̵ ̵ ̵ ̵ ̵hopfTangentialIncrement_zero_two,
        hopfTangentialIncrement_one_two,
  ̵  ̵ ̵ ̵ ̵ ̵hopfTangentialIncrement_two_two,
  ̵  ̵ ̵ ̵ ̵ ̵Complex.add_re,
  ̲  ̲ ̲ ̲ ̲ ̲Complex.add_im, Complex.sub_re, Complex.sub_im,
  ̵  ̵ ̵ ̵ ̵ ̵Complex.neg_re, Complex.neg_im,
  ̲  ̲ ̲ ̲ ̲ ̲Complex.mul_re, Complex.mul_im,
  ̵  ̵ ̵ ̵ ̵ ̵Complex.ofReal_re, Complex.ofReal_im, Complex.I_re,
  ̲  ̲ ̲ ̲ ̲ ̲Complex.I_im,
  ̵  ̵ ̵ ̵ ̵ ̵Complex.real_smul,
  ̵  ̵ ̵ ̵ ̵ ̵zero_mul, mul_zero, one_mul, mul_one,
  ̵  ̵ ̵ ̵ ̵ ̵zero_add, add_zero,
  ̲  ̲ ̲ ̲ ̲ ̲sub_zero, zero_sub, neg_zero]

Note: This linter can be disabled with `set_option linter.unusedSimpArgs false`
warning: JanusFormal/Branches/FundamentalGeometryPVariationalPrinciple/Gates/P0EFTJanusProgramPD9PrimitiveSpinCHopfZeroModeDiracEquation4D.lean:1796:6: This simp argument is unused:
  hopfNorthConnectionAlgebra_two

Hint: Omit it from the simp argument list.
  simp only [hopfNorthFirstCovariantAlgebra,
  ̵  ̵ ̵ ̵ ̵ ̵hopfNorthSecondCovariantAlgebra,
        hopfNorthFirstDerivativeAlgebra,
  ̵  ̵ ̵ ̵ ̵ ̵hopfNorthSecondDerivativeAlgebra,
        hopfNorthFirstScalarAlgebra,
  ̵  ̵ ̵ ̵ ̵ ̵hopfNorthSecondScalarAlgebra,
  ̵  ̵ ̵ ̵ ̵ ̵hopfNorthConnectionAlgebra_zero,
        hopfNorthConnectionAlgebra_on̵e̵n̲e̲,
  ̵  ̵ ̵ ̵ ̵ ̵hopfN̵o̵r̵t̵h̵C̵o̵n̵n̵e̵c̵t̵i̵o̵n̵A̵l̵g̵e̵b̵r̵a̵_̵t̵w̵o̵,̵
  ̵ ̵ ̵ ̵ ̵ ̵ ̵h̵o̵p̵f̵TangentialIncrement_zero_zero,
        hopfTangentialIncrement_one_zero,
  ̵  ̵ ̵ ̵ ̵ ̵hopfTangentialIncrement_two_zero,
        hopfTangentialIncrement_zero_one,
  ̵  ̵ ̵ ̵ ̵ ̵hopfTangentialIncrement_one_one,
        hopfTangentialIncrement_two_one,
  ̵  ̵ ̵ ̵ ̵ ̵hopfTangentialIncrement_zero_two,
        hopfTangentialIncrement_one_two,
  ̵  ̵ ̵ ̵ ̵ ̵hopfTangentialIncrement_two_two,
  ̵  ̵ ̵ ̵ ̵ ̵Complex.add_re,
  ̲  ̲ ̲ ̲ ̲ ̲Complex.add_im, Complex.sub_re, Complex.sub_im,
  ̵  ̵ ̵ ̵ ̵ ̵Complex.neg_re, Complex.neg_im,
  ̲  ̲ ̲ ̲ ̲ ̲Complex.mul_re, Complex.mul_im,
  ̵  ̵ ̵ ̵ ̵ ̵Complex.ofReal_re, Complex.ofReal_im, Complex.I_re,
  ̲  ̲ ̲ ̲ ̲ ̲Complex.I_im,
  ̵  ̵ ̵ ̵ ̵ ̵Complex.real_smul,
  ̵  ̵ ̵ ̵ ̵ ̵zero_mul, mul_zero, one_mul, mul_one,
  ̵  ̵ ̵ ̵ ̵ ̵zero_add, add_zero,
  ̲  ̲ ̲ ̲ ̲ ̲sub_zero, zero_sub, neg_zero]

Note: This linter can be disabled with `set_option linter.unusedSimpArgs false`
warning: JanusFormal/Branches/FundamentalGeometryPVariationalPrinciple/Gates/P0EFTJanusProgramPD9PrimitiveSpinCHopfZeroModeDiracEquation4D.lean:1800:6: This simp argument is unused:
  hopfTangentialIncrement_zero_one

Hint: Omit it from the simp argument list.
  simp only [hopfNorthFirstCovariantAlgebra,
  ̵  ̵ ̵ ̵ ̵ ̵hopfNorthSecondCovariantAlgebra,
        hopfNorthFirstDerivativeAlgebra,
  ̵  ̵ ̵ ̵ ̵ ̵hopfNorthSecondDerivativeAlgebra,
        hopfNorthFirstScalarAlgebra,
  ̵  ̵ ̵ ̵ ̵ ̵hopfNorthSecondScalarAlgebra,
  ̵  ̵ ̵ ̵ ̵ ̵hopfNorthConnectionAlgebra_zero,
        hopfNorthConnectionAlgebra_one,
  ̵  ̵ ̵ ̵ ̵ ̵hopfNorthConnectionAlgebra_two,
        hopfTangentialIncrement_zero_zero,
  ̵  ̵ ̵ ̵ ̵ ̵hopfTangentialIncrement_one_zero,
        hopfTangentialIncrement_two_zero,
  ̵  ̵ ̵ ̵ ̵ ̵hopfTangentialIncrement_z̵e̵r̵o_̵o̵ne,̵
  ̵ ̵ ̵ ̵ ̵ ̵ ̵h̵o̵p̵f̵T̵a̵n̵g̵e̵n̵t̵i̵a̵l̵I̵n̵c̵r̵e̵m̵e̵n̵t̵_one_̵o̵n̵e̵,
        hopfTangentialIncrement_two_one,
  ̵  ̵ ̵ ̵ ̵ ̵hopfTangentialIncrement_zero_two,
        hopfTangentialIncrement_one_two,
  ̵  ̵ ̵ ̵ ̵ ̵hopfTangentialIncrement_two_two,
  ̵  ̵ ̵ ̵ ̵ ̵Complex.add_re,
  ̲  ̲ ̲ ̲ ̲ ̲Complex.add_im, Complex.sub_re, Complex.sub_im,
  ̵  ̵ ̵ ̵ ̵ ̵Complex.neg_re, Complex.neg_im,
  ̲  ̲ ̲ ̲ ̲ ̲Complex.mul_re, Complex.mul_im,
  ̵  ̵ ̵ ̵ ̵ ̵Complex.ofReal_re, Complex.ofReal_im, Complex.I_re,
  ̲  ̲ ̲ ̲ ̲ ̲Complex.I_im,
  ̵  ̵ ̵ ̵ ̵ ̵Complex.real_smul,
  ̵  ̵ ̵ ̵ ̵ ̵zero_mul, mul_zero, one_mul, mul_one,
  ̵  ̵ ̵ ̵ ̵ ̵zero_add, add_zero,
  ̲  ̲ ̲ ̲ ̲ ̲sub_zero, zero_sub, neg_zero]

Note: This linter can be disabled with `set_option linter.unusedSimpArgs false`
warning: JanusFormal/Branches/FundamentalGeometryPVariationalPrinciple/Gates/P0EFTJanusProgramPD9PrimitiveSpinCHopfZeroModeDiracEquation4D.lean:1801:6: This simp argument is unused:
  hopfTangentialIncrement_one_one

Hint: Omit it from the simp argument list.
  simp only [hopfNorthFirstCovariantAlgebra,
  ̵  ̵ ̵ ̵ ̵ ̵hopfNorthSecondCovariantAlgebra,
        hopfNorthFirstDerivativeAlgebra,
  ̵  ̵ ̵ ̵ ̵ ̵hopfNorthSecondDerivativeAlgebra,
        hopfNorthFirstScalarAlgebra,
  ̵  ̵ ̵ ̵ ̵ ̵hopfNorthSecondScalarAlgebra,
  ̵  ̵ ̵ ̵ ̵ ̵hopfNorthConnectionAlgebra_zero,
        hopfNorthConnectionAlgebra_one,
  ̵  ̵ ̵ ̵ ̵ ̵hopfNorthConnectionAlgebra_two,
        hopfTangentialIncrement_zero_zero,
  ̵  ̵ ̵ ̵ ̵ ̵hopfTangentialIncrement_one_zero,
        hopfTangentialIncrement_two_zero,
  ̵  ̵ ̵ ̵ ̵ ̵hopfTangentialIncrement_zero_one,
        hopfTangentialIncrement_o̵n̵e̵_̵o̵n̵e̵,̵
  ̵ ̵ ̵ ̵ ̵ ̵ ̵h̵o̵p̵f̵T̵a̵n̵g̵e̵n̵ti̵a̵l̵I̵n̵c̵r̵e̵m̵e̵n̵t̵_̵t̵wo_one,
  ̵  ̵ ̵ ̵ ̵ ̵hopfTangentialIncrement_zero_two,
        hopfTangentialIncrement_one_two,
  ̵  ̵ ̵ ̵ ̵ ̵hopfTangentialIncrement_two_two,
  ̵  ̵ ̵ ̵ ̵ ̵Complex.add_re,
  ̲  ̲ ̲ ̲ ̲ ̲Complex.add_im, Complex.sub_re, Complex.sub_im,
  ̵  ̵ ̵ ̵ ̵ ̵Complex.neg_re, Complex.neg_im,
  ̲  ̲ ̲ ̲ ̲ ̲Complex.mul_re, Complex.mul_im,
  ̵  ̵ ̵ ̵ ̵ ̵Complex.ofReal_re, Complex.ofReal_im, Complex.I_re,
  ̲  ̲ ̲ ̲ ̲ ̲Complex.I_im,
  ̵  ̵ ̵ ̵ ̵ ̵Complex.real_smul,
  ̵  ̵ ̵ ̵ ̵ ̵zero_mul, mul_zero, one_mul, mul_one,
  ̵  ̵ ̵ ̵ ̵ ̵zero_add, add_zero,
  ̲  ̲ ̲ ̲ ̲ ̲sub_zero, zero_sub, neg_zero]

Note: This linter can be disabled with `set_option linter.unusedSimpArgs false`
warning: JanusFormal/Branches/FundamentalGeometryPVariationalPrinciple/Gates/P0EFTJanusProgramPD9PrimitiveSpinCHopfZeroModeDiracEquation4D.lean:1802:6: This simp argument is unused:
  hopfTangentialIncrement_two_one

Hint: Omit it from the simp argument list.
  simp only [hopfNorthFirstCovariantAlgebra, hopfNorthSecondCovariantAlgebra,
        hopfNorthFirstDerivativeAlgebra, hopfNorthSecondDerivativeAlgebra,
        hopfNorthFirstScalarAlgebra, hopfNorthSecondScalarAlgebra, hopfNorthConnectionAlgebra_zero,
        hopfNorthConnectionAlgebra_one, hopfNorthConnectionAlgebra_two,
        hopfTangentialIncrement_zero_zero, hopfTangentialIncrement_one_zero,
        hopfTangentialIncrement_two_zero, hopfTangentialIncrement_zero_one,
        hopfTangentialIncrement_one_one, h̵o̵p̵f̵T̵a̵n̵g̵e̵n̵t̵i̵a̵l̵I̵n̵c̵r̵e̵m̵e̵n̵t̵_̵t̵w̵o̵_̵o̵n̵e̵,̵hopfTangentialIncrement_zero_two,
        hopfTangentialIncrement_one_two, hopfTangentialIncrement_two_two, Complex.add_re,
        Complex.add_im, Complex.sub_re, Complex.sub_im, Complex.neg_re, Complex.neg_im,
  ̲  ̲ ̲ ̲ ̲ ̲Complex.mul_re, Complex.mul_im, Complex.ofReal_re, Complex.ofReal_im, Complex.I_re,
  ̲  ̲ ̲ ̲ ̲ ̲Complex.I_im, Complex.real_smul, zero_mul, mul_zero, one_mul, mul_one, zero_add, add_zero,
  ̲  ̲ ̲ ̲ ̲ ̲sub_zero, zero_sub, neg_zero]

Note: This linter can be disabled with `set_option linter.unusedSimpArgs false`
warning: JanusFormal/Branches/FundamentalGeometryPVariationalPrinciple/Gates/P0EFTJanusProgramPD9PrimitiveSpinCHopfZeroModeDiracEquation4D.lean:1803:6: This simp argument is unused:
  hopfTangentialIncrement_zero_two

Hint: Omit it from the simp argument list.
  simp only [hopfNorthFirstCovariantAlgebra, hopfNorthSecondCovariantAlgebra,
        hopfNorthFirstDerivativeAlgebra, hopfNorthSecondDerivativeAlgebra,
        hopfNorthFirstScalarAlgebra, hopfNorthSecondScalarAlgebra, hopfNorthConnectionAlgebra_zero,
        hopfNorthConnectionAlgebra_one, hopfNorthConnectionAlgebra_two,
        hopfTangentialIncrement_zero_zero, hopfTangentialIncrement_one_zero,
        hopfTangentialIncrement_two_zero, hopfTangentialIncrement_zero_one,
        hopfTangentialIncrement_one_one, hopfTangentialIncrement_two_one,
        h̵o̵p̵f̵T̵a̵n̵g̵e̵n̵t̵i̵a̵l̵I̵n̵c̵r̵e̵m̵e̵n̵t̵_̵z̵e̵r̵o̵_̵t̵w̵o̵,̵hopfTangentialIncrement_one_two, hopfTangentialIncrement_two_two, Complex.add_re,
        Complex.add_im, Complex.sub_re, Complex.sub_im, Complex.neg_re, Complex.neg_im,
  ̲  ̲ ̲ ̲ ̲ ̲Complex.mul_re, Complex.mul_im, Complex.ofReal_re, Complex.ofReal_im, Complex.I_re,
  ̲  ̲ ̲ ̲ ̲ ̲Complex.I_im, Complex.real_smul, zero_mul, mul_zero, one_mul, mul_one, zero_add, add_zero,
  ̲  ̲ ̲ ̲ ̲ ̲sub_zero, zero_sub, neg_zero]

Note: This linter can be disabled with `set_option linter.unusedSimpArgs false`
warning: JanusFormal/Branches/FundamentalGeometryPVariationalPrinciple/Gates/P0EFTJanusProgramPD9PrimitiveSpinCHopfZeroModeDiracEquation4D.lean:1804:6: This simp argument is unused:
  hopfTangentialIncrement_one_two

Hint: Omit it from the simp argument list.
  simp only [hopfNorthFirstCovariantAlgebra,
  ̵  ̵ ̵ ̵ ̵ ̵hopfNorthSecondCovariantAlgebra,
        hopfNorthFirstDerivativeAlgebra,
  ̵  ̵ ̵ ̵ ̵ ̵hopfNorthSecondDerivativeAlgebra,
        hopfNorthFirstScalarAlgebra,
  ̵  ̵ ̵ ̵ ̵ ̵hopfNorthSecondScalarAlgebra,
  ̵  ̵ ̵ ̵ ̵ ̵hopfNorthConnectionAlgebra_zero,
        hopfNorthConnectionAlgebra_one,
  ̵  ̵ ̵ ̵ ̵ ̵hopfNorthConnectionAlgebra_two,
        hopfTangentialIncrement_zero_zero,
  ̵  ̵ ̵ ̵ ̵ ̵hopfTangentialIncrement_one_zero,
        hopfTangentialIncrement_two_zero,
  ̵  ̵ ̵ ̵ ̵ ̵hopfTangentialIncrement_zero_one,
        hopfTangentialIncrement_one_one,
  ̵  ̵ ̵ ̵ ̵ ̵hopfTangentialIncrement_two_one,
        hopfTangentialIncrement_zero_two,
  ̵  ̵ ̵ ̵ ̵ ̵hopfTangentialIncrement_o̵n̵e̵_̵two,̵
  ̵ ̵ ̵ ̵ ̵ ̵ ̵h̵o̵p̵f̵T̵a̵n̵g̵e̵n̵t̵i̵a̵l̵I̵n̵c̵r̵e̵m̵e̵n̵t̵_two_̵t̵w̵o̵,
  ̵  ̵ ̵ ̵ ̵ ̵Complex.add_re,
  ̲  ̲ ̲ ̲ ̲ ̲Complex.add_im, Complex.sub_re, Complex.sub_im,
  ̵  ̵ ̵ ̵ ̵ ̵Complex.neg_re, Complex.neg_im,
  ̲  ̲ ̲ ̲ ̲ ̲Complex.mul_re, Complex.mul_im,
  ̵  ̵ ̵ ̵ ̵ ̵Complex.ofReal_re, Complex.ofReal_im, Complex.I_re,
  ̲  ̲ ̲ ̲ ̲ ̲Complex.I_im,
  ̵  ̵ ̵ ̵ ̵ ̵Complex.real_smul,
  ̵  ̵ ̵ ̵ ̵ ̵zero_mul, mul_zero, one_mul, mul_one,
  ̵  ̵ ̵ ̵ ̵ ̵zero_add, add_zero,
  ̲  ̲ ̲ ̲ ̲ ̲sub_zero, zero_sub, neg_zero]

Note: This linter can be disabled with `set_option linter.unusedSimpArgs false`
warning: JanusFormal/Branches/FundamentalGeometryPVariationalPrinciple/Gates/P0EFTJanusProgramPD9PrimitiveSpinCHopfZeroModeDiracEquation4D.lean:1805:6: This simp argument is unused:
  hopfTangentialIncrement_two_two

Hint: Omit it from the simp argument list.
  simp only [hopfNorthFirstCovariantAlgebra,
  ̵  ̵ ̵ ̵ ̵ ̵hopfNorthSecondCovariantAlgebra,
        hopfNorthFirstDerivativeAlgebra,
  ̵  ̵ ̵ ̵ ̵ ̵hopfNorthSecondDerivativeAlgebra,
        hopfNorthFirstScalarAlgebra,
  ̵  ̵ ̵ ̵ ̵ ̵hopfNorthSecondScalarAlgebra,
  ̵  ̵ ̵ ̵ ̵ ̵hopfNorthConnectionAlgebra_zero,
        hopfNorthConnectionAlgebra_one,
  ̵  ̵ ̵ ̵ ̵ ̵hopfNorthConnectionAlgebra_two,
        hopfTangentialIncrement_zero_zero,
  ̵  ̵ ̵ ̵ ̵ ̵hopfTangentialIncrement_one_zero,
        hopfTangentialIncrement_two_zero,
  ̵  ̵ ̵ ̵ ̵ ̵hopfTangentialIncrement_zero_one,
        hopfTangentialIncrement_one_one,
  ̵  ̵ ̵ ̵ ̵ ̵hopfTangentialIncrement_two_one,
        hopfTangentialIncrement_zero_two,
  ̵  ̵ ̵ ̵ ̵ ̵hopfTangentialIncrement_on̵e̵n̲e̲_two,
  ̵  ̵ ̵ ̵ ̵ ̵h̵o̵p̵f̵T̵a̵n̵g̵e̵n̵t̵i̵a̵l̵I̵n̵c̵r̵e̵m̵e̵n̵t̵_̵t̵w̵o̵_̵t̵w̵o̵,̵
  ̵ ̵ ̵ ̵ ̵ ̵ ̵Complex.add_re,
  ̲  ̲ ̲ ̲ ̲ ̲Complex.add_im, Complex.sub_re, Complex.sub_im,
  ̵  ̵ ̵ ̵ ̵ ̵Complex.neg_re, Complex.neg_im,
  ̲  ̲ ̲ ̲ ̲ ̲Complex.mul_re, Complex.mul_im,
  ̵  ̵ ̵ ̵ ̵ ̵Complex.ofReal_re, Complex.ofReal_im, Complex.I_re,
  ̲  ̲ ̲ ̲ ̲ ̲Complex.I_im,
  ̵  ̵ ̵ ̵ ̵ ̵Complex.real_smul,
  ̵  ̵ ̵ ̵ ̵ ̵zero_mul, mul_zero, one_mul, mul_one,
  ̵  ̵ ̵ ̵ ̵ ̵zero_add, add_zero,
  ̲  ̲ ̲ ̲ ̲ ̲sub_zero, zero_sub, neg_zero]

Note: This linter can be disabled with `set_option linter.unusedSimpArgs false`
warning: JanusFormal/Branches/FundamentalGeometryPVariationalPrinciple/Gates/P0EFTJanusProgramPD9PrimitiveSpinCHopfZeroModeDiracEquation4D.lean:1807:6: This simp argument is unused:
  Complex.neg_re

Hint: Omit it from the simp argument list.
  simp only [hopfNorthFirstCovariantAlgebra,
  ̵  ̵ ̵ ̵ ̵ ̵hopfNorthSecondCovariantAlgebra,
        hopfNorthFirstDerivativeAlgebra,
  ̵  ̵ ̵ ̵ ̵ ̵hopfNorthSecondDerivativeAlgebra,
        hopfNorthFirstScalarAlgebra,
  ̵  ̵ ̵ ̵ ̵ ̵hopfNorthSecondScalarAlgebra,
  ̵  ̵ ̵ ̵ ̵ ̵hopfNorthConnectionAlgebra_zero,
        hopfNorthConnectionAlgebra_one,
  ̵  ̵ ̵ ̵ ̵ ̵hopfNorthConnectionAlgebra_two,
        hopfTangentialIncrement_zero_zero,
  ̵  ̵ ̵ ̵ ̵ ̵hopfTangentialIncrement_one_zero,
        hopfTangentialIncrement_two_zero,
  ̵  ̵ ̵ ̵ ̵ ̵hopfTangentialIncrement_zero_one,
        hopfTangentialIncrement_one_one,
  ̵  ̵ ̵ ̵ ̵ ̵hopfTangentialIncrement_two_one,
        hopfTangentialIncrement_zero_two,
  ̵  ̵ ̵ ̵ ̵ ̵hopfTangentialIncrement_one_two,
        hopfTangentialIncrement_two_two,
  ̵  ̵ ̵ ̵ ̵ ̵Complex.add_re, Complex.add_im, Complex.sub_re,
  ̲  ̲ ̲ ̲ ̲ ̲Complex.sub_im,
  ̵  ̵ ̵ ̵ ̵ ̵Complex.neg_r̵e̵,̵ ̵C̵o̵m̵p̵l̵e̵x̵.̵n̵e̵g̵_̵im, Complex.mul_re, Complex.mul_im,
  ̵  ̵ ̵ ̵ ̵ ̵Complex.ofReal_re,
  ̲  ̲ ̲ ̲ ̲ ̲Complex.ofReal_im, Complex.I_re, Complex.I_im,
  ̵  ̵ ̵ ̵ ̵ ̵Complex.real_smul,
  ̵  ̵ ̵ ̵ ̵ ̵zero_mul, mul_zero, one_mul,
  ̲  ̲ ̲ ̲ ̲ ̲mul_one,
  ̵  ̵ ̵ ̵ ̵ ̵zero_add, add_zero, sub_zero, zero_sub, neg_zero]

Note: This linter can be disabled with `set_option linter.unusedSimpArgs false`
warning: JanusFormal/Branches/FundamentalGeometryPVariationalPrinciple/Gates/P0EFTJanusProgramPD9PrimitiveSpinCHopfZeroModeDiracEquation4D.lean:1807:22: This simp argument is unused:
  Complex.neg_im

Hint: Omit it from the simp argument list.
  simp only [hopfNorthFirstCovariantAlgebra,
  ̵  ̵ ̵ ̵ ̵ ̵hopfNorthSecondCovariantAlgebra,
        hopfNorthFirstDerivativeAlgebra,
  ̵  ̵ ̵ ̵ ̵ ̵hopfNorthSecondDerivativeAlgebra,
        hopfNorthFirstScalarAlgebra,
  ̵  ̵ ̵ ̵ ̵ ̵hopfNorthSecondScalarAlgebra,
  ̵  ̵ ̵ ̵ ̵ ̵hopfNorthConnectionAlgebra_zero,
        hopfNorthConnectionAlgebra_one,
  ̵  ̵ ̵ ̵ ̵ ̵hopfNorthConnectionAlgebra_two,
        hopfTangentialIncrement_zero_zero,
  ̵  ̵ ̵ ̵ ̵ ̵hopfTangentialIncrement_one_zero,
        hopfTangentialIncrement_two_zero,
  ̵  ̵ ̵ ̵ ̵ ̵hopfTangentialIncrement_zero_one,
        hopfTangentialIncrement_one_one,
  ̵  ̵ ̵ ̵ ̵ ̵hopfTangentialIncrement_two_one,
        hopfTangentialIncrement_zero_two,
  ̵  ̵ ̵ ̵ ̵ ̵hopfTangentialIncrement_one_two,
        hopfTangentialIncrement_two_two,
  ̵  ̵ ̵ ̵ ̵ ̵Complex.add_re, Complex.add_im, Complex.sub_re,
  ̲  ̲ ̲ ̲ ̲ ̲Complex.sub_im,
  ̵  ̵ ̵ ̵ ̵ ̵Complex.neg_r̵e̵r̲e̲, Complex.n̵e̵g̵_̵i̵m,̵ ̵C̵o̵m̵p̵l̵e̵x̵.̵m̵ul_re, Complex.mul_im,
  ̵  ̵ ̵ ̵ ̵ ̵Complex.ofReal_re,
  ̲  ̲ ̲ ̲ ̲ ̲Complex.ofReal_im, Complex.I_re, Complex.I_im,
  ̵  ̵ ̵ ̵ ̵ ̵Complex.real_smul,
  ̵  ̵ ̵ ̵ ̵ ̵zero_mul, mul_zero, one_mul,
  ̲  ̲ ̲ ̲ ̲ ̲mul_one,
  ̵  ̵ ̵ ̵ ̵ ̵zero_add, add_zero, sub_zero, zero_sub, neg_zero]

Note: This linter can be disabled with `set_option linter.unusedSimpArgs false`
warning: JanusFormal/Branches/FundamentalGeometryPVariationalPrinciple/Gates/P0EFTJanusProgramPD9PrimitiveSpinCHopfZeroModeDiracEquation4D.lean:1810:35: This simp argument is unused:
  mul_one

Hint: Omit it from the simp argument list.
  simp only [hopfNorthFirstCovariantAlgebra,
  ̵  ̵ ̵ ̵ ̵ ̵hopfNorthSecondCovariantAlgebra,
        hopfNorthFirstDerivativeAlgebra,
  ̵  ̵ ̵ ̵ ̵ ̵hopfNorthSecondDerivativeAlgebra,
        hopfNorthFirstScalarAlgebra,
  ̵  ̵ ̵ ̵ ̵ ̵hopfNorthSecondScalarAlgebra,
  ̵  ̵ ̵ ̵ ̵ ̵hopfNorthConnectionAlgebra_zero,
        hopfNorthConnectionAlgebra_one,
  ̵  ̵ ̵ ̵ ̵ ̵hopfNorthConnectionAlgebra_two,
        hopfTangentialIncrement_zero_zero,
  ̵  ̵ ̵ ̵ ̵ ̵hopfTangentialIncrement_one_zero,
        hopfTangentialIncrement_two_zero,
  ̵  ̵ ̵ ̵ ̵ ̵hopfTangentialIncrement_zero_one,
        hopfTangentialIncrement_one_one,
  ̵  ̵ ̵ ̵ ̵ ̵hopfTangentialIncrement_two_one,
        hopfTangentialIncrement_zero_two,
  ̵  ̵ ̵ ̵ ̵ ̵hopfTangentialIncrement_one_two,
        hopfTangentialIncrement_two_two,
  ̵  ̵ ̵ ̵ ̵ ̵Complex.add_re, Complex.add_im, Complex.sub_re,
  ̲  ̲ ̲ ̲ ̲ ̲Complex.sub_im,
  ̵  ̵ ̵ ̵ ̵ ̵Complex.neg_re, Complex.neg_im, Complex.mul_re, Complex.mul_im,
        Complex.ofReal_re, Complex.ofReal_im, Complex.I_re, Complex.I_im,
  ̵  ̵ ̵ ̵ ̵ ̵Complex.real_smul,
  ̵  ̵ ̵ ̵ ̵ ̵zero_mul,
  ̲  ̲ ̲ ̲ ̲ ̲mul_zero, one_mul, m̵u̵l̵_̵o̵n̵e̵,̵
  ̵ ̵ ̵ ̵ ̵ ̵ ̵zero_add, add_zero, sub_zero, zero_sub, neg_zero]

Note: This linter can be disabled with `set_option linter.unusedSimpArgs false`
warning: JanusFormal/Branches/FundamentalGeometryPVariationalPrinciple/Gates/P0EFTJanusProgramPD9PrimitiveSpinCHopfZeroModeDiracEquation4D.lean:1811:46: This simp argument is unused:
  neg_zero

Hint: Omit it from the simp argument list.
  simp only [hopfNorthFirstCovariantAlgebra,
  ̵  ̵ ̵ ̵ ̵ ̵hopfNorthSecondCovariantAlgebra,
        hopfNorthFirstDerivativeAlgebra,
  ̵  ̵ ̵ ̵ ̵ ̵hopfNorthSecondDerivativeAlgebra,
        hopfNorthFirstScalarAlgebra,
  ̵  ̵ ̵ ̵ ̵ ̵hopfNorthSecondScalarAlgebra,
  ̵  ̵ ̵ ̵ ̵ ̵hopfNorthConnectionAlgebra_zero,
        hopfNorthConnectionAlgebra_one,
  ̵  ̵ ̵ ̵ ̵ ̵hopfNorthConnectionAlgebra_two,
        hopfTangentialIncrement_zero_zero,
  ̵  ̵ ̵ ̵ ̵ ̵hopfTangentialIncrement_one_zero,
        hopfTangentialIncrement_two_zero,
  ̵  ̵ ̵ ̵ ̵ ̵hopfTangentialIncrement_zero_one,
        hopfTangentialIncrement_one_one,
  ̵  ̵ ̵ ̵ ̵ ̵hopfTangentialIncrement_two_one,
        hopfTangentialIncrement_zero_two,
  ̵  ̵ ̵ ̵ ̵ ̵hopfTangentialIncrement_one_two,
        hopfTangentialIncrement_two_two,
  ̵  ̵ ̵ ̵ ̵ ̵Complex.add_re, Complex.add_im, Complex.sub_re,
  ̲  ̲ ̲ ̲ ̲ ̲Complex.sub_im,
  ̵  ̵ ̵ ̵ ̵ ̵Complex.neg_re, Complex.neg_im, Complex.mul_re, Complex.mul_im,
        Complex.ofReal_re, Complex.ofReal_im, Complex.I_re, Complex.I_im,
  ̵  ̵ ̵ ̵ ̵ ̵Complex.real_smul,
  ̵  ̵ ̵ ̵ ̵ ̵zero_mul,
  ̲  ̲ ̲ ̲ ̲ ̲mul_zero, one_mul, mul_one,
  ̵  ̵ ̵ ̵ ̵ ̵zero_add, add_zero, sub_zero, zero_sub,̵ ̵n̵e̵g̵_̵z̵e̵r̵o̵]

Note: This linter can be disabled with `set_option linter.unusedSimpArgs false`
warning: JanusFormal/Branches/FundamentalGeometryPVariationalPrinciple/Gates/P0EFTJanusProgramPD9PrimitiveSpinCHopfZeroModeDiracEquation4D.lean:1813:29: This simp argument is unused:
  hSqrtCube

Hint: Omit it from the simp argument list.
  simp only [hSqrtSq, hSqrtC̵u̵b̵e̵,̵ ̵h̵S̵q̵r̵t̵Fourth]

Note: This linter can be disabled with `set_option linter.unusedSimpArgs false`
warning: JanusFormal/Branches/FundamentalGeometryPVariationalPrinciple/Gates/P0EFTJanusProgramPD9PrimitiveSpinCHopfZeroModeDiracEquation4D.lean:1813:40: This simp argument is unused:
  hSqrtFourth

Hint: Omit it from the simp argument list.
  simp only [hSqrtSq, hSqrtCube,̵ ̵h̵S̵q̵r̵t̵F̵o̵u̵r̵t̵h̵]

Note: This linter can be disabled with `set_option linter.unusedSimpArgs false`
warning: JanusFormal/Branches/FundamentalGeometryPVariationalPrinciple/Gates/P0EFTJanusProgramPD9PrimitiveSpinCHopfZeroModeDiracEquation4D.lean:1814:12: Used `tac1 <;> tac2` where `(tac1; tac2)` would suffice

Note: This linter can be disabled with `set_option linter.unnecessarySeqFocus false`
warning: JanusFormal/Branches/FundamentalGeometryPVariationalPrinciple/Gates/P0EFTJanusProgramPD9PrimitiveSpinCHopfZeroModeDiracEquation4D.lean:1848:6: This simp argument is unused:
  hopfNorthConnectionAlgebra_zero

Hint: Omit it from the simp argument list.
  simp only [hopfNorthFirstCovariantAlgebra,
  ̵  ̵ ̵ ̵ ̵ ̵hopfNorthSecondCovariantAlgebra,
        hopfNorthFirstDerivativeAlgebra,
  ̵  ̵ ̵ ̵ ̵ ̵hopfNorthSecondDerivativeAlgebra,
        hopfNorthFirstScalarAlgebra,
  ̵  ̵ ̵ ̵ ̵ ̵hopfNorthSecondScalarAlgebra,
  ̵  ̵ ̵ ̵ ̵ ̵hopfNorthConnectionAlgebra_z̵e̵r̵o,̵
  ̵ ̵ ̵ ̵ ̵ ̵ ̵h̵o̵p̵f̵N̵o̵r̵t̵h̵C̵o̵nn̵ec̵t̵i̵o̵n̵A̵l̵g̵e̵b̵r̵a̵_̵o̵n̵e̵,
        hopfNorthConnectionAlgebra_two,
  ̵  ̵ ̵ ̵ ̵ ̵hopfTangentialIncrement_zero_zero,
        hopfTangentialIncrement_one_zero,
  ̵  ̵ ̵ ̵ ̵ ̵hopfTangentialIncrement_two_zero,
        hopfTangentialIncrement_zero_one,
  ̵  ̵ ̵ ̵ ̵ ̵hopfTangentialIncrement_one_one,
        hopfTangentialIncrement_two_one,
  ̵  ̵ ̵ ̵ ̵ ̵hopfTangentialIncrement_zero_two,
        hopfTangentialIncrement_one_two,
  ̵  ̵ ̵ ̵ ̵ ̵hopfTangentialIncrement_two_two,
  ̵  ̵ ̵ ̵ ̵ ̵Complex.add_re,
  ̲  ̲ ̲ ̲ ̲ ̲Complex.add_im, Complex.sub_re, Complex.sub_im,
  ̵  ̵ ̵ ̵ ̵ ̵Complex.neg_re, Complex.neg_im,
  ̲  ̲ ̲ ̲ ̲ ̲Complex.mul_re, Complex.mul_im,
  ̵  ̵ ̵ ̵ ̵ ̵Complex.ofReal_re, Complex.ofReal_im, Complex.I_re,
  ̲  ̲ ̲ ̲ ̲ ̲Complex.I_im,
  ̵  ̵ ̵ ̵ ̵ ̵Complex.real_smul,
  ̵  ̵ ̵ ̵ ̵ ̵zero_mul, mul_zero, one_mul, mul_one,
  ̵  ̵ ̵ ̵ ̵ ̵zero_add, add_zero,
  ̲  ̲ ̲ ̲ ̲ ̲sub_zero, zero_sub, neg_zero]

Note: This linter can be disabled with `set_option linter.unusedSimpArgs false`
warning: JanusFormal/Branches/FundamentalGeometryPVariationalPrinciple/Gates/P0EFTJanusProgramPD9PrimitiveSpinCHopfZeroModeDiracEquation4D.lean:1850:6: This simp argument is unused:
  hopfNorthConnectionAlgebra_two

Hint: Omit it from the simp argument list.
  simp only [hopfNorthFirstCovariantAlgebra,
  ̵  ̵ ̵ ̵ ̵ ̵hopfNorthSecondCovariantAlgebra,
        hopfNorthFirstDerivativeAlgebra,
  ̵  ̵ ̵ ̵ ̵ ̵hopfNorthSecondDerivativeAlgebra,
        hopfNorthFirstScalarAlgebra,
  ̵  ̵ ̵ ̵ ̵ ̵hopfNorthSecondScalarAlgebra,
  ̵  ̵ ̵ ̵ ̵ ̵hopfNorthConnectionAlgebra_zero,
        hopfNorthConnectionAlgebra_on̵e̵n̲e̲,
  ̵  ̵ ̵ ̵ ̵ ̵hopfN̵o̵r̵t̵h̵C̵o̵n̵n̵e̵c̵t̵i̵o̵n̵A̵l̵g̵e̵b̵r̵a̵_̵t̵w̵o̵,̵
  ̵ ̵ ̵ ̵ ̵ ̵ ̵h̵o̵p̵f̵TangentialIncrement_zero_zero,
        hopfTangentialIncrement_one_zero,
  ̵  ̵ ̵ ̵ ̵ ̵hopfTangentialIncrement_two_zero,
        hopfTangentialIncrement_zero_one,
  ̵  ̵ ̵ ̵ ̵ ̵hopfTangentialIncrement_one_one,
        hopfTangentialIncrement_two_one,
  ̵  ̵ ̵ ̵ ̵ ̵hopfTangentialIncrement_zero_two,
        hopfTangentialIncrement_one_two,
  ̵  ̵ ̵ ̵ ̵ ̵hopfTangentialIncrement_two_two,
  ̵  ̵ ̵ ̵ ̵ ̵Complex.add_re,
  ̲  ̲ ̲ ̲ ̲ ̲Complex.add_im, Complex.sub_re, Complex.sub_im,
  ̵  ̵ ̵ ̵ ̵ ̵Complex.neg_re, Complex.neg_im,
  ̲  ̲ ̲ ̲ ̲ ̲Complex.mul_re, Complex.mul_im,
  ̵  ̵ ̵ ̵ ̵ ̵Complex.ofReal_re, Complex.ofReal_im, Complex.I_re,
  ̲  ̲ ̲ ̲ ̲ ̲Complex.I_im,
  ̵  ̵ ̵ ̵ ̵ ̵Complex.real_smul,
  ̵  ̵ ̵ ̵ ̵ ̵zero_mul, mul_zero, one_mul, mul_one,
  ̵  ̵ ̵ ̵ ̵ ̵zero_add, add_zero,
  ̲  ̲ ̲ ̲ ̲ ̲sub_zero, zero_sub, neg_zero]

Note: This linter can be disabled with `set_option linter.unusedSimpArgs false`
warning: JanusFormal/Branches/FundamentalGeometryPVariationalPrinciple/Gates/P0EFTJanusProgramPD9PrimitiveSpinCHopfZeroModeDiracEquation4D.lean:1851:6: This simp argument is unused:
  hopfTangentialIncrement_zero_zero

Hint: Omit it from the simp argument list.
  simp only [hopfNorthFirstCovariantAlgebra,
  ̵  ̵ ̵ ̵ ̵ ̵hopfNorthSecondCovariantAlgebra,
        hopfNorthFirstDerivativeAlgebra,
  ̵  ̵ ̵ ̵ ̵ ̵hopfNorthSecondDerivativeAlgebra,
        hopfNorthFirstScalarAlgebra,
  ̵  ̵ ̵ ̵ ̵ ̵hopfNorthSecondScalarAlgebra,
  ̵  ̵ ̵ ̵ ̵ ̵hopfNorthConnectionAlgebra_zero,
        hopfNorthConnectionAlgebra_one,
  ̵  ̵ ̵ ̵ ̵ ̵hopfNorthConnectionAlgebra_two,
        hopfTangentialIncrement_z̵e̵r̵o_̵z̵e̵r̵o̵,̵
  ̵ ̵ ̵ ̵ ̵ ̵ ̵h̵o̵p̵f̵T̵a̵ng̵en̵t̵i̵a̵l̵I̵n̵c̵r̵e̵m̵e̵n̵t̵_o̵n̵e̵_̵zero,
  ̵  ̵ ̵ ̵ ̵ ̵hopfTangentialIncrement_two_zero,
        hopfTangentialIncrement_zero_one,
  ̵  ̵ ̵ ̵ ̵ ̵hopfTangentialIncrement_one_one,
        hopfTangentialIncrement_two_one,
  ̵  ̵ ̵ ̵ ̵ ̵hopfTangentialIncrement_zero_two,
        hopfTangentialIncrement_one_two,
  ̵  ̵ ̵ ̵ ̵ ̵hopfTangentialIncrement_two_two,
  ̵  ̵ ̵ ̵ ̵ ̵Complex.add_re,
  ̲  ̲ ̲ ̲ ̲ ̲Complex.add_im, Complex.sub_re, Complex.sub_im,
  ̵  ̵ ̵ ̵ ̵ ̵Complex.neg_re, Complex.neg_im,
  ̲  ̲ ̲ ̲ ̲ ̲Complex.mul_re, Complex.mul_im,
  ̵  ̵ ̵ ̵ ̵ ̵Complex.ofReal_re, Complex.ofReal_im, Complex.I_re,
  ̲  ̲ ̲ ̲ ̲ ̲Complex.I_im,
  ̵  ̵ ̵ ̵ ̵ ̵Complex.real_smul,
  ̵  ̵ ̵ ̵ ̵ ̵zero_mul, mul_zero, one_mul, mul_one,
  ̵  ̵ ̵ ̵ ̵ ̵zero_add, add_zero,
  ̲  ̲ ̲ ̲ ̲ ̲sub_zero, zero_sub, neg_zero]

Note: This linter can be disabled with `set_option linter.unusedSimpArgs false`
warning: JanusFormal/Branches/FundamentalGeometryPVariationalPrinciple/Gates/P0EFTJanusProgramPD9PrimitiveSpinCHopfZeroModeDiracEquation4D.lean:1852:6: This simp argument is unused:
  hopfTangentialIncrement_one_zero

Hint: Omit it from the simp argument list.
  simp only [hopfNorthFirstCovariantAlgebra,
  ̵  ̵ ̵ ̵ ̵ ̵hopfNorthSecondCovariantAlgebra,
        hopfNorthFirstDerivativeAlgebra,
  ̵  ̵ ̵ ̵ ̵ ̵hopfNorthSecondDerivativeAlgebra,
        hopfNorthFirstScalarAlgebra,
  ̵  ̵ ̵ ̵ ̵ ̵hopfNorthSecondScalarAlgebra,
  ̵  ̵ ̵ ̵ ̵ ̵hopfNorthConnectionAlgebra_zero,
        hopfNorthConnectionAlgebra_one,
  ̵  ̵ ̵ ̵ ̵ ̵hopfNorthConnectionAlgebra_two,
        hopfTangentialIncrement_zero_zero,
  ̵  ̵ ̵ ̵ ̵ ̵hopfTangentialIncrement_o̵n̵e̵_̵z̵e̵r̵o̵,̵
  ̵ ̵ ̵ ̵ ̵ ̵ ̵h̵o̵p̵f̵T̵a̵n̵g̵e̵n̵ti̵a̵l̵I̵n̵c̵r̵e̵m̵e̵n̵t̵_̵t̵wo_zero,
        hopfTangentialIncrement_zero_one,
  ̵  ̵ ̵ ̵ ̵ ̵hopfTangentialIncrement_one_one,
        hopfTangentialIncrement_two_one,
  ̵  ̵ ̵ ̵ ̵ ̵hopfTangentialIncrement_zero_two,
        hopfTangentialIncrement_one_two,
  ̵  ̵ ̵ ̵ ̵ ̵hopfTangentialIncrement_two_two,
  ̵  ̵ ̵ ̵ ̵ ̵Complex.add_re,
  ̲  ̲ ̲ ̲ ̲ ̲Complex.add_im, Complex.sub_re, Complex.sub_im,
  ̵  ̵ ̵ ̵ ̵ ̵Complex.neg_re, Complex.neg_im,
  ̲  ̲ ̲ ̲ ̲ ̲Complex.mul_re, Complex.mul_im,
  ̵  ̵ ̵ ̵ ̵ ̵Complex.ofReal_re, Complex.ofReal_im, Complex.I_re,
  ̲  ̲ ̲ ̲ ̲ ̲Complex.I_im,
  ̵  ̵ ̵ ̵ ̵ ̵Complex.real_smul,
  ̵  ̵ ̵ ̵ ̵ ̵zero_mul, mul_zero, one_mul, mul_one,
  ̵  ̵ ̵ ̵ ̵ ̵zero_add, add_zero,
  ̲  ̲ ̲ ̲ ̲ ̲sub_zero, zero_sub, neg_zero]

Note: This linter can be disabled with `set_option linter.unusedSimpArgs false`
warning: JanusFormal/Branches/FundamentalGeometryPVariationalPrinciple/Gates/P0EFTJanusProgramPD9PrimitiveSpinCHopfZeroModeDiracEquation4D.lean:1853:6: This simp argument is unused:
  hopfTangentialIncrement_two_zero

Hint: Omit it from the simp argument list.
  simp only [hopfNorthFirstCovariantAlgebra,
  ̵  ̵ ̵ ̵ ̵ ̵hopfNorthSecondCovariantAlgebra,
        hopfNorthFirstDerivativeAlgebra,
  ̵  ̵ ̵ ̵ ̵ ̵hopfNorthSecondDerivativeAlgebra,
        hopfNorthFirstScalarAlgebra,
  ̵  ̵ ̵ ̵ ̵ ̵hopfNorthSecondScalarAlgebra,
  ̵  ̵ ̵ ̵ ̵ ̵hopfNorthConnectionAlgebra_zero,
        hopfNorthConnectionAlgebra_one,
  ̵  ̵ ̵ ̵ ̵ ̵hopfNorthConnectionAlgebra_two,
        hopfTangentialIncrement_zero_zero,
  ̵  ̵ ̵ ̵ ̵ ̵hopfTangentialIncrement_on̵e̵n̲e̲_zero,
        hopfTangentialIncrement_t̵w̵o̵_̵zero,̵
  ̵ ̵ ̵ ̵ ̵ ̵ ̵h̵o̵p̵f̵T̵a̵n̵g̵e̵n̵t̵i̵a̵l̵I̵n̵c̵r̵e̵m̵e̵n̵t̵_z̵e̵r̵o_̵o̵ne,
  ̵  ̵ ̵ ̵ ̵ ̵hopfTangentialIncrement_one_one,
        hopfTangentialIncrement_two_one,
  ̵  ̵ ̵ ̵ ̵ ̵hopfTangentialIncrement_zero_two,
        hopfTangentialIncrement_one_two,
  ̵  ̵ ̵ ̵ ̵ ̵hopfTangentialIncrement_two_two,
  ̵  ̵ ̵ ̵ ̵ ̵Complex.add_re,
  ̲  ̲ ̲ ̲ ̲ ̲Complex.add_im, Complex.sub_re, Complex.sub_im,
  ̵  ̵ ̵ ̵ ̵ ̵Complex.neg_re, Complex.neg_im,
  ̲  ̲ ̲ ̲ ̲ ̲Complex.mul_re, Complex.mul_im,
  ̵  ̵ ̵ ̵ ̵ ̵Complex.ofReal_re, Complex.ofReal_im, Complex.I_re,
  ̲  ̲ ̲ ̲ ̲ ̲Complex.I_im,
  ̵  ̵ ̵ ̵ ̵ ̵Complex.real_smul,
  ̵  ̵ ̵ ̵ ̵ ̵zero_mul, mul_zero, one_mul, mul_one,
  ̵  ̵ ̵ ̵ ̵ ̵zero_add, add_zero,
  ̲  ̲ ̲ ̲ ̲ ̲sub_zero, zero_sub, neg_zero]

Note: This linter can be disabled with `set_option linter.unusedSimpArgs false`
warning: JanusFormal/Branches/FundamentalGeometryPVariationalPrinciple/Gates/P0EFTJanusProgramPD9PrimitiveSpinCHopfZeroModeDiracEquation4D.lean:1857:6: This simp argument is unused:
  hopfTangentialIncrement_zero_two

Hint: Omit it from the simp argument list.
  simp only [hopfNorthFirstCovariantAlgebra, hopfNorthSecondCovariantAlgebra,
        hopfNorthFirstDerivativeAlgebra, hopfNorthSecondDerivativeAlgebra,
        hopfNorthFirstScalarAlgebra, hopfNorthSecondScalarAlgebra, hopfNorthConnectionAlgebra_zero,
        hopfNorthConnectionAlgebra_one, hopfNorthConnectionAlgebra_two,
        hopfTangentialIncrement_zero_zero, hopfTangentialIncrement_one_zero,
        hopfTangentialIncrement_two_zero, hopfTangentialIncrement_zero_one,
        hopfTangentialIncrement_one_one, hopfTangentialIncrement_two_one,
        h̵o̵p̵f̵T̵a̵n̵g̵e̵n̵t̵i̵a̵l̵I̵n̵c̵r̵e̵m̵e̵n̵t̵_̵z̵e̵r̵o̵_̵t̵w̵o̵,̵hopfTangentialIncrement_one_two, hopfTangentialIncrement_two_two, Complex.add_re,
        Complex.add_im, Complex.sub_re, Complex.sub_im, Complex.neg_re, Complex.neg_im,
  ̲  ̲ ̲ ̲ ̲ ̲Complex.mul_re, Complex.mul_im, Complex.ofReal_re, Complex.ofReal_im, Complex.I_re,
  ̲  ̲ ̲ ̲ ̲ ̲Complex.I_im, Complex.real_smul, zero_mul, mul_zero, one_mul, mul_one, zero_add, add_zero,
  ̲  ̲ ̲ ̲ ̲ ̲sub_zero, zero_sub, neg_zero]

Note: This linter can be disabled with `set_option linter.unusedSimpArgs false`
warning: JanusFormal/Branches/FundamentalGeometryPVariationalPrinciple/Gates/P0EFTJanusProgramPD9PrimitiveSpinCHopfZeroModeDiracEquation4D.lean:1858:6: This simp argument is unused:
  hopfTangentialIncrement_one_two

Hint: Omit it from the simp argument list.
  simp only [hopfNorthFirstCovariantAlgebra,
  ̵  ̵ ̵ ̵ ̵ ̵hopfNorthSecondCovariantAlgebra,
        hopfNorthFirstDerivativeAlgebra,
  ̵  ̵ ̵ ̵ ̵ ̵hopfNorthSecondDerivativeAlgebra,
        hopfNorthFirstScalarAlgebra,
  ̵  ̵ ̵ ̵ ̵ ̵hopfNorthSecondScalarAlgebra,
  ̵  ̵ ̵ ̵ ̵ ̵hopfNorthConnectionAlgebra_zero,
        hopfNorthConnectionAlgebra_one,
  ̵  ̵ ̵ ̵ ̵ ̵hopfNorthConnectionAlgebra_two,
        hopfTangentialIncrement_zero_zero,
  ̵  ̵ ̵ ̵ ̵ ̵hopfTangentialIncrement_one_zero,
        hopfTangentialIncrement_two_zero,
  ̵  ̵ ̵ ̵ ̵ ̵hopfTangentialIncrement_zero_one,
        hopfTangentialIncrement_one_one,
  ̵  ̵ ̵ ̵ ̵ ̵hopfTangentialIncrement_two_one,
        hopfTangentialIncrement_zero_two,
  ̵  ̵ ̵ ̵ ̵ ̵hopfTangentialIncrement_o̵n̵e̵_̵two,̵
  ̵ ̵ ̵ ̵ ̵ ̵ ̵h̵o̵p̵f̵T̵a̵n̵g̵e̵n̵t̵i̵a̵l̵I̵n̵c̵r̵e̵m̵e̵n̵t̵_two_̵t̵w̵o̵,
  ̵  ̵ ̵ ̵ ̵ ̵Complex.add_re,
  ̲  ̲ ̲ ̲ ̲ ̲Complex.add_im, Complex.sub_re, Complex.sub_im,
  ̵  ̵ ̵ ̵ ̵ ̵Complex.neg_re, Complex.neg_im,
  ̲  ̲ ̲ ̲ ̲ ̲Complex.mul_re, Complex.mul_im,
  ̵  ̵ ̵ ̵ ̵ ̵Complex.ofReal_re, Complex.ofReal_im, Complex.I_re,
  ̲  ̲ ̲ ̲ ̲ ̲Complex.I_im,
  ̵  ̵ ̵ ̵ ̵ ̵Complex.real_smul,
  ̵  ̵ ̵ ̵ ̵ ̵zero_mul, mul_zero, one_mul, mul_one,
  ̵  ̵ ̵ ̵ ̵ ̵zero_add, add_zero,
  ̲  ̲ ̲ ̲ ̲ ̲sub_zero, zero_sub, neg_zero]

Note: This linter can be disabled with `set_option linter.unusedSimpArgs false`
warning: JanusFormal/Branches/FundamentalGeometryPVariationalPrinciple/Gates/P0EFTJanusProgramPD9PrimitiveSpinCHopfZeroModeDiracEquation4D.lean:1859:6: This simp argument is unused:
  hopfTangentialIncrement_two_two

Hint: Omit it from the simp argument list.
  simp only [hopfNorthFirstCovariantAlgebra,
  ̵  ̵ ̵ ̵ ̵ ̵hopfNorthSecondCovariantAlgebra,
        hopfNorthFirstDerivativeAlgebra,
  ̵  ̵ ̵ ̵ ̵ ̵hopfNorthSecondDerivativeAlgebra,
        hopfNorthFirstScalarAlgebra,
  ̵  ̵ ̵ ̵ ̵ ̵hopfNorthSecondScalarAlgebra,
  ̵  ̵ ̵ ̵ ̵ ̵hopfNorthConnectionAlgebra_zero,
        hopfNorthConnectionAlgebra_one,
  ̵  ̵ ̵ ̵ ̵ ̵hopfNorthConnectionAlgebra_two,
        hopfTangentialIncrement_zero_zero,
  ̵  ̵ ̵ ̵ ̵ ̵hopfTangentialIncrement_one_zero,
        hopfTangentialIncrement_two_zero,
  ̵  ̵ ̵ ̵ ̵ ̵hopfTangentialIncrement_zero_one,
        hopfTangentialIncrement_one_one,
  ̵  ̵ ̵ ̵ ̵ ̵hopfTangentialIncrement_two_one,
        hopfTangentialIncrement_zero_two,
  ̵  ̵ ̵ ̵ ̵ ̵hopfTangentialIncrement_on̵e̵n̲e̲_two,
  ̵  ̵ ̵ ̵ ̵ ̵h̵o̵p̵f̵T̵a̵n̵g̵e̵n̵t̵i̵a̵l̵I̵n̵c̵r̵e̵m̵e̵n̵t̵_̵t̵w̵o̵_̵t̵w̵o̵,̵
  ̵ ̵ ̵ ̵ ̵ ̵ ̵Complex.add_re,
  ̲  ̲ ̲ ̲ ̲ ̲Complex.add_im, Complex.sub_re, Complex.sub_im,
  ̵  ̵ ̵ ̵ ̵ ̵Complex.neg_re, Complex.neg_im,
  ̲  ̲ ̲ ̲ ̲ ̲Complex.mul_re, Complex.mul_im,
  ̵  ̵ ̵ ̵ ̵ ̵Complex.ofReal_re, Complex.ofReal_im, Complex.I_re,
  ̲  ̲ ̲ ̲ ̲ ̲Complex.I_im,
  ̵  ̵ ̵ ̵ ̵ ̵Complex.real_smul,
  ̵  ̵ ̵ ̵ ̵ ̵zero_mul, mul_zero, one_mul, mul_one,
  ̵  ̵ ̵ ̵ ̵ ̵zero_add, add_zero,
  ̲  ̲ ̲ ̲ ̲ ̲sub_zero, zero_sub, neg_zero]

Note: This linter can be disabled with `set_option linter.unusedSimpArgs false`
warning: JanusFormal/Branches/FundamentalGeometryPVariationalPrinciple/Gates/P0EFTJanusProgramPD9PrimitiveSpinCHopfZeroModeDiracEquation4D.lean:1864:35: This simp argument is unused:
  mul_one

Hint: Omit it from the simp argument list.
  simp only [hopfNorthFirstCovariantAlgebra,
  ̵  ̵ ̵ ̵ ̵ ̵hopfNorthSecondCovariantAlgebra,
        hopfNorthFirstDerivativeAlgebra,
  ̵  ̵ ̵ ̵ ̵ ̵hopfNorthSecondDerivativeAlgebra,
        hopfNorthFirstScalarAlgebra,
  ̵  ̵ ̵ ̵ ̵ ̵hopfNorthSecondScalarAlgebra,
  ̵  ̵ ̵ ̵ ̵ ̵hopfNorthConnectionAlgebra_zero,
        hopfNorthConnectionAlgebra_one,
  ̵  ̵ ̵ ̵ ̵ ̵hopfNorthConnectionAlgebra_two,
        hopfTangentialIncrement_zero_zero,
  ̵  ̵ ̵ ̵ ̵ ̵hopfTangentialIncrement_one_zero,
        hopfTangentialIncrement_two_zero,
  ̵  ̵ ̵ ̵ ̵ ̵hopfTangentialIncrement_zero_one,
        hopfTangentialIncrement_one_one,
  ̵  ̵ ̵ ̵ ̵ ̵hopfTangentialIncrement_two_one,
        hopfTangentialIncrement_zero_two,
  ̵  ̵ ̵ ̵ ̵ ̵hopfTangentialIncrement_one_two,
        hopfTangentialIncrement_two_two,
  ̵  ̵ ̵ ̵ ̵ ̵Complex.add_re, Complex.add_im, Complex.sub_re,
  ̲  ̲ ̲ ̲ ̲ ̲Complex.sub_im,
  ̵  ̵ ̵ ̵ ̵ ̵Complex.neg_re, Complex.neg_im, Complex.mul_re, Complex.mul_im,
        Complex.ofReal_re, Complex.ofReal_im, Complex.I_re, Complex.I_im,
  ̵  ̵ ̵ ̵ ̵ ̵Complex.real_smul,
  ̵  ̵ ̵ ̵ ̵ ̵zero_mul,
  ̲  ̲ ̲ ̲ ̲ ̲mul_zero, one_mul, m̵u̵l̵_̵o̵n̵e̵,̵
  ̵ ̵ ̵ ̵ ̵ ̵ ̵zero_add, add_zero, sub_zero, zero_sub, neg_zero]

Note: This linter can be disabled with `set_option linter.unusedSimpArgs false`
warning: JanusFormal/Branches/FundamentalGeometryPVariationalPrinciple/Gates/P0EFTJanusProgramPD9PrimitiveSpinCHopfZeroModeDiracEquation4D.lean:1867:29: This simp argument is unused:
  hSqrtCube

Hint: Omit it from the simp argument list.
  simp only [hSqrtSq, hSqrtC̵u̵b̵e̵,̵ ̵h̵S̵q̵r̵t̵Fourth]

Note: This linter can be disabled with `set_option linter.unusedSimpArgs false`
warning: JanusFormal/Branches/FundamentalGeometryPVariationalPrinciple/Gates/P0EFTJanusProgramPD9PrimitiveSpinCHopfZeroModeDiracEquation4D.lean:1867:40: This simp argument is unused:
  hSqrtFourth

Hint: Omit it from the simp argument list.
  simp only [hSqrtSq, hSqrtCube,̵ ̵h̵S̵q̵r̵t̵F̵o̵u̵r̵t̵h̵]

Note: This linter can be disabled with `set_option linter.unusedSimpArgs false`
warning: JanusFormal/Branches/FundamentalGeometryPVariationalPrinciple/Gates/P0EFTJanusProgramPD9PrimitiveSpinCHopfZeroModeDiracEquation4D.lean:1868:12: Used `tac1 <;> tac2` where `(tac1; tac2)` would suffice

Note: This linter can be disabled with `set_option linter.unnecessarySeqFocus false`
warning: JanusFormal/Branches/FundamentalGeometryPVariationalPrinciple/Gates/P0EFTJanusProgramPD9PrimitiveSpinCHopfZeroModeDiracEquation4D.lean:1874:5: Variable name `hPlus` is not explicitly referenced.

The binding can be removed (if unused) or named `_` (if used implicitly).

Note: This linter can be disabled with `set_option linter.unusedVariables false`
warning: JanusFormal/Branches/FundamentalGeometryPVariationalPrinciple/Gates/P0EFTJanusProgramPD9PrimitiveSpinCHopfZeroModeDiracEquation4D.lean:1876:5: Variable name `hSphere` is not explicitly referenced.

The binding can be removed (if unused) or named `_` (if used implicitly).

Note: This linter can be disabled with `set_option linter.unusedVariables false`
warning: JanusFormal/Branches/FundamentalGeometryPVariationalPrinciple/Gates/P0EFTJanusProgramPD9PrimitiveSpinCHopfZeroModeDiracEquation4D.lean:1899:6: This simp argument is unused:
  hopfNorthConnectionAlgebra_zero

Hint: Omit it from the simp argument list.
  simp only [hopfNorthFirstCovariantAlgebra,
  ̵  ̵ ̵ ̵ ̵ ̵hopfNorthSecondCovariantAlgebra,
        hopfNorthFirstDerivativeAlgebra,
  ̵  ̵ ̵ ̵ ̵ ̵hopfNorthSecondDerivativeAlgebra,
        hopfNorthFirstScalarAlgebra,
  ̵  ̵ ̵ ̵ ̵ ̵hopfNorthSecondScalarAlgebra,
  ̵  ̵ ̵ ̵ ̵ ̵hopfNorthConnectionAlgebra_z̵e̵r̵o,̵
  ̵ ̵ ̵ ̵ ̵ ̵ ̵h̵o̵p̵f̵N̵o̵r̵t̵h̵C̵o̵nn̵ec̵t̵i̵o̵n̵A̵l̵g̵e̵b̵r̵a̵_̵o̵n̵e̵,
        hopfNorthConnectionAlgebra_two,
  ̵  ̵ ̵ ̵ ̵ ̵hopfTangentialIncrement_zero_zero,
        hopfTangentialIncrement_one_zero,
  ̵  ̵ ̵ ̵ ̵ ̵hopfTangentialIncrement_two_zero,
        hopfTangentialIncrement_zero_one,
  ̵  ̵ ̵ ̵ ̵ ̵hopfTangentialIncrement_one_one,
        hopfTangentialIncrement_two_one,
  ̵  ̵ ̵ ̵ ̵ ̵hopfTangentialIncrement_zero_two,
        hopfTangentialIncrement_one_two,
  ̵  ̵ ̵ ̵ ̵ ̵hopfTangentialIncrement_two_two,
  ̵  ̵ ̵ ̵ ̵ ̵Complex.add_re,
  ̲  ̲ ̲ ̲ ̲ ̲Complex.add_im, Complex.sub_re, Complex.sub_im,
  ̵  ̵ ̵ ̵ ̵ ̵Complex.neg_re, Complex.neg_im,
  ̲  ̲ ̲ ̲ ̲ ̲Complex.mul_re, Complex.mul_im,
  ̵  ̵ ̵ ̵ ̵ ̵Complex.ofReal_re, Complex.ofReal_im, Complex.I_re,
  ̲  ̲ ̲ ̲ ̲ ̲Complex.I_im,
  ̵  ̵ ̵ ̵ ̵ ̵zero_mul, mul_zero, one_mul, mul_one,
  ̵  ̵ ̵ ̵ ̵ ̵zero_add, add_zero, sub_zero, zero_sub,
  ̲  ̲ ̲ ̲ ̲ ̲neg_zero]

Note: This linter can be disabled with `set_option linter.unusedSimpArgs false`
warning: JanusFormal/Branches/FundamentalGeometryPVariationalPrinciple/Gates/P0EFTJanusProgramPD9PrimitiveSpinCHopfZeroModeDiracEquation4D.lean:1900:6: This simp argument is unused:
  hopfNorthConnectionAlgebra_one

Hint: Omit it from the simp argument list.
  simp only [hopfNorthFirstCovariantAlgebra,
  ̵  ̵ ̵ ̵ ̵ ̵hopfNorthSecondCovariantAlgebra,
        hopfNorthFirstDerivativeAlgebra,
  ̵  ̵ ̵ ̵ ̵ ̵hopfNorthSecondDerivativeAlgebra,
        hopfNorthFirstScalarAlgebra,
  ̵  ̵ ̵ ̵ ̵ ̵hopfNorthSecondScalarAlgebra,
  ̵  ̵ ̵ ̵ ̵ ̵hopfNorthConnectionAlgebra_zero,
        hopfNorthConnectionAlgebra_o̵n̵e̵,̵
  ̵ ̵ ̵ ̵ ̵ ̵ ̵h̵o̵p̵f̵N̵o̵r̵th̵C̵o̵n̵n̵e̵c̵t̵i̵o̵n̵A̵l̵g̵e̵b̵r̵a̵_̵t̵wo,
  ̵  ̵ ̵ ̵ ̵ ̵hopfTangentialIncrement_zero_zero,
        hopfTangentialIncrement_one_zero,
  ̵  ̵ ̵ ̵ ̵ ̵hopfTangentialIncrement_two_zero,
        hopfTangentialIncrement_zero_one,
  ̵  ̵ ̵ ̵ ̵ ̵hopfTangentialIncrement_one_one,
        hopfTangentialIncrement_two_one,
  ̵  ̵ ̵ ̵ ̵ ̵hopfTangentialIncrement_zero_two,
        hopfTangentialIncrement_one_two,
  ̵  ̵ ̵ ̵ ̵ ̵hopfTangentialIncrement_two_two,
  ̵  ̵ ̵ ̵ ̵ ̵Complex.add_re,
  ̲  ̲ ̲ ̲ ̲ ̲Complex.add_im, Complex.sub_re, Complex.sub_im,
  ̵  ̵ ̵ ̵ ̵ ̵Complex.neg_re, Complex.neg_im,
  ̲  ̲ ̲ ̲ ̲ ̲Complex.mul_re, Complex.mul_im,
  ̵  ̵ ̵ ̵ ̵ ̵Complex.ofReal_re, Complex.ofReal_im, Complex.I_re,
  ̲  ̲ ̲ ̲ ̲ ̲Complex.I_im,
  ̵  ̵ ̵ ̵ ̵ ̵zero_mul, mul_zero, one_mul, mul_one,
  ̵  ̵ ̵ ̵ ̵ ̵zero_add, add_zero, sub_zero, zero_sub,
  ̲  ̲ ̲ ̲ ̲ ̲neg_zero]

Note: This linter can be disabled with `set_option linter.unusedSimpArgs false`
warning: JanusFormal/Branches/FundamentalGeometryPVariationalPrinciple/Gates/P0EFTJanusProgramPD9PrimitiveSpinCHopfZeroModeDiracEquation4D.lean:1902:6: This simp argument is unused:
  hopfTangentialIncrement_zero_zero

Hint: Omit it from the simp argument list.
  simp only [hopfNorthFirstCovariantAlgebra,
  ̵  ̵ ̵ ̵ ̵ ̵hopfNorthSecondCovariantAlgebra,
        hopfNorthFirstDerivativeAlgebra,
  ̵  ̵ ̵ ̵ ̵ ̵hopfNorthSecondDerivativeAlgebra,
        hopfNorthFirstScalarAlgebra,
  ̵  ̵ ̵ ̵ ̵ ̵hopfNorthSecondScalarAlgebra,
  ̵  ̵ ̵ ̵ ̵ ̵hopfNorthConnectionAlgebra_zero,
        hopfNorthConnectionAlgebra_one,
  ̵  ̵ ̵ ̵ ̵ ̵hopfNorthConnectionAlgebra_two,
        hopfTangentialIncrement_z̵e̵r̵o_̵z̵e̵r̵o̵,̵
  ̵ ̵ ̵ ̵ ̵ ̵ ̵h̵o̵p̵f̵T̵a̵ng̵en̵t̵i̵a̵l̵I̵n̵c̵r̵e̵m̵e̵n̵t̵_o̵n̵e̵_̵zero,
  ̵  ̵ ̵ ̵ ̵ ̵hopfTangentialIncrement_two_zero,
        hopfTangentialIncrement_zero_one,
  ̵  ̵ ̵ ̵ ̵ ̵hopfTangentialIncrement_one_one,
        hopfTangentialIncrement_two_one,
  ̵  ̵ ̵ ̵ ̵ ̵hopfTangentialIncrement_zero_two,
        hopfTangentialIncrement_one_two,
  ̵  ̵ ̵ ̵ ̵ ̵hopfTangentialIncrement_two_two,
  ̵  ̵ ̵ ̵ ̵ ̵Complex.add_re,
  ̲  ̲ ̲ ̲ ̲ ̲Complex.add_im, Complex.sub_re, Complex.sub_im,
  ̵  ̵ ̵ ̵ ̵ ̵Complex.neg_re, Complex.neg_im,
  ̲  ̲ ̲ ̲ ̲ ̲Complex.mul_re, Complex.mul_im,
  ̵  ̵ ̵ ̵ ̵ ̵Complex.ofReal_re, Complex.ofReal_im, Complex.I_re,
  ̲  ̲ ̲ ̲ ̲ ̲Complex.I_im,
  ̵  ̵ ̵ ̵ ̵ ̵zero_mul, mul_zero, one_mul, mul_one,
  ̵  ̵ ̵ ̵ ̵ ̵zero_add, add_zero, sub_zero, zero_sub,
  ̲  ̲ ̲ ̲ ̲ ̲neg_zero]

Note: This linter can be disabled with `set_option linter.unusedSimpArgs false`
warning: JanusFormal/Branches/FundamentalGeometryPVariationalPrinciple/Gates/P0EFTJanusProgramPD9PrimitiveSpinCHopfZeroModeDiracEquation4D.lean:1903:6: This simp argument is unused:
  hopfTangentialIncrement_one_zero

Hint: Omit it from the simp argument list.
  simp only [hopfNorthFirstCovariantAlgebra,
  ̵  ̵ ̵ ̵ ̵ ̵hopfNorthSecondCovariantAlgebra,
        hopfNorthFirstDerivativeAlgebra,
  ̵  ̵ ̵ ̵ ̵ ̵hopfNorthSecondDerivativeAlgebra,
        hopfNorthFirstScalarAlgebra,
  ̵  ̵ ̵ ̵ ̵ ̵hopfNorthSecondScalarAlgebra,
  ̵  ̵ ̵ ̵ ̵ ̵hopfNorthConnectionAlgebra_zero,
        hopfNorthConnectionAlgebra_one,
  ̵  ̵ ̵ ̵ ̵ ̵hopfNorthConnectionAlgebra_two,
        hopfTangentialIncrement_zero_zero,
  ̵  ̵ ̵ ̵ ̵ ̵hopfTangentialIncrement_o̵n̵e̵_̵z̵e̵r̵o̵,̵
  ̵ ̵ ̵ ̵ ̵ ̵ ̵h̵o̵p̵f̵T̵a̵n̵g̵e̵n̵ti̵a̵l̵I̵n̵c̵r̵e̵m̵e̵n̵t̵_̵t̵wo_zero,
        hopfTangentialIncrement_zero_one,
  ̵  ̵ ̵ ̵ ̵ ̵hopfTangentialIncrement_one_one,
        hopfTangentialIncrement_two_one,
  ̵  ̵ ̵ ̵ ̵ ̵hopfTangentialIncrement_zero_two,
        hopfTangentialIncrement_one_two,
  ̵  ̵ ̵ ̵ ̵ ̵hopfTangentialIncrement_two_two,
  ̵  ̵ ̵ ̵ ̵ ̵Complex.add_re,
  ̲  ̲ ̲ ̲ ̲ ̲Complex.add_im, Complex.sub_re, Complex.sub_im,
  ̵  ̵ ̵ ̵ ̵ ̵Complex.neg_re, Complex.neg_im,
  ̲  ̲ ̲ ̲ ̲ ̲Complex.mul_re, Complex.mul_im,
  ̵  ̵ ̵ ̵ ̵ ̵Complex.ofReal_re, Complex.ofReal_im, Complex.I_re,
  ̲  ̲ ̲ ̲ ̲ ̲Complex.I_im,
  ̵  ̵ ̵ ̵ ̵ ̵zero_mul, mul_zero, one_mul, mul_one,
  ̵  ̵ ̵ ̵ ̵ ̵zero_add, add_zero, sub_zero, zero_sub,
  ̲  ̲ ̲ ̲ ̲ ̲neg_zero]

Note: This linter can be disabled with `set_option linter.unusedSimpArgs false`
warning: JanusFormal/Branches/FundamentalGeometryPVariationalPrinciple/Gates/P0EFTJanusProgramPD9PrimitiveSpinCHopfZeroModeDiracEquation4D.lean:1904:6: This simp argument is unused:
  hopfTangentialIncrement_two_zero

Hint: Omit it from the simp argument list.
  simp only [hopfNorthFirstCovariantAlgebra,
  ̵  ̵ ̵ ̵ ̵ ̵hopfNorthSecondCovariantAlgebra,
        hopfNorthFirstDerivativeAlgebra,
  ̵  ̵ ̵ ̵ ̵ ̵hopfNorthSecondDerivativeAlgebra,
        hopfNorthFirstScalarAlgebra,
  ̵  ̵ ̵ ̵ ̵ ̵hopfNorthSecondScalarAlgebra,
  ̵  ̵ ̵ ̵ ̵ ̵hopfNorthConnectionAlgebra_zero,
        hopfNorthConnectionAlgebra_one,
  ̵  ̵ ̵ ̵ ̵ ̵hopfNorthConnectionAlgebra_two,
        hopfTangentialIncrement_zero_zero,
  ̵  ̵ ̵ ̵ ̵ ̵hopfTangentialIncrement_on̵e̵n̲e̲_zero,
        hopfTangentialIncrement_t̵w̵o̵_̵zero,̵
  ̵ ̵ ̵ ̵ ̵ ̵ ̵h̵o̵p̵f̵T̵a̵n̵g̵e̵n̵t̵i̵a̵l̵I̵n̵c̵r̵e̵m̵e̵n̵t̵_z̵e̵r̵o_̵o̵ne,
  ̵  ̵ ̵ ̵ ̵ ̵hopfTangentialIncrement_one_one,
        hopfTangentialIncrement_two_one,
  ̵  ̵ ̵ ̵ ̵ ̵hopfTangentialIncrement_zero_two,
        hopfTangentialIncrement_one_two,
  ̵  ̵ ̵ ̵ ̵ ̵hopfTangentialIncrement_two_two,
  ̵  ̵ ̵ ̵ ̵ ̵Complex.add_re,
  ̲  ̲ ̲ ̲ ̲ ̲Complex.add_im, Complex.sub_re, Complex.sub_im,
  ̵  ̵ ̵ ̵ ̵ ̵Complex.neg_re, Complex.neg_im,
  ̲  ̲ ̲ ̲ ̲ ̲Complex.mul_re, Complex.mul_im,
  ̵  ̵ ̵ ̵ ̵ ̵Complex.ofReal_re, Complex.ofReal_im, Complex.I_re,
  ̲  ̲ ̲ ̲ ̲ ̲Complex.I_im,
  ̵  ̵ ̵ ̵ ̵ ̵zero_mul, mul_zero, one_mul, mul_one,
  ̵  ̵ ̵ ̵ ̵ ̵zero_add, add_zero, sub_zero, zero_sub,
  ̲  ̲ ̲ ̲ ̲ ̲neg_zero]

Note: This linter can be disabled with `set_option linter.unusedSimpArgs false`
warning: JanusFormal/Branches/FundamentalGeometryPVariationalPrinciple/Gates/P0EFTJanusProgramPD9PrimitiveSpinCHopfZeroModeDiracEquation4D.lean:1905:6: This simp argument is unused:
  hopfTangentialIncrement_zero_one

Hint: Omit it from the simp argument list.
  simp only [hopfNorthFirstCovariantAlgebra,
  ̵  ̵ ̵ ̵ ̵ ̵hopfNorthSecondCovariantAlgebra,
        hopfNorthFirstDerivativeAlgebra,
  ̵  ̵ ̵ ̵ ̵ ̵hopfNorthSecondDerivativeAlgebra,
        hopfNorthFirstScalarAlgebra,
  ̵  ̵ ̵ ̵ ̵ ̵hopfNorthSecondScalarAlgebra,
  ̵  ̵ ̵ ̵ ̵ ̵hopfNorthConnectionAlgebra_zero,
        hopfNorthConnectionAlgebra_one,
  ̵  ̵ ̵ ̵ ̵ ̵hopfNorthConnectionAlgebra_two,
        hopfTangentialIncrement_zero_zero,
  ̵  ̵ ̵ ̵ ̵ ̵hopfTangentialIncrement_one_zero,
        hopfTangentialIncrement_two_zero,
  ̵  ̵ ̵ ̵ ̵ ̵hopfTangentialIncrement_z̵e̵r̵o_̵o̵ne,̵
  ̵ ̵ ̵ ̵ ̵ ̵ ̵h̵o̵p̵f̵T̵a̵n̵g̵e̵n̵t̵i̵a̵l̵I̵n̵c̵r̵e̵m̵e̵n̵t̵_one_̵o̵n̵e̵,
        hopfTangentialIncrement_two_one,
  ̵  ̵ ̵ ̵ ̵ ̵hopfTangentialIncrement_zero_two,
        hopfTangentialIncrement_one_two,
  ̵  ̵ ̵ ̵ ̵ ̵hopfTangentialIncrement_two_two,
  ̵  ̵ ̵ ̵ ̵ ̵Complex.add_re,
  ̲  ̲ ̲ ̲ ̲ ̲Complex.add_im, Complex.sub_re, Complex.sub_im,
  ̵  ̵ ̵ ̵ ̵ ̵Complex.neg_re, Complex.neg_im,
  ̲  ̲ ̲ ̲ ̲ ̲Complex.mul_re, Complex.mul_im,
  ̵  ̵ ̵ ̵ ̵ ̵Complex.ofReal_re, Complex.ofReal_im, Complex.I_re,
  ̲  ̲ ̲ ̲ ̲ ̲Complex.I_im,
  ̵  ̵ ̵ ̵ ̵ ̵zero_mul, mul_zero, one_mul, mul_one,
  ̵  ̵ ̵ ̵ ̵ ̵zero_add, add_zero, sub_zero, zero_sub,
  ̲  ̲ ̲ ̲ ̲ ̲neg_zero]

Note: This linter can be disabled with `set_option linter.unusedSimpArgs false`
warning: JanusFormal/Branches/FundamentalGeometryPVariationalPrinciple/Gates/P0EFTJanusProgramPD9PrimitiveSpinCHopfZeroModeDiracEquation4D.lean:1906:6: This simp argument is unused:
  hopfTangentialIncrement_one_one

Hint: Omit it from the simp argument list.
  simp only [hopfNorthFirstCovariantAlgebra,
  ̵  ̵ ̵ ̵ ̵ ̵hopfNorthSecondCovariantAlgebra,
        hopfNorthFirstDerivativeAlgebra,
  ̵  ̵ ̵ ̵ ̵ ̵hopfNorthSecondDerivativeAlgebra,
        hopfNorthFirstScalarAlgebra,
  ̵  ̵ ̵ ̵ ̵ ̵hopfNorthSecondScalarAlgebra,
  ̵  ̵ ̵ ̵ ̵ ̵hopfNorthConnectionAlgebra_zero,
        hopfNorthConnectionAlgebra_one,
  ̵  ̵ ̵ ̵ ̵ ̵hopfNorthConnectionAlgebra_two,
        hopfTangentialIncrement_zero_zero,
  ̵  ̵ ̵ ̵ ̵ ̵hopfTangentialIncrement_one_zero,
        hopfTangentialIncrement_two_zero,
  ̵  ̵ ̵ ̵ ̵ ̵hopfTangentialIncrement_zero_one,
        hopfTangentialIncrement_o̵n̵e̵_̵o̵n̵e̵,̵
  ̵ ̵ ̵ ̵ ̵ ̵ ̵h̵o̵p̵f̵T̵a̵n̵g̵e̵n̵ti̵a̵l̵I̵n̵c̵r̵e̵m̵e̵n̵t̵_̵t̵wo_one,
  ̵  ̵ ̵ ̵ ̵ ̵hopfTangentialIncrement_zero_two,
        hopfTangentialIncrement_one_two,
  ̵  ̵ ̵ ̵ ̵ ̵hopfTangentialIncrement_two_two,
  ̵  ̵ ̵ ̵ ̵ ̵Complex.add_re,
  ̲  ̲ ̲ ̲ ̲ ̲Complex.add_im, Complex.sub_re, Complex.sub_im,
  ̵  ̵ ̵ ̵ ̵ ̵Complex.neg_re, Complex.neg_im,
  ̲  ̲ ̲ ̲ ̲ ̲Complex.mul_re, Complex.mul_im,
  ̵  ̵ ̵ ̵ ̵ ̵Complex.ofReal_re, Complex.ofReal_im, Complex.I_re,
  ̲  ̲ ̲ ̲ ̲ ̲Complex.I_im,
  ̵  ̵ ̵ ̵ ̵ ̵zero_mul, mul_zero, one_mul, mul_one,
  ̵  ̵ ̵ ̵ ̵ ̵zero_add, add_zero, sub_zero, zero_sub,
  ̲  ̲ ̲ ̲ ̲ ̲neg_zero]

Note: This linter can be disabled with `set_option linter.unusedSimpArgs false`
warning: JanusFormal/Branches/FundamentalGeometryPVariationalPrinciple/Gates/P0EFTJanusProgramPD9PrimitiveSpinCHopfZeroModeDiracEquation4D.lean:1907:6: This simp argument is unused:
  hopfTangentialIncrement_two_one

Hint: Omit it from the simp argument list.
  simp only [hopfNorthFirstCovariantAlgebra, hopfNorthSecondCovariantAlgebra,
        hopfNorthFirstDerivativeAlgebra, hopfNorthSecondDerivativeAlgebra,
        hopfNorthFirstScalarAlgebra, hopfNorthSecondScalarAlgebra, hopfNorthConnectionAlgebra_zero,
        hopfNorthConnectionAlgebra_one, hopfNorthConnectionAlgebra_two,
        hopfTangentialIncrement_zero_zero, hopfTangentialIncrement_one_zero,
        hopfTangentialIncrement_two_zero, hopfTangentialIncrement_zero_one,
        hopfTangentialIncrement_one_one, h̵o̵p̵f̵T̵a̵n̵g̵e̵n̵t̵i̵a̵l̵I̵n̵c̵r̵e̵m̵e̵n̵t̵_̵t̵w̵o̵_̵o̵n̵e̵,̵hopfTangentialIncrement_zero_two,
        hopfTangentialIncrement_one_two, hopfTangentialIncrement_two_two, Complex.add_re,
        Complex.add_im, Complex.sub_re, Complex.sub_im, Complex.neg_re, Complex.neg_im,
  ̲  ̲ ̲ ̲ ̲ ̲Complex.mul_re, Complex.mul_im, Complex.ofReal_re, Complex.ofReal_im, Complex.I_re,
  ̲  ̲ ̲ ̲ ̲ ̲Complex.I_im, zero_mul, mul_zero, one_mul, mul_one, zero_add, add_zero, sub_zero, zero_sub,
  ̲  ̲ ̲ ̲ ̲ ̲neg_zero]

Note: This linter can be disabled with `set_option linter.unusedSimpArgs false`
warning: JanusFormal/Branches/FundamentalGeometryPVariationalPrinciple/Gates/P0EFTJanusProgramPD9PrimitiveSpinCHopfZeroModeDiracEquation4D.lean:1914:35: This simp argument is unused:
  mul_one

Hint: Omit it from the simp argument list.
  simp only [hopfNorthFirstCovariantAlgebra,
  ̵  ̵ ̵ ̵ ̵ ̵hopfNorthSecondCovariantAlgebra,
        hopfNorthFirstDerivativeAlgebra,
  ̵  ̵ ̵ ̵ ̵ ̵hopfNorthSecondDerivativeAlgebra,
        hopfNorthFirstScalarAlgebra,
  ̵  ̵ ̵ ̵ ̵ ̵hopfNorthSecondScalarAlgebra,
  ̵  ̵ ̵ ̵ ̵ ̵hopfNorthConnectionAlgebra_zero,
        hopfNorthConnectionAlgebra_one,
  ̵  ̵ ̵ ̵ ̵ ̵hopfNorthConnectionAlgebra_two,
        hopfTangentialIncrement_zero_zero,
  ̵  ̵ ̵ ̵ ̵ ̵hopfTangentialIncrement_one_zero,
        hopfTangentialIncrement_two_zero,
  ̵  ̵ ̵ ̵ ̵ ̵hopfTangentialIncrement_zero_one,
        hopfTangentialIncrement_one_one,
  ̵  ̵ ̵ ̵ ̵ ̵hopfTangentialIncrement_two_one,
        hopfTangentialIncrement_zero_two,
  ̵  ̵ ̵ ̵ ̵ ̵hopfTangentialIncrement_one_two,
        hopfTangentialIncrement_two_two,
  ̵  ̵ ̵ ̵ ̵ ̵Complex.add_re, Complex.add_im, Complex.sub_re,
  ̲  ̲ ̲ ̲ ̲ ̲Complex.sub_im,
  ̵  ̵ ̵ ̵ ̵ ̵Complex.neg_re, Complex.neg_im, Complex.mul_re, Complex.mul_im,
        Complex.ofReal_re, Complex.ofReal_im, Complex.I_re, Complex.I_im,
  ̵  ̵ ̵ ̵ ̵ ̵zero_mul, mul_zero, one_mul, ̵m̵u̵l̵_̵o̵n̵e̵,̵
        zero_add, add_zero, sub_zero, zero_sub, neg_zero]

Note: This linter can be disabled with `set_option linter.unusedSimpArgs false`
warning: JanusFormal/Branches/FundamentalGeometryPVariationalPrinciple/Gates/P0EFTJanusProgramPD9PrimitiveSpinCHopfZeroModeDiracEquation4D.lean:1917:29: This simp argument is unused:
  hSqrtCube

Hint: Omit it from the simp argument list.
  simp only [hSqrtSq, hSqrtC̵u̵b̵e̵,̵ ̵h̵S̵q̵r̵t̵Fourth]

Note: This linter can be disabled with `set_option linter.unusedSimpArgs false`
warning: JanusFormal/Branches/FundamentalGeometryPVariationalPrinciple/Gates/P0EFTJanusProgramPD9PrimitiveSpinCHopfZeroModeDiracEquation4D.lean:1917:40: This simp argument is unused:
  hSqrtFourth

Hint: Omit it from the simp argument list.
  simp only [hSqrtSq, hSqrtCube,̵ ̵h̵S̵q̵r̵t̵F̵o̵u̵r̵t̵h̵]

Note: This linter can be disabled with `set_option linter.unusedSimpArgs false`
warning: JanusFormal/Branches/FundamentalGeometryPVariationalPrinciple/Gates/P0EFTJanusProgramPD9PrimitiveSpinCHopfZeroModeDiracEquation4D.lean:1919:4: 'nlinarith [hSqrtSq, hSphere]' tactic does nothing

Note: This linter can be disabled with `set_option linter.unusedTactic false`
warning: JanusFormal/Branches/FundamentalGeometryPVariationalPrinciple/Gates/P0EFTJanusProgramPD9PrimitiveSpinCHopfZeroModeDiracEquation4D.lean:1919:4: this tactic is never executed

Note: This linter can be disabled with `set_option linter.unreachableTactic false`
warning: JanusFormal/Branches/FundamentalGeometryPVariationalPrinciple/Gates/P0EFTJanusProgramPD9PrimitiveSpinCHopfZeroModeDiracEquation4D.lean:1964:6: This simp argument is unused:
  Complex.neg_re

Hint: Omit it from the simp argument list.
  simp only [hopfNorthFirstCovariantAlgebra,
  ̵  ̵ ̵ ̵ ̵ ̵hopfNorthSecondCovariantAlgebra,
        hopfNorthFirstDerivativeAlgebra,
  ̵  ̵ ̵ ̵ ̵ ̵hopfNorthSecondDerivativeAlgebra,
        hopfNorthFirstScalarAlgebra,
  ̵  ̵ ̵ ̵ ̵ ̵hopfNorthSecondScalarAlgebra,
  ̵  ̵ ̵ ̵ ̵ ̵hopfNorthConnectionAlgebra_zero,
        hopfNorthConnectionAlgebra_one,
  ̵  ̵ ̵ ̵ ̵ ̵hopfNorthConnectionAlgebra_two,
        hopfTangentialIncrement_zero_zero,
  ̵  ̵ ̵ ̵ ̵ ̵hopfTangentialIncrement_one_zero,
        hopfTangentialIncrement_two_zero,
  ̵  ̵ ̵ ̵ ̵ ̵hopfTangentialIncrement_zero_one,
        hopfTangentialIncrement_one_one,
  ̵  ̵ ̵ ̵ ̵ ̵hopfTangentialIncrement_two_one,
        hopfTangentialIncrement_zero_two,
  ̵  ̵ ̵ ̵ ̵ ̵hopfTangentialIncrement_one_two,
        hopfTangentialIncrement_two_two,
  ̵  ̵ ̵ ̵ ̵ ̵Complex.add_re, Complex.add_im, Complex.sub_re,
  ̲  ̲ ̲ ̲ ̲ ̲Complex.sub_im,
  ̵  ̵ ̵ ̵ ̵ ̵Complex.neg_r̵e̵,̵ ̵C̵o̵m̵p̵l̵e̵x̵.̵n̵e̵g̵_̵im, Complex.mul_re, Complex.mul_im,
  ̵  ̵ ̵ ̵ ̵ ̵Complex.ofReal_re,
  ̲  ̲ ̲ ̲ ̲ ̲Complex.ofReal_im, Complex.I_re, Complex.I_im,
  ̵  ̵ ̵ ̵ ̵ ̵if_pos, if_neg, zero_mul, mul_zero, one_mul,
  ̲  ̲ ̲ ̲ ̲ ̲mul_one,
  ̵  ̵ ̵ ̵ ̵ ̵zero_add, add_zero, sub_zero, zero_sub, neg_zero]

Note: This linter can be disabled with `set_option linter.unusedSimpArgs false`
warning: JanusFormal/Branches/FundamentalGeometryPVariationalPrinciple/Gates/P0EFTJanusProgramPD9PrimitiveSpinCHopfZeroModeDiracEquation4D.lean:1964:22: This simp argument is unused:
  Complex.neg_im

Hint: Omit it from the simp argument list.
  simp only [hopfNorthFirstCovariantAlgebra,
  ̵  ̵ ̵ ̵ ̵ ̵hopfNorthSecondCovariantAlgebra,
        hopfNorthFirstDerivativeAlgebra,
  ̵  ̵ ̵ ̵ ̵ ̵hopfNorthSecondDerivativeAlgebra,
        hopfNorthFirstScalarAlgebra,
  ̵  ̵ ̵ ̵ ̵ ̵hopfNorthSecondScalarAlgebra,
  ̵  ̵ ̵ ̵ ̵ ̵hopfNorthConnectionAlgebra_zero,
        hopfNorthConnectionAlgebra_one,
  ̵  ̵ ̵ ̵ ̵ ̵hopfNorthConnectionAlgebra_two,
        hopfTangentialIncrement_zero_zero,
  ̵  ̵ ̵ ̵ ̵ ̵hopfTangentialIncrement_one_zero,
        hopfTangentialIncrement_two_zero,
  ̵  ̵ ̵ ̵ ̵ ̵hopfTangentialIncrement_zero_one,
        hopfTangentialIncrement_one_one,
  ̵  ̵ ̵ ̵ ̵ ̵hopfTangentialIncrement_two_one,
        hopfTangentialIncrement_zero_two,
  ̵  ̵ ̵ ̵ ̵ ̵hopfTangentialIncrement_one_two,
        hopfTangentialIncrement_two_two,
  ̵  ̵ ̵ ̵ ̵ ̵Complex.add_re, Complex.add_im, Complex.sub_re,
  ̲  ̲ ̲ ̲ ̲ ̲Complex.sub_im,
  ̵  ̵ ̵ ̵ ̵ ̵Complex.neg_r̵e̵r̲e̲, Complex.n̵e̵g̵_̵i̵m,̵ ̵C̵o̵m̵p̵l̵e̵x̵.̵m̵ul_re, Complex.mul_im,
  ̵  ̵ ̵ ̵ ̵ ̵Complex.ofReal_re,
  ̲  ̲ ̲ ̲ ̲ ̲Complex.ofReal_im, Complex.I_re, Complex.I_im,
  ̵  ̵ ̵ ̵ ̵ ̵if_pos, if_neg, zero_mul, mul_zero, one_mul,
  ̲  ̲ ̲ ̲ ̲ ̲mul_one,
  ̵  ̵ ̵ ̵ ̵ ̵zero_add, add_zero, sub_zero, zero_sub, neg_zero]

Note: This linter can be disabled with `set_option linter.unusedSimpArgs false`
warning: JanusFormal/Branches/FundamentalGeometryPVariationalPrinciple/Gates/P0EFTJanusProgramPD9PrimitiveSpinCHopfZeroModeDiracEquation4D.lean:1966:6: This simp argument is unused:
  if_pos

Hint: Omit it from the simp argument list.
  simp only [hopfNorthFirstCovariantAlgebra,
  ̵  ̵ ̵ ̵ ̵ ̵hopfNorthSecondCovariantAlgebra,
        hopfNorthFirstDerivativeAlgebra,
  ̵  ̵ ̵ ̵ ̵ ̵hopfNorthSecondDerivativeAlgebra,
        hopfNorthFirstScalarAlgebra,
  ̵  ̵ ̵ ̵ ̵ ̵hopfNorthSecondScalarAlgebra,
  ̵  ̵ ̵ ̵ ̵ ̵hopfNorthConnectionAlgebra_zero,
        hopfNorthConnectionAlgebra_one,
  ̵  ̵ ̵ ̵ ̵ ̵hopfNorthConnectionAlgebra_two,
        hopfTangentialIncrement_zero_zero,
  ̵  ̵ ̵ ̵ ̵ ̵hopfTangentialIncrement_one_zero,
        hopfTangentialIncrement_two_zero,
  ̵  ̵ ̵ ̵ ̵ ̵hopfTangentialIncrement_zero_one,
        hopfTangentialIncrement_one_one,
  ̵  ̵ ̵ ̵ ̵ ̵hopfTangentialIncrement_two_one,
        hopfTangentialIncrement_zero_two,
  ̵  ̵ ̵ ̵ ̵ ̵hopfTangentialIncrement_one_two,
        hopfTangentialIncrement_two_two,
  ̵  ̵ ̵ ̵ ̵ ̵Complex.add_re, Complex.add_im, Complex.sub_re,
  ̲  ̲ ̲ ̲ ̲ ̲Complex.sub_im,
  ̵  ̵ ̵ ̵ ̵ ̵Complex.neg_re, Complex.neg_im, Complex.mul_re, Complex.mul_im,
        Complex.ofReal_re, Complex.ofReal_im, Complex.I_re, Complex.I_im,
  ̵  ̵ ̵ ̵ ̵ ̵if_p̵o̵s̵,̵ ̵i̵f̵_̵neg, zero_mul, mul_zero, ̵o̵n̵e̵_̵m̵u̵l̵,̵ ̵m̵u̵l̵_̵o̵n̵e̵,̵
        o̲n̲e̲_̲m̲u̲l̲,̲ ̲m̲u̲l̲_̲o̲n̲e̲,̲ ̲zero_add, add_zero, sub_zero, zero_sub, neg_zero]

Note: This linter can be disabled with `set_option linter.unusedSimpArgs false`
warning: JanusFormal/Branches/FundamentalGeometryPVariationalPrinciple/Gates/P0EFTJanusProgramPD9PrimitiveSpinCHopfZeroModeDiracEquation4D.lean:1966:14: This simp argument is unused:
  if_neg

Hint: Omit it from the simp argument list.
  simp only [hopfNorthFirstCovariantAlgebra,
  ̵  ̵ ̵ ̵ ̵ ̵hopfNorthSecondCovariantAlgebra,
        hopfNorthFirstDerivativeAlgebra,
  ̵  ̵ ̵ ̵ ̵ ̵hopfNorthSecondDerivativeAlgebra,
        hopfNorthFirstScalarAlgebra,
  ̵  ̵ ̵ ̵ ̵ ̵hopfNorthSecondScalarAlgebra,
  ̵  ̵ ̵ ̵ ̵ ̵hopfNorthConnectionAlgebra_zero,
        hopfNorthConnectionAlgebra_one,
  ̵  ̵ ̵ ̵ ̵ ̵hopfNorthConnectionAlgebra_two,
        hopfTangentialIncrement_zero_zero,
  ̵  ̵ ̵ ̵ ̵ ̵hopfTangentialIncrement_one_zero,
        hopfTangentialIncrement_two_zero,
  ̵  ̵ ̵ ̵ ̵ ̵hopfTangentialIncrement_zero_one,
        hopfTangentialIncrement_one_one,
  ̵  ̵ ̵ ̵ ̵ ̵hopfTangentialIncrement_two_one,
        hopfTangentialIncrement_zero_two,
  ̵  ̵ ̵ ̵ ̵ ̵hopfTangentialIncrement_one_two,
        hopfTangentialIncrement_two_two,
  ̵  ̵ ̵ ̵ ̵ ̵Complex.add_re, Complex.add_im, Complex.sub_re,
  ̲  ̲ ̲ ̲ ̲ ̲Complex.sub_im,
  ̵  ̵ ̵ ̵ ̵ ̵Complex.neg_re, Complex.neg_im, Complex.mul_re, Complex.mul_im,
        Complex.ofReal_re, Complex.ofReal_im, Complex.I_re, Complex.I_im,
  ̵  ̵ ̵ ̵ ̵ ̵if_pos, i̵f̵_̵n̵e̵g̵,̵ ̵zero_mul, mul_zero, ̵o̵n̵e̵_̵m̵u̵l̵,̵ ̵m̵u̵l̵_̵o̵n̵e̵,̵
        o̲n̲e̲_̲m̲u̲l̲,̲ ̲m̲u̲l̲_̲o̲n̲e̲,̲ ̲zero_add, add_zero, sub_zero, zero_sub, neg_zero]

Note: This linter can be disabled with `set_option linter.unusedSimpArgs false`
warning: JanusFormal/Branches/FundamentalGeometryPVariationalPrinciple/Gates/P0EFTJanusProgramPD9PrimitiveSpinCHopfZeroModeDiracEquation4D.lean:1966:51: This simp argument is unused:
  mul_one

Hint: Omit it from the simp argument list.
  simp only [hopfNorthFirstCovariantAlgebra,
  ̵  ̵ ̵ ̵ ̵ ̵hopfNorthSecondCovariantAlgebra,
        hopfNorthFirstDerivativeAlgebra,
  ̵  ̵ ̵ ̵ ̵ ̵hopfNorthSecondDerivativeAlgebra,
        hopfNorthFirstScalarAlgebra,
  ̵  ̵ ̵ ̵ ̵ ̵hopfNorthSecondScalarAlgebra,
  ̵  ̵ ̵ ̵ ̵ ̵hopfNorthConnectionAlgebra_zero,
        hopfNorthConnectionAlgebra_one,
  ̵  ̵ ̵ ̵ ̵ ̵hopfNorthConnectionAlgebra_two,
        hopfTangentialIncrement_zero_zero,
  ̵  ̵ ̵ ̵ ̵ ̵hopfTangentialIncrement_one_zero,
        hopfTangentialIncrement_two_zero,
  ̵  ̵ ̵ ̵ ̵ ̵hopfTangentialIncrement_zero_one,
        hopfTangentialIncrement_one_one,
  ̵  ̵ ̵ ̵ ̵ ̵hopfTangentialIncrement_two_one,
        hopfTangentialIncrement_zero_two,
  ̵  ̵ ̵ ̵ ̵ ̵hopfTangentialIncrement_one_two,
        hopfTangentialIncrement_two_two,
  ̵  ̵ ̵ ̵ ̵ ̵Complex.add_re, Complex.add_im, Complex.sub_re,
  ̲  ̲ ̲ ̲ ̲ ̲Complex.sub_im,
  ̵  ̵ ̵ ̵ ̵ ̵Complex.neg_re, Complex.neg_im, Complex.mul_re, Complex.mul_im,
        Complex.ofReal_re, Complex.ofReal_im, Complex.I_re, Complex.I_im,
  ̵  ̵ ̵ ̵ ̵ ̵if_pos, if_neg, zero_mul,
  ̲  ̲ ̲ ̲ ̲ ̲mul_zero, one_mul, m̵u̵l̵_̵o̵n̵e̵,̵
  ̵ ̵ ̵ ̵ ̵ ̵ ̵zero_add, add_zero, sub_zero, zero_sub, neg_zero]

Note: This linter can be disabled with `set_option linter.unusedSimpArgs false`
warning: JanusFormal/Branches/FundamentalGeometryPVariationalPrinciple/Gates/P0EFTJanusProgramPD9PrimitiveSpinCHopfZeroModeDiracEquation4D.lean:1967:46: This simp argument is unused:
  neg_zero

Hint: Omit it from the simp argument list.
  simp only [hopfNorthFirstCovariantAlgebra,
  ̵  ̵ ̵ ̵ ̵ ̵hopfNorthSecondCovariantAlgebra,
        hopfNorthFirstDerivativeAlgebra,
  ̵  ̵ ̵ ̵ ̵ ̵hopfNorthSecondDerivativeAlgebra,
        hopfNorthFirstScalarAlgebra,
  ̵  ̵ ̵ ̵ ̵ ̵hopfNorthSecondScalarAlgebra,
  ̵  ̵ ̵ ̵ ̵ ̵hopfNorthConnectionAlgebra_zero,
        hopfNorthConnectionAlgebra_one,
  ̵  ̵ ̵ ̵ ̵ ̵hopfNorthConnectionAlgebra_two,
        hopfTangentialIncrement_zero_zero,
  ̵  ̵ ̵ ̵ ̵ ̵hopfTangentialIncrement_one_zero,
        hopfTangentialIncrement_two_zero,
  ̵  ̵ ̵ ̵ ̵ ̵hopfTangentialIncrement_zero_one,
        hopfTangentialIncrement_one_one,
  ̵  ̵ ̵ ̵ ̵ ̵hopfTangentialIncrement_two_one,
        hopfTangentialIncrement_zero_two,
  ̵  ̵ ̵ ̵ ̵ ̵hopfTangentialIncrement_one_two,
        hopfTangentialIncrement_two_two,
  ̵  ̵ ̵ ̵ ̵ ̵Complex.add_re, Complex.add_im, Complex.sub_re,
  ̲  ̲ ̲ ̲ ̲ ̲Complex.sub_im,
  ̵  ̵ ̵ ̵ ̵ ̵Complex.neg_re, Complex.neg_im, Complex.mul_re, Complex.mul_im,
        Complex.ofReal_re, Complex.ofReal_im, Complex.I_re, Complex.I_im,
  ̵  ̵ ̵ ̵ ̵ ̵if_pos, if_neg, zero_mul, ̵m̵u̵l̵_̵z̵e̵r̵o̵,̵ ̵o̵n̵e̵_̵m̵u̵l̵,̵ ̵m̵u̵l̵_̵o̵n̵e̵,̵
        z̵e̵r̵o̵m̲u̲l̲_a̵d̵d̵,̵ ̵a̵d̵d̵_̵zero, s̵o̲n̲e̲_̲m̲ub̵_̵z̵e̵r̵o̵l̲, z̵e̵r̵o̵_̵s̵m̲ub̵,̵ ̵l̲_̲o̲neg̵,̲ ̲z̲e̲r̲o̲_a̲d̲d̲,̲ ̲a̲d̲d̲_̲zero,̲ ̲s̲u̲b̲_̲z̲e̲r̲o̲,̲ ̲z̲e̲r̲o̲_̲s̲u̲b̲]

Note: This linter can be disabled with `set_option linter.unusedSimpArgs false`
warning: JanusFormal/Branches/FundamentalGeometryPVariationalPrinciple/Gates/P0EFTJanusProgramPD9PrimitiveSpinCHopfZeroModeDiracEquation4D.lean:1970:12: Used `tac1 <;> tac2` where `(tac1; tac2)` would suffice

Note: This linter can be disabled with `set_option linter.unnecessarySeqFocus false`
warning: JanusFormal/Branches/FundamentalGeometryPVariationalPrinciple/Gates/P0EFTJanusProgramPD9PrimitiveSpinCHopfZeroModeDiracEquation4D.lean:2139:6: This simp argument is unused:
  hopfSouthConnectionAlgebra_one

Hint: Omit it from the simp argument list.
  simp only [hopfSouthFirstCovariantAlgebra,
  ̵  ̵ ̵ ̵ ̵ ̵hopfSouthSecondCovariantAlgebra,
        hopfSouthFirstDerivativeAlgebra,
  ̵  ̵ ̵ ̵ ̵ ̵hopfSouthSecondDerivativeAlgebra,
        hopfSouthFirstScalarAlgebra,
  ̵  ̵ ̵ ̵ ̵ ̵hopfSouthSecondScalarAlgebra,
  ̵  ̵ ̵ ̵ ̵ ̵hopfSouthConnectionAlgebra_zero,
        hopfSouthConnectionAlgebra_o̵n̵e̵,̵
  ̵ ̵ ̵ ̵ ̵ ̵ ̵h̵o̵p̵f̵S̵o̵u̵th̵C̵o̵n̵n̵e̵c̵t̵i̵o̵n̵A̵l̵g̵e̵b̵r̵a̵_̵t̵wo,
  ̵  ̵ ̵ ̵ ̵ ̵hopfTangentialIncrement_zero_zero,
        hopfTangentialIncrement_one_zero,
  ̵  ̵ ̵ ̵ ̵ ̵hopfTangentialIncrement_two_zero,
        hopfTangentialIncrement_zero_one,
  ̵  ̵ ̵ ̵ ̵ ̵hopfTangentialIncrement_one_one,
        hopfTangentialIncrement_two_one,
  ̵  ̵ ̵ ̵ ̵ ̵hopfTangentialIncrement_zero_two,
        hopfTangentialIncrement_one_two,
  ̵  ̵ ̵ ̵ ̵ ̵hopfTangentialIncrement_two_two,
  ̵  ̵ ̵ ̵ ̵ ̵Complex.add_re,
  ̲  ̲ ̲ ̲ ̲ ̲Complex.add_im, Complex.sub_re, Complex.sub_im,
  ̵  ̵ ̵ ̵ ̵ ̵Complex.neg_re, Complex.neg_im,
  ̲  ̲ ̲ ̲ ̲ ̲Complex.mul_re, Complex.mul_im,
  ̵  ̵ ̵ ̵ ̵ ̵Complex.ofReal_re, Complex.ofReal_im, Complex.I_re,
  ̲  ̲ ̲ ̲ ̲ ̲Complex.I_im,
  ̵  ̵ ̵ ̵ ̵ ̵Complex.real_smul,
  ̵  ̵ ̵ ̵ ̵ ̵zero_mul, mul_zero, one_mul, mul_one,
  ̵  ̵ ̵ ̵ ̵ ̵zero_add, add_zero,
  ̲  ̲ ̲ ̲ ̲ ̲sub_zero, zero_sub, neg_zero]

Note: This linter can be disabled with `set_option linter.unusedSimpArgs false`
warning: JanusFormal/Branches/FundamentalGeometryPVariationalPrinciple/Gates/P0EFTJanusProgramPD9PrimitiveSpinCHopfZeroModeDiracEquation4D.lean:2140:6: This simp argument is unused:
  hopfSouthConnectionAlgebra_two

Hint: Omit it from the simp argument list.
  simp only [hopfSouthFirstCovariantAlgebra,
  ̵  ̵ ̵ ̵ ̵ ̵hopfSouthSecondCovariantAlgebra,
        hopfSouthFirstDerivativeAlgebra,
  ̵  ̵ ̵ ̵ ̵ ̵hopfSouthSecondDerivativeAlgebra,
        hopfSouthFirstScalarAlgebra,
  ̵  ̵ ̵ ̵ ̵ ̵hopfSouthSecondScalarAlgebra,
  ̵  ̵ ̵ ̵ ̵ ̵hopfSouthConnectionAlgebra_zero,
        hopfSouthConnectionAlgebra_on̵e̵n̲e̲,
  ̵  ̵ ̵ ̵ ̵ ̵hopfS̵o̵u̵t̵h̵C̵o̵n̵n̵e̵c̵t̵i̵o̵n̵A̵l̵g̵e̵b̵r̵a̵_̵t̵w̵o̵,̵
  ̵ ̵ ̵ ̵ ̵ ̵ ̵h̵o̵p̵f̵TangentialIncrement_zero_zero,
        hopfTangentialIncrement_one_zero,
  ̵  ̵ ̵ ̵ ̵ ̵hopfTangentialIncrement_two_zero,
        hopfTangentialIncrement_zero_one,
  ̵  ̵ ̵ ̵ ̵ ̵hopfTangentialIncrement_one_one,
        hopfTangentialIncrement_two_one,
  ̵  ̵ ̵ ̵ ̵ ̵hopfTangentialIncrement_zero_two,
        hopfTangentialIncrement_one_two,
  ̵  ̵ ̵ ̵ ̵ ̵hopfTangentialIncrement_two_two,
  ̵  ̵ ̵ ̵ ̵ ̵Complex.add_re,
  ̲  ̲ ̲ ̲ ̲ ̲Complex.add_im, Complex.sub_re, Complex.sub_im,
  ̵  ̵ ̵ ̵ ̵ ̵Complex.neg_re, Complex.neg_im,
  ̲  ̲ ̲ ̲ ̲ ̲Complex.mul_re, Complex.mul_im,
  ̵  ̵ ̵ ̵ ̵ ̵Complex.ofReal_re, Complex.ofReal_im, Complex.I_re,
  ̲  ̲ ̲ ̲ ̲ ̲Complex.I_im,
  ̵  ̵ ̵ ̵ ̵ ̵Complex.real_smul,
  ̵  ̵ ̵ ̵ ̵ ̵zero_mul, mul_zero, one_mul, mul_one,
  ̵  ̵ ̵ ̵ ̵ ̵zero_add, add_zero,
  ̲  ̲ ̲ ̲ ̲ ̲sub_zero, zero_sub, neg_zero]

Note: This linter can be disabled with `set_option linter.unusedSimpArgs false`
warning: JanusFormal/Branches/FundamentalGeometryPVariationalPrinciple/Gates/P0EFTJanusProgramPD9PrimitiveSpinCHopfZeroModeDiracEquation4D.lean:2144:6: This simp argument is unused:
  hopfTangentialIncrement_zero_one

Hint: Omit it from the simp argument list.
  simp only [hopfSouthFirstCovariantAlgebra,
  ̵  ̵ ̵ ̵ ̵ ̵hopfSouthSecondCovariantAlgebra,
        hopfSouthFirstDerivativeAlgebra,
  ̵  ̵ ̵ ̵ ̵ ̵hopfSouthSecondDerivativeAlgebra,
        hopfSouthFirstScalarAlgebra,
  ̵  ̵ ̵ ̵ ̵ ̵hopfSouthSecondScalarAlgebra,
  ̵  ̵ ̵ ̵ ̵ ̵hopfSouthConnectionAlgebra_zero,
        hopfSouthConnectionAlgebra_one,
  ̵  ̵ ̵ ̵ ̵ ̵hopfSouthConnectionAlgebra_two,
        hopfTangentialIncrement_zero_zero,
  ̵  ̵ ̵ ̵ ̵ ̵hopfTangentialIncrement_one_zero,
        hopfTangentialIncrement_two_zero,
  ̵  ̵ ̵ ̵ ̵ ̵hopfTangentialIncrement_z̵e̵r̵o_̵o̵ne,̵
  ̵ ̵ ̵ ̵ ̵ ̵ ̵h̵o̵p̵f̵T̵a̵n̵g̵e̵n̵t̵i̵a̵l̵I̵n̵c̵r̵e̵m̵e̵n̵t̵_one_̵o̵n̵e̵,
        hopfTangentialIncrement_two_one,
  ̵  ̵ ̵ ̵ ̵ ̵hopfTangentialIncrement_zero_two,
        hopfTangentialIncrement_one_two,
  ̵  ̵ ̵ ̵ ̵ ̵hopfTangentialIncrement_two_two,
  ̵  ̵ ̵ ̵ ̵ ̵Complex.add_re,
  ̲  ̲ ̲ ̲ ̲ ̲Complex.add_im, Complex.sub_re, Complex.sub_im,
  ̵  ̵ ̵ ̵ ̵ ̵Complex.neg_re, Complex.neg_im,
  ̲  ̲ ̲ ̲ ̲ ̲Complex.mul_re, Complex.mul_im,
  ̵  ̵ ̵ ̵ ̵ ̵Complex.ofReal_re, Complex.ofReal_im, Complex.I_re,
  ̲  ̲ ̲ ̲ ̲ ̲Complex.I_im,
  ̵  ̵ ̵ ̵ ̵ ̵Complex.real_smul,
  ̵  ̵ ̵ ̵ ̵ ̵zero_mul, mul_zero, one_mul, mul_one,
  ̵  ̵ ̵ ̵ ̵ ̵zero_add, add_zero,
  ̲  ̲ ̲ ̲ ̲ ̲sub_zero, zero_sub, neg_zero]

Note: This linter can be disabled with `set_option linter.unusedSimpArgs false`
warning: JanusFormal/Branches/FundamentalGeometryPVariationalPrinciple/Gates/P0EFTJanusProgramPD9PrimitiveSpinCHopfZeroModeDiracEquation4D.lean:2145:6: This simp argument is unused:
  hopfTangentialIncrement_one_one

Hint: Omit it from the simp argument list.
  simp only [hopfSouthFirstCovariantAlgebra,
  ̵  ̵ ̵ ̵ ̵ ̵hopfSouthSecondCovariantAlgebra,
        hopfSouthFirstDerivativeAlgebra,
  ̵  ̵ ̵ ̵ ̵ ̵hopfSouthSecondDerivativeAlgebra,
        hopfSouthFirstScalarAlgebra,
  ̵  ̵ ̵ ̵ ̵ ̵hopfSouthSecondScalarAlgebra,
  ̵  ̵ ̵ ̵ ̵ ̵hopfSouthConnectionAlgebra_zero,
        hopfSouthConnectionAlgebra_one,
  ̵  ̵ ̵ ̵ ̵ ̵hopfSouthConnectionAlgebra_two,
        hopfTangentialIncrement_zero_zero,
  ̵  ̵ ̵ ̵ ̵ ̵hopfTangentialIncrement_one_zero,
        hopfTangentialIncrement_two_zero,
  ̵  ̵ ̵ ̵ ̵ ̵hopfTangentialIncrement_zero_one,
        hopfTangentialIncrement_o̵n̵e̵_̵o̵n̵e̵,̵
  ̵ ̵ ̵ ̵ ̵ ̵ ̵h̵o̵p̵f̵T̵a̵n̵g̵e̵n̵ti̵a̵l̵I̵n̵c̵r̵e̵m̵e̵n̵t̵_̵t̵wo_one,
  ̵  ̵ ̵ ̵ ̵ ̵hopfTangentialIncrement_zero_two,
        hopfTangentialIncrement_one_two,
  ̵  ̵ ̵ ̵ ̵ ̵hopfTangentialIncrement_two_two,
  ̵  ̵ ̵ ̵ ̵ ̵Complex.add_re,
  ̲  ̲ ̲ ̲ ̲ ̲Complex.add_im, Complex.sub_re, Complex.sub_im,
  ̵  ̵ ̵ ̵ ̵ ̵Complex.neg_re, Complex.neg_im,
  ̲  ̲ ̲ ̲ ̲ ̲Complex.mul_re, Complex.mul_im,
  ̵  ̵ ̵ ̵ ̵ ̵Complex.ofReal_re, Complex.ofReal_im, Complex.I_re,
  ̲  ̲ ̲ ̲ ̲ ̲Complex.I_im,
  ̵  ̵ ̵ ̵ ̵ ̵Complex.real_smul,
  ̵  ̵ ̵ ̵ ̵ ̵zero_mul, mul_zero, one_mul, mul_one,
  ̵  ̵ ̵ ̵ ̵ ̵zero_add, add_zero,
  ̲  ̲ ̲ ̲ ̲ ̲sub_zero, zero_sub, neg_zero]

Note: This linter can be disabled with `set_option linter.unusedSimpArgs false`
warning: JanusFormal/Branches/FundamentalGeometryPVariationalPrinciple/Gates/P0EFTJanusProgramPD9PrimitiveSpinCHopfZeroModeDiracEquation4D.lean:2146:6: This simp argument is unused:
  hopfTangentialIncrement_two_one

Hint: Omit it from the simp argument list.
  simp only [hopfSouthFirstCovariantAlgebra, hopfSouthSecondCovariantAlgebra,
        hopfSouthFirstDerivativeAlgebra, hopfSouthSecondDerivativeAlgebra,
        hopfSouthFirstScalarAlgebra, hopfSouthSecondScalarAlgebra, hopfSouthConnectionAlgebra_zero,
        hopfSouthConnectionAlgebra_one, hopfSouthConnectionAlgebra_two,
        hopfTangentialIncrement_zero_zero, hopfTangentialIncrement_one_zero,
        hopfTangentialIncrement_two_zero, hopfTangentialIncrement_zero_one,
        hopfTangentialIncrement_one_one, h̵o̵p̵f̵T̵a̵n̵g̵e̵n̵t̵i̵a̵l̵I̵n̵c̵r̵e̵m̵e̵n̵t̵_̵t̵w̵o̵_̵o̵n̵e̵,̵hopfTangentialIncrement_zero_two,
        hopfTangentialIncrement_one_two, hopfTangentialIncrement_two_two, Complex.add_re,
        Complex.add_im, Complex.sub_re, Complex.sub_im, Complex.neg_re, Complex.neg_im,
  ̲  ̲ ̲ ̲ ̲ ̲Complex.mul_re, Complex.mul_im, Complex.ofReal_re, Complex.ofReal_im, Complex.I_re,
  ̲  ̲ ̲ ̲ ̲ ̲Complex.I_im, Complex.real_smul, zero_mul, mul_zero, one_mul, mul_one, zero_add, add_zero,
  ̲  ̲ ̲ ̲ ̲ ̲sub_zero, zero_sub, neg_zero]

Note: This linter can be disabled with `set_option linter.unusedSimpArgs false`
warning: JanusFormal/Branches/FundamentalGeometryPVariationalPrinciple/Gates/P0EFTJanusProgramPD9PrimitiveSpinCHopfZeroModeDiracEquation4D.lean:2147:6: This simp argument is unused:
  hopfTangentialIncrement_zero_two

Hint: Omit it from the simp argument list.
  simp only [hopfSouthFirstCovariantAlgebra, hopfSouthSecondCovariantAlgebra,
        hopfSouthFirstDerivativeAlgebra, hopfSouthSecondDerivativeAlgebra,
        hopfSouthFirstScalarAlgebra, hopfSouthSecondScalarAlgebra, hopfSouthConnectionAlgebra_zero,
        hopfSouthConnectionAlgebra_one, hopfSouthConnectionAlgebra_two,
        hopfTangentialIncrement_zero_zero, hopfTangentialIncrement_one_zero,
        hopfTangentialIncrement_two_zero, hopfTangentialIncrement_zero_one,
        hopfTangentialIncrement_one_one, hopfTangentialIncrement_two_one,
        h̵o̵p̵f̵T̵a̵n̵g̵e̵n̵t̵i̵a̵l̵I̵n̵c̵r̵e̵m̵e̵n̵t̵_̵z̵e̵r̵o̵_̵t̵w̵o̵,̵hopfTangentialIncrement_one_two, hopfTangentialIncrement_two_two, Complex.add_re,
        Complex.add_im, Complex.sub_re, Complex.sub_im, Complex.neg_re, Complex.neg_im,
  ̲  ̲ ̲ ̲ ̲ ̲Complex.mul_re, Complex.mul_im, Complex.ofReal_re, Complex.ofReal_im, Complex.I_re,
  ̲  ̲ ̲ ̲ ̲ ̲Complex.I_im, Complex.real_smul, zero_mul, mul_zero, one_mul, mul_one, zero_add, add_zero,
  ̲  ̲ ̲ ̲ ̲ ̲sub_zero, zero_sub, neg_zero]

Note: This linter can be disabled with `set_option linter.unusedSimpArgs false`
warning: JanusFormal/Branches/FundamentalGeometryPVariationalPrinciple/Gates/P0EFTJanusProgramPD9PrimitiveSpinCHopfZeroModeDiracEquation4D.lean:2148:6: This simp argument is unused:
  hopfTangentialIncrement_one_two

Hint: Omit it from the simp argument list.
  simp only [hopfSouthFirstCovariantAlgebra,
  ̵  ̵ ̵ ̵ ̵ ̵hopfSouthSecondCovariantAlgebra,
        hopfSouthFirstDerivativeAlgebra,
  ̵  ̵ ̵ ̵ ̵ ̵hopfSouthSecondDerivativeAlgebra,
        hopfSouthFirstScalarAlgebra,
  ̵  ̵ ̵ ̵ ̵ ̵hopfSouthSecondScalarAlgebra,
  ̵  ̵ ̵ ̵ ̵ ̵hopfSouthConnectionAlgebra_zero,
        hopfSouthConnectionAlgebra_one,
  ̵  ̵ ̵ ̵ ̵ ̵hopfSouthConnectionAlgebra_two,
        hopfTangentialIncrement_zero_zero,
  ̵  ̵ ̵ ̵ ̵ ̵hopfTangentialIncrement_one_zero,
        hopfTangentialIncrement_two_zero,
  ̵  ̵ ̵ ̵ ̵ ̵hopfTangentialIncrement_zero_one,
        hopfTangentialIncrement_one_one,
  ̵  ̵ ̵ ̵ ̵ ̵hopfTangentialIncrement_two_one,
        hopfTangentialIncrement_zero_two,
  ̵  ̵ ̵ ̵ ̵ ̵hopfTangentialIncrement_o̵n̵e̵_̵two,̵
  ̵ ̵ ̵ ̵ ̵ ̵ ̵h̵o̵p̵f̵T̵a̵n̵g̵e̵n̵t̵i̵a̵l̵I̵n̵c̵r̵e̵m̵e̵n̵t̵_two_̵t̵w̵o̵,
  ̵  ̵ ̵ ̵ ̵ ̵Complex.add_re,
  ̲  ̲ ̲ ̲ ̲ ̲Complex.add_im, Complex.sub_re, Complex.sub_im,
  ̵  ̵ ̵ ̵ ̵ ̵Complex.neg_re, Complex.neg_im,
  ̲  ̲ ̲ ̲ ̲ ̲Complex.mul_re, Complex.mul_im,
  ̵  ̵ ̵ ̵ ̵ ̵Complex.ofReal_re, Complex.ofReal_im, Complex.I_re,
  ̲  ̲ ̲ ̲ ̲ ̲Complex.I_im,
  ̵  ̵ ̵ ̵ ̵ ̵Complex.real_smul,
  ̵  ̵ ̵ ̵ ̵ ̵zero_mul, mul_zero, one_mul, mul_one,
  ̵  ̵ ̵ ̵ ̵ ̵zero_add, add_zero,
  ̲  ̲ ̲ ̲ ̲ ̲sub_zero, zero_sub, neg_zero]

Note: This linter can be disabled with `set_option linter.unusedSimpArgs false`
warning: JanusFormal/Branches/FundamentalGeometryPVariationalPrinciple/Gates/P0EFTJanusProgramPD9PrimitiveSpinCHopfZeroModeDiracEquation4D.lean:2149:6: This simp argument is unused:
  hopfTangentialIncrement_two_two

Hint: Omit it from the simp argument list.
  simp only [hopfSouthFirstCovariantAlgebra,
  ̵  ̵ ̵ ̵ ̵ ̵hopfSouthSecondCovariantAlgebra,
        hopfSouthFirstDerivativeAlgebra,
  ̵  ̵ ̵ ̵ ̵ ̵hopfSouthSecondDerivativeAlgebra,
        hopfSouthFirstScalarAlgebra,
  ̵  ̵ ̵ ̵ ̵ ̵hopfSouthSecondScalarAlgebra,
  ̵  ̵ ̵ ̵ ̵ ̵hopfSouthConnectionAlgebra_zero,
        hopfSouthConnectionAlgebra_one,
  ̵  ̵ ̵ ̵ ̵ ̵hopfSouthConnectionAlgebra_two,
        hopfTangentialIncrement_zero_zero,
  ̵  ̵ ̵ ̵ ̵ ̵hopfTangentialIncrement_one_zero,
        hopfTangentialIncrement_two_zero,
  ̵  ̵ ̵ ̵ ̵ ̵hopfTangentialIncrement_zero_one,
        hopfTangentialIncrement_one_one,
  ̵  ̵ ̵ ̵ ̵ ̵hopfTangentialIncrement_two_one,
        hopfTangentialIncrement_zero_two,
  ̵  ̵ ̵ ̵ ̵ ̵hopfTangentialIncrement_on̵e̵n̲e̲_two,
  ̵  ̵ ̵ ̵ ̵ ̵h̵o̵p̵f̵T̵a̵n̵g̵e̵n̵t̵i̵a̵l̵I̵n̵c̵r̵e̵m̵e̵n̵t̵_̵t̵w̵o̵_̵t̵w̵o̵,̵
  ̵ ̵ ̵ ̵ ̵ ̵ ̵Complex.add_re,
  ̲  ̲ ̲ ̲ ̲ ̲Complex.add_im, Complex.sub_re, Complex.sub_im,
  ̵  ̵ ̵ ̵ ̵ ̵Complex.neg_re, Complex.neg_im,
  ̲  ̲ ̲ ̲ ̲ ̲Complex.mul_re, Complex.mul_im,
  ̵  ̵ ̵ ̵ ̵ ̵Complex.ofReal_re, Complex.ofReal_im, Complex.I_re,
  ̲  ̲ ̲ ̲ ̲ ̲Complex.I_im,
  ̵  ̵ ̵ ̵ ̵ ̵Complex.real_smul,
  ̵  ̵ ̵ ̵ ̵ ̵zero_mul, mul_zero, one_mul, mul_one,
  ̵  ̵ ̵ ̵ ̵ ̵zero_add, add_zero,
  ̲  ̲ ̲ ̲ ̲ ̲sub_zero, zero_sub, neg_zero]

Note: This linter can be disabled with `set_option linter.unusedSimpArgs false`
warning: JanusFormal/Branches/FundamentalGeometryPVariationalPrinciple/Gates/P0EFTJanusProgramPD9PrimitiveSpinCHopfZeroModeDiracEquation4D.lean:2151:6: This simp argument is unused:
  Complex.neg_re

Hint: Omit it from the simp argument list.
  simp only [hopfSouthFirstCovariantAlgebra,
  ̵  ̵ ̵ ̵ ̵ ̵hopfSouthSecondCovariantAlgebra,
        hopfSouthFirstDerivativeAlgebra,
  ̵  ̵ ̵ ̵ ̵ ̵hopfSouthSecondDerivativeAlgebra,
        hopfSouthFirstScalarAlgebra,
  ̵  ̵ ̵ ̵ ̵ ̵hopfSouthSecondScalarAlgebra,
  ̵  ̵ ̵ ̵ ̵ ̵hopfSouthConnectionAlgebra_zero,
        hopfSouthConnectionAlgebra_one,
  ̵  ̵ ̵ ̵ ̵ ̵hopfSouthConnectionAlgebra_two,
        hopfTangentialIncrement_zero_zero,
  ̵  ̵ ̵ ̵ ̵ ̵hopfTangentialIncrement_one_zero,
        hopfTangentialIncrement_two_zero,
  ̵  ̵ ̵ ̵ ̵ ̵hopfTangentialIncrement_zero_one,
        hopfTangentialIncrement_one_one,
  ̵  ̵ ̵ ̵ ̵ ̵hopfTangentialIncrement_two_one,
        hopfTangentialIncrement_zero_two,
  ̵  ̵ ̵ ̵ ̵ ̵hopfTangentialIncrement_one_two,
        hopfTangentialIncrement_two_two,
  ̵  ̵ ̵ ̵ ̵ ̵Complex.add_re, Complex.add_im, Complex.sub_re,
  ̲  ̲ ̲ ̲ ̲ ̲Complex.sub_im,
  ̵  ̵ ̵ ̵ ̵ ̵Complex.neg_r̵e̵,̵ ̵C̵o̵m̵p̵l̵e̵x̵.̵n̵e̵g̵_̵im, Complex.mul_re, Complex.mul_im,
  ̵  ̵ ̵ ̵ ̵ ̵Complex.ofReal_re,
  ̲  ̲ ̲ ̲ ̲ ̲Complex.ofReal_im, Complex.I_re, Complex.I_im,
  ̵  ̵ ̵ ̵ ̵ ̵Complex.real_smul,
  ̵  ̵ ̵ ̵ ̵ ̵zero_mul, mul_zero, one_mul,
  ̲  ̲ ̲ ̲ ̲ ̲mul_one,
  ̵  ̵ ̵ ̵ ̵ ̵zero_add, add_zero, sub_zero, zero_sub, neg_zero]

Note: This linter can be disabled with `set_option linter.unusedSimpArgs false`
warning: JanusFormal/Branches/FundamentalGeometryPVariationalPrinciple/Gates/P0EFTJanusProgramPD9PrimitiveSpinCHopfZeroModeDiracEquation4D.lean:2151:22: This simp argument is unused:
  Complex.neg_im

Hint: Omit it from the simp argument list.
  simp only [hopfSouthFirstCovariantAlgebra,
  ̵  ̵ ̵ ̵ ̵ ̵hopfSouthSecondCovariantAlgebra,
        hopfSouthFirstDerivativeAlgebra,
  ̵  ̵ ̵ ̵ ̵ ̵hopfSouthSecondDerivativeAlgebra,
        hopfSouthFirstScalarAlgebra,
  ̵  ̵ ̵ ̵ ̵ ̵hopfSouthSecondScalarAlgebra,
  ̵  ̵ ̵ ̵ ̵ ̵hopfSouthConnectionAlgebra_zero,
        hopfSouthConnectionAlgebra_one,
  ̵  ̵ ̵ ̵ ̵ ̵hopfSouthConnectionAlgebra_two,
        hopfTangentialIncrement_zero_zero,
  ̵  ̵ ̵ ̵ ̵ ̵hopfTangentialIncrement_one_zero,
        hopfTangentialIncrement_two_zero,
  ̵  ̵ ̵ ̵ ̵ ̵hopfTangentialIncrement_zero_one,
        hopfTangentialIncrement_one_one,
  ̵  ̵ ̵ ̵ ̵ ̵hopfTangentialIncrement_two_one,
        hopfTangentialIncrement_zero_two,
  ̵  ̵ ̵ ̵ ̵ ̵hopfTangentialIncrement_one_two,
        hopfTangentialIncrement_two_two,
  ̵  ̵ ̵ ̵ ̵ ̵Complex.add_re, Complex.add_im, Complex.sub_re,
  ̲  ̲ ̲ ̲ ̲ ̲Complex.sub_im,
  ̵  ̵ ̵ ̵ ̵ ̵Complex.neg_r̵e̵r̲e̲, Complex.n̵e̵g̵_̵i̵m,̵ ̵C̵o̵m̵p̵l̵e̵x̵.̵m̵ul_re, Complex.mul_im,
  ̵  ̵ ̵ ̵ ̵ ̵Complex.ofReal_re,
  ̲  ̲ ̲ ̲ ̲ ̲Complex.ofReal_im, Complex.I_re, Complex.I_im,
  ̵  ̵ ̵ ̵ ̵ ̵Complex.real_smul,
  ̵  ̵ ̵ ̵ ̵ ̵zero_mul, mul_zero, one_mul,
  ̲  ̲ ̲ ̲ ̲ ̲mul_one,
  ̵  ̵ ̵ ̵ ̵ ̵zero_add, add_zero, sub_zero, zero_sub, neg_zero]

Note: This linter can be disabled with `set_option linter.unusedSimpArgs false`
warning: JanusFormal/Branches/FundamentalGeometryPVariationalPrinciple/Gates/P0EFTJanusProgramPD9PrimitiveSpinCHopfZeroModeDiracEquation4D.lean:2154:35: This simp argument is unused:
  mul_one

Hint: Omit it from the simp argument list.
  simp only [hopfSouthFirstCovariantAlgebra,
  ̵  ̵ ̵ ̵ ̵ ̵hopfSouthSecondCovariantAlgebra,
        hopfSouthFirstDerivativeAlgebra,
  ̵  ̵ ̵ ̵ ̵ ̵hopfSouthSecondDerivativeAlgebra,
        hopfSouthFirstScalarAlgebra,
  ̵  ̵ ̵ ̵ ̵ ̵hopfSouthSecondScalarAlgebra,
  ̵  ̵ ̵ ̵ ̵ ̵hopfSouthConnectionAlgebra_zero,
        hopfSouthConnectionAlgebra_one,
  ̵  ̵ ̵ ̵ ̵ ̵hopfSouthConnectionAlgebra_two,
        hopfTangentialIncrement_zero_zero,
  ̵  ̵ ̵ ̵ ̵ ̵hopfTangentialIncrement_one_zero,
        hopfTangentialIncrement_two_zero,
  ̵  ̵ ̵ ̵ ̵ ̵hopfTangentialIncrement_zero_one,
        hopfTangentialIncrement_one_one,
  ̵  ̵ ̵ ̵ ̵ ̵hopfTangentialIncrement_two_one,
        hopfTangentialIncrement_zero_two,
  ̵  ̵ ̵ ̵ ̵ ̵hopfTangentialIncrement_one_two,
        hopfTangentialIncrement_two_two,
  ̵  ̵ ̵ ̵ ̵ ̵Complex.add_re, Complex.add_im, Complex.sub_re,
  ̲  ̲ ̲ ̲ ̲ ̲Complex.sub_im,
  ̵  ̵ ̵ ̵ ̵ ̵Complex.neg_re, Complex.neg_im, Complex.mul_re, Complex.mul_im,
        Complex.ofReal_re, Complex.ofReal_im, Complex.I_re, Complex.I_im,
  ̵  ̵ ̵ ̵ ̵ ̵Complex.real_smul,
  ̵  ̵ ̵ ̵ ̵ ̵zero_mul,
  ̲  ̲ ̲ ̲ ̲ ̲mul_zero, one_mul, m̵u̵l̵_̵o̵n̵e̵,̵
  ̵ ̵ ̵ ̵ ̵ ̵ ̵zero_add, add_zero, sub_zero, zero_sub, neg_zero]

Note: This linter can be disabled with `set_option linter.unusedSimpArgs false`
warning: JanusFormal/Branches/FundamentalGeometryPVariationalPrinciple/Gates/P0EFTJanusProgramPD9PrimitiveSpinCHopfZeroModeDiracEquation4D.lean:2155:46: This simp argument is unused:
  neg_zero

Hint: Omit it from the simp argument list.
  simp only [hopfSouthFirstCovariantAlgebra,
  ̵  ̵ ̵ ̵ ̵ ̵hopfSouthSecondCovariantAlgebra,
        hopfSouthFirstDerivativeAlgebra,
  ̵  ̵ ̵ ̵ ̵ ̵hopfSouthSecondDerivativeAlgebra,
        hopfSouthFirstScalarAlgebra,
  ̵  ̵ ̵ ̵ ̵ ̵hopfSouthSecondScalarAlgebra,
  ̵  ̵ ̵ ̵ ̵ ̵hopfSouthConnectionAlgebra_zero,
        hopfSouthConnectionAlgebra_one,
  ̵  ̵ ̵ ̵ ̵ ̵hopfSouthConnectionAlgebra_two,
        hopfTangentialIncrement_zero_zero,
  ̵  ̵ ̵ ̵ ̵ ̵hopfTangentialIncrement_one_zero,
        hopfTangentialIncrement_two_zero,
  ̵  ̵ ̵ ̵ ̵ ̵hopfTangentialIncrement_zero_one,
        hopfTangentialIncrement_one_one,
  ̵  ̵ ̵ ̵ ̵ ̵hopfTangentialIncrement_two_one,
        hopfTangentialIncrement_zero_two,
  ̵  ̵ ̵ ̵ ̵ ̵hopfTangentialIncrement_one_two,
        hopfTangentialIncrement_two_two,
  ̵  ̵ ̵ ̵ ̵ ̵Complex.add_re, Complex.add_im, Complex.sub_re,
  ̲  ̲ ̲ ̲ ̲ ̲Complex.sub_im,
  ̵  ̵ ̵ ̵ ̵ ̵Complex.neg_re, Complex.neg_im, Complex.mul_re, Complex.mul_im,
        Complex.ofReal_re, Complex.ofReal_im, Complex.I_re, Complex.I_im,
  ̵  ̵ ̵ ̵ ̵ ̵Complex.real_smul,
  ̵  ̵ ̵ ̵ ̵ ̵zero_mul,
  ̲  ̲ ̲ ̲ ̲ ̲mul_zero, one_mul, mul_one,
  ̵  ̵ ̵ ̵ ̵ ̵zero_add, add_zero, sub_zero, zero_sub,̵ ̵n̵e̵g̵_̵z̵e̵r̵o̵]

Note: This linter can be disabled with `set_option linter.unusedSimpArgs false`
warning: JanusFormal/Branches/FundamentalGeometryPVariationalPrinciple/Gates/P0EFTJanusProgramPD9PrimitiveSpinCHopfZeroModeDiracEquation4D.lean:2157:29: This simp argument is unused:
  hSqrtCube

Hint: Omit it from the simp argument list.
  simp only [hSqrtSq, hSqrtC̵u̵b̵e̵,̵ ̵h̵S̵q̵r̵t̵Fourth]

Note: This linter can be disabled with `set_option linter.unusedSimpArgs false`
warning: JanusFormal/Branches/FundamentalGeometryPVariationalPrinciple/Gates/P0EFTJanusProgramPD9PrimitiveSpinCHopfZeroModeDiracEquation4D.lean:2157:40: This simp argument is unused:
  hSqrtFourth

Hint: Omit it from the simp argument list.
  simp only [hSqrtSq, hSqrtCube,̵ ̵h̵S̵q̵r̵t̵F̵o̵u̵r̵t̵h̵]

Note: This linter can be disabled with `set_option linter.unusedSimpArgs false`
warning: JanusFormal/Branches/FundamentalGeometryPVariationalPrinciple/Gates/P0EFTJanusProgramPD9PrimitiveSpinCHopfZeroModeDiracEquation4D.lean:2158:12: Used `tac1 <;> tac2` where `(tac1; tac2)` would suffice

Note: This linter can be disabled with `set_option linter.unnecessarySeqFocus false`
warning: JanusFormal/Branches/FundamentalGeometryPVariationalPrinciple/Gates/P0EFTJanusProgramPD9PrimitiveSpinCHopfZeroModeDiracEquation4D.lean:2193:6: This simp argument is unused:
  hopfSouthConnectionAlgebra_zero

Hint: Omit it from the simp argument list.
  simp only [hopfSouthFirstCovariantAlgebra,
  ̵  ̵ ̵ ̵ ̵ ̵hopfSouthSecondCovariantAlgebra,
        hopfSouthFirstDerivativeAlgebra,
  ̵  ̵ ̵ ̵ ̵ ̵hopfSouthSecondDerivativeAlgebra,
        hopfSouthFirstScalarAlgebra,
  ̵  ̵ ̵ ̵ ̵ ̵hopfSouthSecondScalarAlgebra,
  ̵  ̵ ̵ ̵ ̵ ̵hopfSouthConnectionAlgebra_z̵e̵r̵o,̵
  ̵ ̵ ̵ ̵ ̵ ̵ ̵h̵o̵p̵f̵S̵o̵u̵t̵h̵C̵o̵nn̵ec̵t̵i̵o̵n̵A̵l̵g̵e̵b̵r̵a̵_̵o̵n̵e̵,
        hopfSouthConnectionAlgebra_two,
  ̵  ̵ ̵ ̵ ̵ ̵hopfTangentialIncrement_zero_zero,
        hopfTangentialIncrement_one_zero,
  ̵  ̵ ̵ ̵ ̵ ̵hopfTangentialIncrement_two_zero,
        hopfTangentialIncrement_zero_one,
  ̵  ̵ ̵ ̵ ̵ ̵hopfTangentialIncrement_one_one,
        hopfTangentialIncrement_two_one,
  ̵  ̵ ̵ ̵ ̵ ̵hopfTangentialIncrement_zero_two,
        hopfTangentialIncrement_one_two,
  ̵  ̵ ̵ ̵ ̵ ̵hopfTangentialIncrement_two_two,
  ̵  ̵ ̵ ̵ ̵ ̵Complex.add_re,
  ̲  ̲ ̲ ̲ ̲ ̲Complex.add_im, Complex.sub_re, Complex.sub_im,
  ̵  ̵ ̵ ̵ ̵ ̵Complex.neg_re, Complex.neg_im,
  ̲  ̲ ̲ ̲ ̲ ̲Complex.mul_re, Complex.mul_im,
  ̵  ̵ ̵ ̵ ̵ ̵Complex.ofReal_re, Complex.ofReal_im, Complex.I_re,
  ̲  ̲ ̲ ̲ ̲ ̲Complex.I_im,
  ̵  ̵ ̵ ̵ ̵ ̵Complex.real_smul,
  ̵  ̵ ̵ ̵ ̵ ̵zero_mul, mul_zero, one_mul, mul_one,
  ̵  ̵ ̵ ̵ ̵ ̵zero_add, add_zero,
  ̲  ̲ ̲ ̲ ̲ ̲sub_zero, zero_sub, neg_zero]

Note: This linter can be disabled with `set_option linter.unusedSimpArgs false`
warning: JanusFormal/Branches/FundamentalGeometryPVariationalPrinciple/Gates/P0EFTJanusProgramPD9PrimitiveSpinCHopfZeroModeDiracEquation4D.lean:2195:6: This simp argument is unused:
  hopfSouthConnectionAlgebra_two

Hint: Omit it from the simp argument list.
  simp only [hopfSouthFirstCovariantAlgebra,
  ̵  ̵ ̵ ̵ ̵ ̵hopfSouthSecondCovariantAlgebra,
        hopfSouthFirstDerivativeAlgebra,
  ̵  ̵ ̵ ̵ ̵ ̵hopfSouthSecondDerivativeAlgebra,
        hopfSouthFirstScalarAlgebra,
  ̵  ̵ ̵ ̵ ̵ ̵hopfSouthSecondScalarAlgebra,
  ̵  ̵ ̵ ̵ ̵ ̵hopfSouthConnectionAlgebra_zero,
        hopfSouthConnectionAlgebra_on̵e̵n̲e̲,
  ̵  ̵ ̵ ̵ ̵ ̵hopfS̵o̵u̵t̵h̵C̵o̵n̵n̵e̵c̵t̵i̵o̵n̵A̵l̵g̵e̵b̵r̵a̵_̵t̵w̵o̵,̵
  ̵ ̵ ̵ ̵ ̵ ̵ ̵h̵o̵p̵f̵TangentialIncrement_zero_zero,
        hopfTangentialIncrement_one_zero,
  ̵  ̵ ̵ ̵ ̵ ̵hopfTangentialIncrement_two_zero,
        hopfTangentialIncrement_zero_one,
  ̵  ̵ ̵ ̵ ̵ ̵hopfTangentialIncrement_one_one,
        hopfTangentialIncrement_two_one,
  ̵  ̵ ̵ ̵ ̵ ̵hopfTangentialIncrement_zero_two,
        hopfTangentialIncrement_one_two,
  ̵  ̵ ̵ ̵ ̵ ̵hopfTangentialIncrement_two_two,
  ̵  ̵ ̵ ̵ ̵ ̵Complex.add_re,
  ̲  ̲ ̲ ̲ ̲ ̲Complex.add_im, Complex.sub_re, Complex.sub_im,
  ̵  ̵ ̵ ̵ ̵ ̵Complex.neg_re, Complex.neg_im,
  ̲  ̲ ̲ ̲ ̲ ̲Complex.mul_re, Complex.mul_im,
  ̵  ̵ ̵ ̵ ̵ ̵Complex.ofReal_re, Complex.ofReal_im, Complex.I_re,
  ̲  ̲ ̲ ̲ ̲ ̲Complex.I_im,
  ̵  ̵ ̵ ̵ ̵ ̵Complex.real_smul,
  ̵  ̵ ̵ ̵ ̵ ̵zero_mul, mul_zero, one_mul, mul_one,
  ̵  ̵ ̵ ̵ ̵ ̵zero_add, add_zero,
  ̲  ̲ ̲ ̲ ̲ ̲sub_zero, zero_sub, neg_zero]

Note: This linter can be disabled with `set_option linter.unusedSimpArgs false`
warning: JanusFormal/Branches/FundamentalGeometryPVariationalPrinciple/Gates/P0EFTJanusProgramPD9PrimitiveSpinCHopfZeroModeDiracEquation4D.lean:2196:6: This simp argument is unused:
  hopfTangentialIncrement_zero_zero

Hint: Omit it from the simp argument list.
  simp only [hopfSouthFirstCovariantAlgebra,
  ̵  ̵ ̵ ̵ ̵ ̵hopfSouthSecondCovariantAlgebra,
        hopfSouthFirstDerivativeAlgebra,
  ̵  ̵ ̵ ̵ ̵ ̵hopfSouthSecondDerivativeAlgebra,
        hopfSouthFirstScalarAlgebra,
  ̵  ̵ ̵ ̵ ̵ ̵hopfSouthSecondScalarAlgebra,
  ̵  ̵ ̵ ̵ ̵ ̵hopfSouthConnectionAlgebra_zero,
        hopfSouthConnectionAlgebra_one,
  ̵  ̵ ̵ ̵ ̵ ̵hopfSouthConnectionAlgebra_two,
        hopfTangentialIncrement_z̵e̵r̵o_̵z̵e̵r̵o̵,̵
  ̵ ̵ ̵ ̵ ̵ ̵ ̵h̵o̵p̵f̵T̵a̵ng̵en̵t̵i̵a̵l̵I̵n̵c̵r̵e̵m̵e̵n̵t̵_o̵n̵e̵_̵zero,
  ̵  ̵ ̵ ̵ ̵ ̵hopfTangentialIncrement_two_zero,
        hopfTangentialIncrement_zero_one,
  ̵  ̵ ̵ ̵ ̵ ̵hopfTangentialIncrement_one_one,
        hopfTangentialIncrement_two_one,
  ̵  ̵ ̵ ̵ ̵ ̵hopfTangentialIncrement_zero_two,
        hopfTangentialIncrement_one_two,
  ̵  ̵ ̵ ̵ ̵ ̵hopfTangentialIncrement_two_two,
  ̵  ̵ ̵ ̵ ̵ ̵Complex.add_re,
  ̲  ̲ ̲ ̲ ̲ ̲Complex.add_im, Complex.sub_re, Complex.sub_im,
  ̵  ̵ ̵ ̵ ̵ ̵Complex.neg_re, Complex.neg_im,
  ̲  ̲ ̲ ̲ ̲ ̲Complex.mul_re, Complex.mul_im,
  ̵  ̵ ̵ ̵ ̵ ̵Complex.ofReal_re, Complex.ofReal_im, Complex.I_re,
  ̲  ̲ ̲ ̲ ̲ ̲Complex.I_im,
  ̵  ̵ ̵ ̵ ̵ ̵Complex.real_smul,
  ̵  ̵ ̵ ̵ ̵ ̵zero_mul, mul_zero, one_mul, mul_one,
  ̵  ̵ ̵ ̵ ̵ ̵zero_add, add_zero,
  ̲  ̲ ̲ ̲ ̲ ̲sub_zero, zero_sub, neg_zero]

Note: This linter can be disabled with `set_option linter.unusedSimpArgs false`
warning: JanusFormal/Branches/FundamentalGeometryPVariationalPrinciple/Gates/P0EFTJanusProgramPD9PrimitiveSpinCHopfZeroModeDiracEquation4D.lean:2197:6: This simp argument is unused:
  hopfTangentialIncrement_one_zero

Hint: Omit it from the simp argument list.
  simp only [hopfSouthFirstCovariantAlgebra,
  ̵  ̵ ̵ ̵ ̵ ̵hopfSouthSecondCovariantAlgebra,
        hopfSouthFirstDerivativeAlgebra,
  ̵  ̵ ̵ ̵ ̵ ̵hopfSouthSecondDerivativeAlgebra,
        hopfSouthFirstScalarAlgebra,
  ̵  ̵ ̵ ̵ ̵ ̵hopfSouthSecondScalarAlgebra,
  ̵  ̵ ̵ ̵ ̵ ̵hopfSouthConnectionAlgebra_zero,
        hopfSouthConnectionAlgebra_one,
  ̵  ̵ ̵ ̵ ̵ ̵hopfSouthConnectionAlgebra_two,
        hopfTangentialIncrement_zero_zero,
  ̵  ̵ ̵ ̵ ̵ ̵hopfTangentialIncrement_o̵n̵e̵_̵z̵e̵r̵o̵,̵
  ̵ ̵ ̵ ̵ ̵ ̵ ̵h̵o̵p̵f̵T̵a̵n̵g̵e̵n̵ti̵a̵l̵I̵n̵c̵r̵e̵m̵e̵n̵t̵_̵t̵wo_zero,
        hopfTangentialIncrement_zero_one,
  ̵  ̵ ̵ ̵ ̵ ̵hopfTangentialIncrement_one_one,
        hopfTangentialIncrement_two_one,
  ̵  ̵ ̵ ̵ ̵ ̵hopfTangentialIncrement_zero_two,
        hopfTangentialIncrement_one_two,
  ̵  ̵ ̵ ̵ ̵ ̵hopfTangentialIncrement_two_two,
  ̵  ̵ ̵ ̵ ̵ ̵Complex.add_re,
  ̲  ̲ ̲ ̲ ̲ ̲Complex.add_im, Complex.sub_re, Complex.sub_im,
  ̵  ̵ ̵ ̵ ̵ ̵Complex.neg_re, Complex.neg_im,
  ̲  ̲ ̲ ̲ ̲ ̲Complex.mul_re, Complex.mul_im,
  ̵  ̵ ̵ ̵ ̵ ̵Complex.ofReal_re, Complex.ofReal_im, Complex.I_re,
  ̲  ̲ ̲ ̲ ̲ ̲Complex.I_im,
  ̵  ̵ ̵ ̵ ̵ ̵Complex.real_smul,
  ̵  ̵ ̵ ̵ ̵ ̵zero_mul, mul_zero, one_mul, mul_one,
  ̵  ̵ ̵ ̵ ̵ ̵zero_add, add_zero,
  ̲  ̲ ̲ ̲ ̲ ̲sub_zero, zero_sub, neg_zero]

Note: This linter can be disabled with `set_option linter.unusedSimpArgs false`
warning: JanusFormal/Branches/FundamentalGeometryPVariationalPrinciple/Gates/P0EFTJanusProgramPD9PrimitiveSpinCHopfZeroModeDiracEquation4D.lean:2198:6: This simp argument is unused:
  hopfTangentialIncrement_two_zero

Hint: Omit it from the simp argument list.
  simp only [hopfSouthFirstCovariantAlgebra,
  ̵  ̵ ̵ ̵ ̵ ̵hopfSouthSecondCovariantAlgebra,
        hopfSouthFirstDerivativeAlgebra,
  ̵  ̵ ̵ ̵ ̵ ̵hopfSouthSecondDerivativeAlgebra,
        hopfSouthFirstScalarAlgebra,
  ̵  ̵ ̵ ̵ ̵ ̵hopfSouthSecondScalarAlgebra,
  ̵  ̵ ̵ ̵ ̵ ̵hopfSouthConnectionAlgebra_zero,
        hopfSouthConnectionAlgebra_one,
  ̵  ̵ ̵ ̵ ̵ ̵hopfSouthConnectionAlgebra_two,
        hopfTangentialIncrement_zero_zero,
  ̵  ̵ ̵ ̵ ̵ ̵hopfTangentialIncrement_on̵e̵n̲e̲_zero,
        hopfTangentialIncrement_t̵w̵o̵_̵zero,̵
  ̵ ̵ ̵ ̵ ̵ ̵ ̵h̵o̵p̵f̵T̵a̵n̵g̵e̵n̵t̵i̵a̵l̵I̵n̵c̵r̵e̵m̵e̵n̵t̵_z̵e̵r̵o_̵o̵ne,
  ̵  ̵ ̵ ̵ ̵ ̵hopfTangentialIncrement_one_one,
        hopfTangentialIncrement_two_one,
  ̵  ̵ ̵ ̵ ̵ ̵hopfTangentialIncrement_zero_two,
        hopfTangentialIncrement_one_two,
  ̵  ̵ ̵ ̵ ̵ ̵hopfTangentialIncrement_two_two,
  ̵  ̵ ̵ ̵ ̵ ̵Complex.add_re,
  ̲  ̲ ̲ ̲ ̲ ̲Complex.add_im, Complex.sub_re, Complex.sub_im,
  ̵  ̵ ̵ ̵ ̵ ̵Complex.neg_re, Complex.neg_im,
  ̲  ̲ ̲ ̲ ̲ ̲Complex.mul_re, Complex.mul_im,
  ̵  ̵ ̵ ̵ ̵ ̵Complex.ofReal_re, Complex.ofReal_im, Complex.I_re,
  ̲  ̲ ̲ ̲ ̲ ̲Complex.I_im,
  ̵  ̵ ̵ ̵ ̵ ̵Complex.real_smul,
  ̵  ̵ ̵ ̵ ̵ ̵zero_mul, mul_zero, one_mul, mul_one,
  ̵  ̵ ̵ ̵ ̵ ̵zero_add, add_zero,
  ̲  ̲ ̲ ̲ ̲ ̲sub_zero, zero_sub, neg_zero]

Note: This linter can be disabled with `set_option linter.unusedSimpArgs false`
warning: JanusFormal/Branches/FundamentalGeometryPVariationalPrinciple/Gates/P0EFTJanusProgramPD9PrimitiveSpinCHopfZeroModeDiracEquation4D.lean:2202:6: This simp argument is unused:
  hopfTangentialIncrement_zero_two

Hint: Omit it from the simp argument list.
  simp only [hopfSouthFirstCovariantAlgebra, hopfSouthSecondCovariantAlgebra,
        hopfSouthFirstDerivativeAlgebra, hopfSouthSecondDerivativeAlgebra,
        hopfSouthFirstScalarAlgebra, hopfSouthSecondScalarAlgebra, hopfSouthConnectionAlgebra_zero,
        hopfSouthConnectionAlgebra_one, hopfSouthConnectionAlgebra_two,
        hopfTangentialIncrement_zero_zero, hopfTangentialIncrement_one_zero,
        hopfTangentialIncrement_two_zero, hopfTangentialIncrement_zero_one,
        hopfTangentialIncrement_one_one, hopfTangentialIncrement_two_one,
        h̵o̵p̵f̵T̵a̵n̵g̵e̵n̵t̵i̵a̵l̵I̵n̵c̵r̵e̵m̵e̵n̵t̵_̵z̵e̵r̵o̵_̵t̵w̵o̵,̵hopfTangentialIncrement_one_two, hopfTangentialIncrement_two_two, Complex.add_re,
        Complex.add_im, Complex.sub_re, Complex.sub_im, Complex.neg_re, Complex.neg_im,
  ̲  ̲ ̲ ̲ ̲ ̲Complex.mul_re, Complex.mul_im, Complex.ofReal_re, Complex.ofReal_im, Complex.I_re,
  ̲  ̲ ̲ ̲ ̲ ̲Complex.I_im, Complex.real_smul, zero_mul, mul_zero, one_mul, mul_one, zero_add, add_zero,
  ̲  ̲ ̲ ̲ ̲ ̲sub_zero, zero_sub, neg_zero]

Note: This linter can be disabled with `set_option linter.unusedSimpArgs false`
warning: JanusFormal/Branches/FundamentalGeometryPVariationalPrinciple/Gates/P0EFTJanusProgramPD9PrimitiveSpinCHopfZeroModeDiracEquation4D.lean:2203:6: This simp argument is unused:
  hopfTangentialIncrement_one_two

Hint: Omit it from the simp argument list.
  simp only [hopfSouthFirstCovariantAlgebra,
  ̵  ̵ ̵ ̵ ̵ ̵hopfSouthSecondCovariantAlgebra,
        hopfSouthFirstDerivativeAlgebra,
  ̵  ̵ ̵ ̵ ̵ ̵hopfSouthSecondDerivativeAlgebra,
        hopfSouthFirstScalarAlgebra,
  ̵  ̵ ̵ ̵ ̵ ̵hopfSouthSecondScalarAlgebra,
  ̵  ̵ ̵ ̵ ̵ ̵hopfSouthConnectionAlgebra_zero,
        hopfSouthConnectionAlgebra_one,
  ̵  ̵ ̵ ̵ ̵ ̵hopfSouthConnectionAlgebra_two,
        hopfTangentialIncrement_zero_zero,
  ̵  ̵ ̵ ̵ ̵ ̵hopfTangentialIncrement_one_zero,
        hopfTangentialIncrement_two_zero,
  ̵  ̵ ̵ ̵ ̵ ̵hopfTangentialIncrement_zero_one,
        hopfTangentialIncrement_one_one,
  ̵  ̵ ̵ ̵ ̵ ̵hopfTangentialIncrement_two_one,
        hopfTangentialIncrement_zero_two,
  ̵  ̵ ̵ ̵ ̵ ̵hopfTangentialIncrement_o̵n̵e̵_̵two,̵
  ̵ ̵ ̵ ̵ ̵ ̵ ̵h̵o̵p̵f̵T̵a̵n̵g̵e̵n̵t̵i̵a̵l̵I̵n̵c̵r̵e̵m̵e̵n̵t̵_two_̵t̵w̵o̵,
  ̵  ̵ ̵ ̵ ̵ ̵Complex.add_re,
  ̲  ̲ ̲ ̲ ̲ ̲Complex.add_im, Complex.sub_re, Complex.sub_im,
  ̵  ̵ ̵ ̵ ̵ ̵Complex.neg_re, Complex.neg_im,
  ̲  ̲ ̲ ̲ ̲ ̲Complex.mul_re, Complex.mul_im,
  ̵  ̵ ̵ ̵ ̵ ̵Complex.ofReal_re, Complex.ofReal_im, Complex.I_re,
  ̲  ̲ ̲ ̲ ̲ ̲Complex.I_im,
  ̵  ̵ ̵ ̵ ̵ ̵Complex.real_smul,
  ̵  ̵ ̵ ̵ ̵ ̵zero_mul, mul_zero, one_mul, mul_one,
  ̵  ̵ ̵ ̵ ̵ ̵zero_add, add_zero,
  ̲  ̲ ̲ ̲ ̲ ̲sub_zero, zero_sub, neg_zero]

Note: This linter can be disabled with `set_option linter.unusedSimpArgs false`
warning: JanusFormal/Branches/FundamentalGeometryPVariationalPrinciple/Gates/P0EFTJanusProgramPD9PrimitiveSpinCHopfZeroModeDiracEquation4D.lean:2204:6: This simp argument is unused:
  hopfTangentialIncrement_two_two

Hint: Omit it from the simp argument list.
  simp only [hopfSouthFirstCovariantAlgebra,
  ̵  ̵ ̵ ̵ ̵ ̵hopfSouthSecondCovariantAlgebra,
        hopfSouthFirstDerivativeAlgebra,
  ̵  ̵ ̵ ̵ ̵ ̵hopfSouthSecondDerivativeAlgebra,
        hopfSouthFirstScalarAlgebra,
  ̵  ̵ ̵ ̵ ̵ ̵hopfSouthSecondScalarAlgebra,
  ̵  ̵ ̵ ̵ ̵ ̵hopfSouthConnectionAlgebra_zero,
        hopfSouthConnectionAlgebra_one,
  ̵  ̵ ̵ ̵ ̵ ̵hopfSouthConnectionAlgebra_two,
        hopfTangentialIncrement_zero_zero,
  ̵  ̵ ̵ ̵ ̵ ̵hopfTangentialIncrement_one_zero,
        hopfTangentialIncrement_two_zero,
  ̵  ̵ ̵ ̵ ̵ ̵hopfTangentialIncrement_zero_one,
        hopfTangentialIncrement_one_one,
  ̵  ̵ ̵ ̵ ̵ ̵hopfTangentialIncrement_two_one,
        hopfTangentialIncrement_zero_two,
  ̵  ̵ ̵ ̵ ̵ ̵hopfTangentialIncrement_on̵e̵n̲e̲_two,
  ̵  ̵ ̵ ̵ ̵ ̵h̵o̵p̵f̵T̵a̵n̵g̵e̵n̵t̵i̵a̵l̵I̵n̵c̵r̵e̵m̵e̵n̵t̵_̵t̵w̵o̵_̵t̵w̵o̵,̵
  ̵ ̵ ̵ ̵ ̵ ̵ ̵Complex.add_re,
  ̲  ̲ ̲ ̲ ̲ ̲Complex.add_im, Complex.sub_re, Complex.sub_im,
  ̵  ̵ ̵ ̵ ̵ ̵Complex.neg_re, Complex.neg_im,
  ̲  ̲ ̲ ̲ ̲ ̲Complex.mul_re, Complex.mul_im,
  ̵  ̵ ̵ ̵ ̵ ̵Complex.ofReal_re, Complex.ofReal_im, Complex.I_re,
  ̲  ̲ ̲ ̲ ̲ ̲Complex.I_im,
  ̵  ̵ ̵ ̵ ̵ ̵Complex.real_smul,
  ̵  ̵ ̵ ̵ ̵ ̵zero_mul, mul_zero, one_mul, mul_one,
  ̵  ̵ ̵ ̵ ̵ ̵zero_add, add_zero,
  ̲  ̲ ̲ ̲ ̲ ̲sub_zero, zero_sub, neg_zero]

Note: This linter can be disabled with `set_option linter.unusedSimpArgs false`
warning: JanusFormal/Branches/FundamentalGeometryPVariationalPrinciple/Gates/P0EFTJanusProgramPD9PrimitiveSpinCHopfZeroModeDiracEquation4D.lean:2209:35: This simp argument is unused:
  mul_one

Hint: Omit it from the simp argument list.
  simp only [hopfSouthFirstCovariantAlgebra,
  ̵  ̵ ̵ ̵ ̵ ̵hopfSouthSecondCovariantAlgebra,
        hopfSouthFirstDerivativeAlgebra,
  ̵  ̵ ̵ ̵ ̵ ̵hopfSouthSecondDerivativeAlgebra,
        hopfSouthFirstScalarAlgebra,
  ̵  ̵ ̵ ̵ ̵ ̵hopfSouthSecondScalarAlgebra,
  ̵  ̵ ̵ ̵ ̵ ̵hopfSouthConnectionAlgebra_zero,
        hopfSouthConnectionAlgebra_one,
  ̵  ̵ ̵ ̵ ̵ ̵hopfSouthConnectionAlgebra_two,
        hopfTangentialIncrement_zero_zero,
  ̵  ̵ ̵ ̵ ̵ ̵hopfTangentialIncrement_one_zero,
        hopfTangentialIncrement_two_zero,
  ̵  ̵ ̵ ̵ ̵ ̵hopfTangentialIncrement_zero_one,
        hopfTangentialIncrement_one_one,
  ̵  ̵ ̵ ̵ ̵ ̵hopfTangentialIncrement_two_one,
        hopfTangentialIncrement_zero_two,
  ̵  ̵ ̵ ̵ ̵ ̵hopfTangentialIncrement_one_two,
        hopfTangentialIncrement_two_two,
  ̵  ̵ ̵ ̵ ̵ ̵Complex.add_re, Complex.add_im, Complex.sub_re,
  ̲  ̲ ̲ ̲ ̲ ̲Complex.sub_im,
  ̵  ̵ ̵ ̵ ̵ ̵Complex.neg_re, Complex.neg_im, Complex.mul_re, Complex.mul_im,
        Complex.ofReal_re, Complex.ofReal_im, Complex.I_re, Complex.I_im,
  ̵  ̵ ̵ ̵ ̵ ̵Complex.real_smul,
  ̵  ̵ ̵ ̵ ̵ ̵zero_mul,
  ̲  ̲ ̲ ̲ ̲ ̲mul_zero, one_mul, m̵u̵l̵_̵o̵n̵e̵,̵
  ̵ ̵ ̵ ̵ ̵ ̵ ̵zero_add, add_zero, sub_zero, zero_sub, neg_zero]

Note: This linter can be disabled with `set_option linter.unusedSimpArgs false`
warning: JanusFormal/Branches/FundamentalGeometryPVariationalPrinciple/Gates/P0EFTJanusProgramPD9PrimitiveSpinCHopfZeroModeDiracEquation4D.lean:2212:29: This simp argument is unused:
  hSqrtCube

Hint: Omit it from the simp argument list.
  simp only [hSqrtSq, hSqrtC̵u̵b̵e̵,̵ ̵h̵S̵q̵r̵t̵Fourth]

Note: This linter can be disabled with `set_option linter.unusedSimpArgs false`
warning: JanusFormal/Branches/FundamentalGeometryPVariationalPrinciple/Gates/P0EFTJanusProgramPD9PrimitiveSpinCHopfZeroModeDiracEquation4D.lean:2212:40: This simp argument is unused:
  hSqrtFourth

Hint: Omit it from the simp argument list.
  simp only [hSqrtSq, hSqrtCube,̵ ̵h̵S̵q̵r̵t̵F̵o̵u̵r̵t̵h̵]

Note: This linter can be disabled with `set_option linter.unusedSimpArgs false`
warning: JanusFormal/Branches/FundamentalGeometryPVariationalPrinciple/Gates/P0EFTJanusProgramPD9PrimitiveSpinCHopfZeroModeDiracEquation4D.lean:2213:12: Used `tac1 <;> tac2` where `(tac1; tac2)` would suffice

Note: This linter can be disabled with `set_option linter.unnecessarySeqFocus false`
warning: JanusFormal/Branches/FundamentalGeometryPVariationalPrinciple/Gates/P0EFTJanusProgramPD9PrimitiveSpinCHopfZeroModeDiracEquation4D.lean:2219:5: Variable name `hMinus` is not explicitly referenced.

The binding can be removed (if unused) or named `_` (if used implicitly).

Note: This linter can be disabled with `set_option linter.unusedVariables false`
warning: JanusFormal/Branches/FundamentalGeometryPVariationalPrinciple/Gates/P0EFTJanusProgramPD9PrimitiveSpinCHopfZeroModeDiracEquation4D.lean:2221:5: Variable name `hSphere` is not explicitly referenced.

The binding can be removed (if unused) or named `_` (if used implicitly).

Note: This linter can be disabled with `set_option linter.unusedVariables false`
warning: JanusFormal/Branches/FundamentalGeometryPVariationalPrinciple/Gates/P0EFTJanusProgramPD9PrimitiveSpinCHopfZeroModeDiracEquation4D.lean:2244:6: This simp argument is unused:
  hopfSouthConnectionAlgebra_zero

Hint: Omit it from the simp argument list.
  simp only [hopfSouthFirstCovariantAlgebra,
  ̵  ̵ ̵ ̵ ̵ ̵hopfSouthSecondCovariantAlgebra,
        hopfSouthFirstDerivativeAlgebra,
  ̵  ̵ ̵ ̵ ̵ ̵hopfSouthSecondDerivativeAlgebra,
        hopfSouthFirstScalarAlgebra,
  ̵  ̵ ̵ ̵ ̵ ̵hopfSouthSecondScalarAlgebra,
  ̵  ̵ ̵ ̵ ̵ ̵hopfSouthConnectionAlgebra_z̵e̵r̵o,̵
  ̵ ̵ ̵ ̵ ̵ ̵ ̵h̵o̵p̵f̵S̵o̵u̵t̵h̵C̵o̵nn̵ec̵t̵i̵o̵n̵A̵l̵g̵e̵b̵r̵a̵_̵o̵n̵e̵,
        hopfSouthConnectionAlgebra_two,
  ̵  ̵ ̵ ̵ ̵ ̵hopfTangentialIncrement_zero_zero,
        hopfTangentialIncrement_one_zero,
  ̵  ̵ ̵ ̵ ̵ ̵hopfTangentialIncrement_two_zero,
        hopfTangentialIncrement_zero_one,
  ̵  ̵ ̵ ̵ ̵ ̵hopfTangentialIncrement_one_one,
        hopfTangentialIncrement_two_one,
  ̵  ̵ ̵ ̵ ̵ ̵hopfTangentialIncrement_zero_two,
        hopfTangentialIncrement_one_two,
  ̵  ̵ ̵ ̵ ̵ ̵hopfTangentialIncrement_two_two,
  ̵  ̵ ̵ ̵ ̵ ̵Complex.add_re,
  ̲  ̲ ̲ ̲ ̲ ̲Complex.add_im, Complex.sub_re, Complex.sub_im,
  ̵  ̵ ̵ ̵ ̵ ̵Complex.neg_re, Complex.neg_im,
  ̲  ̲ ̲ ̲ ̲ ̲Complex.mul_re, Complex.mul_im,
  ̵  ̵ ̵ ̵ ̵ ̵Complex.ofReal_re, Complex.ofReal_im, Complex.I_re,
  ̲  ̲ ̲ ̲ ̲ ̲Complex.I_im,
  ̵  ̵ ̵ ̵ ̵ ̵zero_mul, mul_zero, one_mul, mul_one,
  ̵  ̵ ̵ ̵ ̵ ̵zero_add, add_zero, sub_zero, zero_sub,
  ̲  ̲ ̲ ̲ ̲ ̲neg_zero]

Note: This linter can be disabled with `set_option linter.unusedSimpArgs false`
warning: JanusFormal/Branches/FundamentalGeometryPVariationalPrinciple/Gates/P0EFTJanusProgramPD9PrimitiveSpinCHopfZeroModeDiracEquation4D.lean:2245:6: This simp argument is unused:
  hopfSouthConnectionAlgebra_one

Hint: Omit it from the simp argument list.
  simp only [hopfSouthFirstCovariantAlgebra,
  ̵  ̵ ̵ ̵ ̵ ̵hopfSouthSecondCovariantAlgebra,
        hopfSouthFirstDerivativeAlgebra,
  ̵  ̵ ̵ ̵ ̵ ̵hopfSouthSecondDerivativeAlgebra,
        hopfSouthFirstScalarAlgebra,
  ̵  ̵ ̵ ̵ ̵ ̵hopfSouthSecondScalarAlgebra,
  ̵  ̵ ̵ ̵ ̵ ̵hopfSouthConnectionAlgebra_zero,
        hopfSouthConnectionAlgebra_o̵n̵e̵,̵
  ̵ ̵ ̵ ̵ ̵ ̵ ̵h̵o̵p̵f̵S̵o̵u̵th̵C̵o̵n̵n̵e̵c̵t̵i̵o̵n̵A̵l̵g̵e̵b̵r̵a̵_̵t̵wo,
  ̵  ̵ ̵ ̵ ̵ ̵hopfTangentialIncrement_zero_zero,
        hopfTangentialIncrement_one_zero,
  ̵  ̵ ̵ ̵ ̵ ̵hopfTangentialIncrement_two_zero,
        hopfTangentialIncrement_zero_one,
  ̵  ̵ ̵ ̵ ̵ ̵hopfTangentialIncrement_one_one,
        hopfTangentialIncrement_two_one,
  ̵  ̵ ̵ ̵ ̵ ̵hopfTangentialIncrement_zero_two,
        hopfTangentialIncrement_one_two,
  ̵  ̵ ̵ ̵ ̵ ̵hopfTangentialIncrement_two_two,
  ̵  ̵ ̵ ̵ ̵ ̵Complex.add_re,
  ̲  ̲ ̲ ̲ ̲ ̲Complex.add_im, Complex.sub_re, Complex.sub_im,
  ̵  ̵ ̵ ̵ ̵ ̵Complex.neg_re, Complex.neg_im,
  ̲  ̲ ̲ ̲ ̲ ̲Complex.mul_re, Complex.mul_im,
  ̵  ̵ ̵ ̵ ̵ ̵Complex.ofReal_re, Complex.ofReal_im, Complex.I_re,
  ̲  ̲ ̲ ̲ ̲ ̲Complex.I_im,
  ̵  ̵ ̵ ̵ ̵ ̵zero_mul, mul_zero, one_mul, mul_one,
  ̵  ̵ ̵ ̵ ̵ ̵zero_add, add_zero, sub_zero, zero_sub,
  ̲  ̲ ̲ ̲ ̲ ̲neg_zero]

Note: This linter can be disabled with `set_option linter.unusedSimpArgs false`
warning: JanusFormal/Branches/FundamentalGeometryPVariationalPrinciple/Gates/P0EFTJanusProgramPD9PrimitiveSpinCHopfZeroModeDiracEquation4D.lean:2247:6: This simp argument is unused:
  hopfTangentialIncrement_zero_zero

Hint: Omit it from the simp argument list.
  simp only [hopfSouthFirstCovariantAlgebra,
  ̵  ̵ ̵ ̵ ̵ ̵hopfSouthSecondCovariantAlgebra,
        hopfSouthFirstDerivativeAlgebra,
  ̵  ̵ ̵ ̵ ̵ ̵hopfSouthSecondDerivativeAlgebra,
        hopfSouthFirstScalarAlgebra,
  ̵  ̵ ̵ ̵ ̵ ̵hopfSouthSecondScalarAlgebra,
  ̵  ̵ ̵ ̵ ̵ ̵hopfSouthConnectionAlgebra_zero,
        hopfSouthConnectionAlgebra_one,
  ̵  ̵ ̵ ̵ ̵ ̵hopfSouthConnectionAlgebra_two,
        hopfTangentialIncrement_z̵e̵r̵o_̵z̵e̵r̵o̵,̵
  ̵ ̵ ̵ ̵ ̵ ̵ ̵h̵o̵p̵f̵T̵a̵ng̵en̵t̵i̵a̵l̵I̵n̵c̵r̵e̵m̵e̵n̵t̵_o̵n̵e̵_̵zero,
  ̵  ̵ ̵ ̵ ̵ ̵hopfTangentialIncrement_two_zero,
        hopfTangentialIncrement_zero_one,
  ̵  ̵ ̵ ̵ ̵ ̵hopfTangentialIncrement_one_one,
        hopfTangentialIncrement_two_one,
  ̵  ̵ ̵ ̵ ̵ ̵hopfTangentialIncrement_zero_two,
        hopfTangentialIncrement_one_two,
  ̵  ̵ ̵ ̵ ̵ ̵hopfTangentialIncrement_two_two,
  ̵  ̵ ̵ ̵ ̵ ̵Complex.add_re,
  ̲  ̲ ̲ ̲ ̲ ̲Complex.add_im, Complex.sub_re, Complex.sub_im,
  ̵  ̵ ̵ ̵ ̵ ̵Complex.neg_re, Complex.neg_im,
  ̲  ̲ ̲ ̲ ̲ ̲Complex.mul_re, Complex.mul_im,
  ̵  ̵ ̵ ̵ ̵ ̵Complex.ofReal_re, Complex.ofReal_im, Complex.I_re,
  ̲  ̲ ̲ ̲ ̲ ̲Complex.I_im,
  ̵  ̵ ̵ ̵ ̵ ̵zero_mul, mul_zero, one_mul, mul_one,
  ̵  ̵ ̵ ̵ ̵ ̵zero_add, add_zero, sub_zero, zero_sub,
  ̲  ̲ ̲ ̲ ̲ ̲neg_zero]

Note: This linter can be disabled with `set_option linter.unusedSimpArgs false`
warning: JanusFormal/Branches/FundamentalGeometryPVariationalPrinciple/Gates/P0EFTJanusProgramPD9PrimitiveSpinCHopfZeroModeDiracEquation4D.lean:2248:6: This simp argument is unused:
  hopfTangentialIncrement_one_zero

Hint: Omit it from the simp argument list.
  simp only [hopfSouthFirstCovariantAlgebra,
  ̵  ̵ ̵ ̵ ̵ ̵hopfSouthSecondCovariantAlgebra,
        hopfSouthFirstDerivativeAlgebra,
  ̵  ̵ ̵ ̵ ̵ ̵hopfSouthSecondDerivativeAlgebra,
        hopfSouthFirstScalarAlgebra,
  ̵  ̵ ̵ ̵ ̵ ̵hopfSouthSecondScalarAlgebra,
  ̵  ̵ ̵ ̵ ̵ ̵hopfSouthConnectionAlgebra_zero,
        hopfSouthConnectionAlgebra_one,
  ̵  ̵ ̵ ̵ ̵ ̵hopfSouthConnectionAlgebra_two,
        hopfTangentialIncrement_zero_zero,
  ̵  ̵ ̵ ̵ ̵ ̵hopfTangentialIncrement_o̵n̵e̵_̵z̵e̵r̵o̵,̵
  ̵ ̵ ̵ ̵ ̵ ̵ ̵h̵o̵p̵f̵T̵a̵n̵g̵e̵n̵ti̵a̵l̵I̵n̵c̵r̵e̵m̵e̵n̵t̵_̵t̵wo_zero,
        hopfTangentialIncrement_zero_one,
  ̵  ̵ ̵ ̵ ̵ ̵hopfTangentialIncrement_one_one,
        hopfTangentialIncrement_two_one,
  ̵  ̵ ̵ ̵ ̵ ̵hopfTangentialIncrement_zero_two,
        hopfTangentialIncrement_one_two,
  ̵  ̵ ̵ ̵ ̵ ̵hopfTangentialIncrement_two_two,
  ̵  ̵ ̵ ̵ ̵ ̵Complex.add_re,
  ̲  ̲ ̲ ̲ ̲ ̲Complex.add_im, Complex.sub_re, Complex.sub_im,
  ̵  ̵ ̵ ̵ ̵ ̵Complex.neg_re, Complex.neg_im,
  ̲  ̲ ̲ ̲ ̲ ̲Complex.mul_re, Complex.mul_im,
  ̵  ̵ ̵ ̵ ̵ ̵Complex.ofReal_re, Complex.ofReal_im, Complex.I_re,
  ̲  ̲ ̲ ̲ ̲ ̲Complex.I_im,
  ̵  ̵ ̵ ̵ ̵ ̵zero_mul, mul_zero, one_mul, mul_one,
  ̵  ̵ ̵ ̵ ̵ ̵zero_add, add_zero, sub_zero, zero_sub,
  ̲  ̲ ̲ ̲ ̲ ̲neg_zero]

Note: This linter can be disabled with `set_option linter.unusedSimpArgs false`
warning: JanusFormal/Branches/FundamentalGeometryPVariationalPrinciple/Gates/P0EFTJanusProgramPD9PrimitiveSpinCHopfZeroModeDiracEquation4D.lean:2249:6: This simp argument is unused:
  hopfTangentialIncrement_two_zero

Hint: Omit it from the simp argument list.
  simp only [hopfSouthFirstCovariantAlgebra,
  ̵  ̵ ̵ ̵ ̵ ̵hopfSouthSecondCovariantAlgebra,
        hopfSouthFirstDerivativeAlgebra,
  ̵  ̵ ̵ ̵ ̵ ̵hopfSouthSecondDerivativeAlgebra,
        hopfSouthFirstScalarAlgebra,
  ̵  ̵ ̵ ̵ ̵ ̵hopfSouthSecondScalarAlgebra,
  ̵  ̵ ̵ ̵ ̵ ̵hopfSouthConnectionAlgebra_zero,
        hopfSouthConnectionAlgebra_one,
  ̵  ̵ ̵ ̵ ̵ ̵hopfSouthConnectionAlgebra_two,
        hopfTangentialIncrement_zero_zero,
  ̵  ̵ ̵ ̵ ̵ ̵hopfTangentialIncrement_on̵e̵n̲e̲_zero,
        hopfTangentialIncrement_t̵w̵o̵_̵zero,̵
  ̵ ̵ ̵ ̵ ̵ ̵ ̵h̵o̵p̵f̵T̵a̵n̵g̵e̵n̵t̵i̵a̵l̵I̵n̵c̵r̵e̵m̵e̵n̵t̵_z̵e̵r̵o_̵o̵ne,
  ̵  ̵ ̵ ̵ ̵ ̵hopfTangentialIncrement_one_one,
        hopfTangentialIncrement_two_one,
  ̵  ̵ ̵ ̵ ̵ ̵hopfTangentialIncrement_zero_two,
        hopfTangentialIncrement_one_two,
  ̵  ̵ ̵ ̵ ̵ ̵hopfTangentialIncrement_two_two,
  ̵  ̵ ̵ ̵ ̵ ̵Complex.add_re,
  ̲  ̲ ̲ ̲ ̲ ̲Complex.add_im, Complex.sub_re, Complex.sub_im,
  ̵  ̵ ̵ ̵ ̵ ̵Complex.neg_re, Complex.neg_im,
  ̲  ̲ ̲ ̲ ̲ ̲Complex.mul_re, Complex.mul_im,
  ̵  ̵ ̵ ̵ ̵ ̵Complex.ofReal_re, Complex.ofReal_im, Complex.I_re,
  ̲  ̲ ̲ ̲ ̲ ̲Complex.I_im,
  ̵  ̵ ̵ ̵ ̵ ̵zero_mul, mul_zero, one_mul, mul_one,
  ̵  ̵ ̵ ̵ ̵ ̵zero_add, add_zero, sub_zero, zero_sub,
  ̲  ̲ ̲ ̲ ̲ ̲neg_zero]

Note: This linter can be disabled with `set_option linter.unusedSimpArgs false`
warning: JanusFormal/Branches/FundamentalGeometryPVariationalPrinciple/Gates/P0EFTJanusProgramPD9PrimitiveSpinCHopfZeroModeDiracEquation4D.lean:2250:6: This simp argument is unused:
  hopfTangentialIncrement_zero_one

Hint: Omit it from the simp argument list.
  simp only [hopfSouthFirstCovariantAlgebra,
  ̵  ̵ ̵ ̵ ̵ ̵hopfSouthSecondCovariantAlgebra,
        hopfSouthFirstDerivativeAlgebra,
  ̵  ̵ ̵ ̵ ̵ ̵hopfSouthSecondDerivativeAlgebra,
        hopfSouthFirstScalarAlgebra,
  ̵  ̵ ̵ ̵ ̵ ̵hopfSouthSecondScalarAlgebra,
  ̵  ̵ ̵ ̵ ̵ ̵hopfSouthConnectionAlgebra_zero,
        hopfSouthConnectionAlgebra_one,
  ̵  ̵ ̵ ̵ ̵ ̵hopfSouthConnectionAlgebra_two,
        hopfTangentialIncrement_zero_zero,
  ̵  ̵ ̵ ̵ ̵ ̵hopfTangentialIncrement_one_zero,
        hopfTangentialIncrement_two_zero,
  ̵  ̵ ̵ ̵ ̵ ̵hopfTangentialIncrement_z̵e̵r̵o_̵o̵ne,̵
  ̵ ̵ ̵ ̵ ̵ ̵ ̵h̵o̵p̵f̵T̵a̵n̵g̵e̵n̵t̵i̵a̵l̵I̵n̵c̵r̵e̵m̵e̵n̵t̵_one_̵o̵n̵e̵,
        hopfTangentialIncrement_two_one,
  ̵  ̵ ̵ ̵ ̵ ̵hopfTangentialIncrement_zero_two,
        hopfTangentialIncrement_one_two,
  ̵  ̵ ̵ ̵ ̵ ̵hopfTangentialIncrement_two_two,
  ̵  ̵ ̵ ̵ ̵ ̵Complex.add_re,
  ̲  ̲ ̲ ̲ ̲ ̲Complex.add_im, Complex.sub_re, Complex.sub_im,
  ̵  ̵ ̵ ̵ ̵ ̵Complex.neg_re, Complex.neg_im,
  ̲  ̲ ̲ ̲ ̲ ̲Complex.mul_re, Complex.mul_im,
  ̵  ̵ ̵ ̵ ̵ ̵Complex.ofReal_re, Complex.ofReal_im, Complex.I_re,
  ̲  ̲ ̲ ̲ ̲ ̲Complex.I_im,
  ̵  ̵ ̵ ̵ ̵ ̵zero_mul, mul_zero, one_mul, mul_one,
  ̵  ̵ ̵ ̵ ̵ ̵zero_add, add_zero, sub_zero, zero_sub,
  ̲  ̲ ̲ ̲ ̲ ̲neg_zero]

Note: This linter can be disabled with `set_option linter.unusedSimpArgs false`
warning: JanusFormal/Branches/FundamentalGeometryPVariationalPrinciple/Gates/P0EFTJanusProgramPD9PrimitiveSpinCHopfZeroModeDiracEquation4D.lean:2251:6: This simp argument is unused:
  hopfTangentialIncrement_one_one

Hint: Omit it from the simp argument list.
  simp only [hopfSouthFirstCovariantAlgebra,
  ̵  ̵ ̵ ̵ ̵ ̵hopfSouthSecondCovariantAlgebra,
        hopfSouthFirstDerivativeAlgebra,
  ̵  ̵ ̵ ̵ ̵ ̵hopfSouthSecondDerivativeAlgebra,
        hopfSouthFirstScalarAlgebra,
  ̵  ̵ ̵ ̵ ̵ ̵hopfSouthSecondScalarAlgebra,
  ̵  ̵ ̵ ̵ ̵ ̵hopfSouthConnectionAlgebra_zero,
        hopfSouthConnectionAlgebra_one,
  ̵  ̵ ̵ ̵ ̵ ̵hopfSouthConnectionAlgebra_two,
        hopfTangentialIncrement_zero_zero,
  ̵  ̵ ̵ ̵ ̵ ̵hopfTangentialIncrement_one_zero,
        hopfTangentialIncrement_two_zero,
  ̵  ̵ ̵ ̵ ̵ ̵hopfTangentialIncrement_zero_one,
        hopfTangentialIncrement_o̵n̵e̵_̵o̵n̵e̵,̵
  ̵ ̵ ̵ ̵ ̵ ̵ ̵h̵o̵p̵f̵T̵a̵n̵g̵e̵n̵ti̵a̵l̵I̵n̵c̵r̵e̵m̵e̵n̵t̵_̵t̵wo_one,
  ̵  ̵ ̵ ̵ ̵ ̵hopfTangentialIncrement_zero_two,
        hopfTangentialIncrement_one_two,
  ̵  ̵ ̵ ̵ ̵ ̵hopfTangentialIncrement_two_two,
  ̵  ̵ ̵ ̵ ̵ ̵Complex.add_re,
  ̲  ̲ ̲ ̲ ̲ ̲Complex.add_im, Complex.sub_re, Complex.sub_im,
  ̵  ̵ ̵ ̵ ̵ ̵Complex.neg_re, Complex.neg_im,
  ̲  ̲ ̲ ̲ ̲ ̲Complex.mul_re, Complex.mul_im,
  ̵  ̵ ̵ ̵ ̵ ̵Complex.ofReal_re, Complex.ofReal_im, Complex.I_re,
  ̲  ̲ ̲ ̲ ̲ ̲Complex.I_im,
  ̵  ̵ ̵ ̵ ̵ ̵zero_mul, mul_zero, one_mul, mul_one,
  ̵  ̵ ̵ ̵ ̵ ̵zero_add, add_zero, sub_zero, zero_sub,
  ̲  ̲ ̲ ̲ ̲ ̲neg_zero]

Note: This linter can be disabled with `set_option linter.unusedSimpArgs false`
warning: JanusFormal/Branches/FundamentalGeometryPVariationalPrinciple/Gates/P0EFTJanusProgramPD9PrimitiveSpinCHopfZeroModeDiracEquation4D.lean:2252:6: This simp argument is unused:
  hopfTangentialIncrement_two_one

Hint: Omit it from the simp argument list.
  simp only [hopfSouthFirstCovariantAlgebra, hopfSouthSecondCovariantAlgebra,
        hopfSouthFirstDerivativeAlgebra, hopfSouthSecondDerivativeAlgebra,
        hopfSouthFirstScalarAlgebra, hopfSouthSecondScalarAlgebra, hopfSouthConnectionAlgebra_zero,
        hopfSouthConnectionAlgebra_one, hopfSouthConnectionAlgebra_two,
        hopfTangentialIncrement_zero_zero, hopfTangentialIncrement_one_zero,
        hopfTangentialIncrement_two_zero, hopfTangentialIncrement_zero_one,
        hopfTangentialIncrement_one_one, h̵o̵p̵f̵T̵a̵n̵g̵e̵n̵t̵i̵a̵l̵I̵n̵c̵r̵e̵m̵e̵n̵t̵_̵t̵w̵o̵_̵o̵n̵e̵,̵hopfTangentialIncrement_zero_two,
        hopfTangentialIncrement_one_two, hopfTangentialIncrement_two_two, Complex.add_re,
        Complex.add_im, Complex.sub_re, Complex.sub_im, Complex.neg_re, Complex.neg_im,
  ̲  ̲ ̲ ̲ ̲ ̲Complex.mul_re, Complex.mul_im, Complex.ofReal_re, Complex.ofReal_im, Complex.I_re,
  ̲  ̲ ̲ ̲ ̲ ̲Complex.I_im, zero_mul, mul_zero, one_mul, mul_one, zero_add, add_zero, sub_zero, zero_sub,
  ̲  ̲ ̲ ̲ ̲ ̲neg_zero]

Note: This linter can be disabled with `set_option linter.unusedSimpArgs false`
warning: JanusFormal/Branches/FundamentalGeometryPVariationalPrinciple/Gates/P0EFTJanusProgramPD9PrimitiveSpinCHopfZeroModeDiracEquation4D.lean:2256:38: This simp argument is unused:
  Complex.sub_re

Hint: Omit it from the simp argument list.
  s̵i̵m̵p̵ ̵o̵n̵l̵y̵ ̵[̵h̵o̵p̵f̵S̵o̵u̵t̵h̵F̵i̵r̵s̵t̵C̵o̵v̵a̵r̵i̵a̵n̵t̵A̵l̵g̵e̵b̵r̵a̵,̵
  ̵ ̵ ̵ ̵ ̵ ̵ ̵h̵o̵p̵f̵S̵o̵u̵t̵h̵S̵e̵c̵o̵n̵d̵C̵o̵v̵a̵r̵i̵a̵n̵t̵A̵l̵g̵e̵b̵r̵a̵,̵
  ̵ ̵ ̵ ̵ ̵ ̵ ̵h̵o̵p̵f̵S̵o̵u̵t̵h̵F̵i̵r̵s̵t̵D̵e̵r̵i̵v̵a̵t̵i̵v̵e̵A̵l̵g̵e̵b̵r̵a̵,̵
  ̵ ̵ ̵ ̵ ̵ ̵ ̵h̵o̵p̵f̵S̵o̵u̵t̵h̵S̵e̵c̵o̵n̵d̵D̵e̵r̵i̵v̵a̵t̵i̵v̵e̵A̵l̵g̵e̵b̵r̵a̵,̵
  ̵ ̵ ̵ ̵ ̵ ̵ ̵h̵o̵p̵f̵S̵o̵u̵t̵h̵F̵i̵r̵s̵t̵S̵c̵a̵l̵a̵r̵A̵l̵g̵e̵b̵r̵a̵,̵
  ̵ ̵ ̵ ̵ ̵ ̵ ̵h̵o̵p̵f̵S̵o̵u̵t̵h̵S̵e̵c̵o̵n̵d̵S̵c̵a̵l̵a̵r̵A̵l̵g̵e̵b̵r̵a̵,̵
  ̵ ̵ ̵ ̵ ̵ ̵ ̵h̵o̵p̵f̵S̵o̵u̵t̵h̵C̵o̵n̵n̵e̵c̵t̵i̵o̵n̵A̵l̵g̵e̵b̵r̵a̵_̵z̵e̵r̵o̵,̵
  ̵ ̵ ̵ ̵ ̵ ̵ ̵h̵o̵p̵f̵S̵o̵u̵t̵h̵C̵o̵n̵n̵e̵c̵t̵i̵o̵n̵A̵l̵g̵e̵b̵r̵a̵_̵o̵n̵e̵,̵
  ̵ ̵ ̵ ̵ ̵ ̵ ̵h̵o̵p̵f̵S̵o̵u̵t̵h̵C̵o̵n̵n̵e̵c̵t̵i̵o̵n̵A̵l̵g̵e̵b̵r̵a̵_̵t̵w̵o̵,̵
  ̵ ̵ ̵ ̵ ̵ ̵ ̵h̵o̵p̵f̵T̵a̵n̵g̵e̵n̵t̵i̵a̵l̵I̵n̵c̵r̵e̵m̵e̵n̵t̵_̵z̵e̵r̵o̵_̵z̵e̵r̵o̵,̵
  ̵ ̵ ̵ ̵ ̵ ̵ ̵h̵o̵p̵f̵T̵a̵n̵g̵e̵n̵t̵i̵a̵l̵I̵n̵c̵r̵e̵m̵e̵n̵t̵_̵o̵n̵e̵_̵z̵e̵r̵o̵,̵
  ̵ ̵ ̵ ̵ ̵ ̵ ̵h̵o̵p̵f̵T̵a̵n̵g̵e̵n̵t̵i̵a̵l̵I̵n̵c̵r̵e̵m̵e̵n̵t̵_̵t̵w̵o̵_̵z̵e̵r̵o̵,̵
  ̵ ̵ ̵ ̵ ̵ ̵ ̵h̵o̵p̵f̵T̵a̵n̵g̵e̵n̵t̵i̵a̵l̵I̵n̵c̵r̵e̵m̵e̵n̵t̵_̵z̵e̵r̵o̵_̵o̵n̵e̵,̵
  ̵ ̵ ̵ ̵ ̵ ̵ ̵h̵o̵p̵f̵T̵a̵n̵g̵e̵n̵t̵i̵a̵l̵I̵n̵c̵r̵e̵m̵e̵n̵t̵_̵o̵n̵e̵_̵o̵n̵e̵,̵
  ̵ ̵ ̵ ̵ ̵ ̵ ̵h̵o̵p̵f̵T̵a̵n̵g̵e̵n̵t̵i̵a̵l̵I̵n̵c̵r̵e̵m̵e̵n̵t̵_̵t̵w̵o̵_̵o̵n̵e̵,̵
  ̵ ̵ ̵ ̵ ̵ ̵ ̵h̵o̵p̵f̵T̵a̵n̵g̵e̵n̵t̵i̵a̵l̵I̵n̵c̵r̵e̵m̵e̵n̵t̵_̵z̵e̵r̵o̵_̵t̵w̵o̵,̵
  ̵ ̵ ̵ ̵ ̵ ̵ ̵h̵o̵p̵f̵T̵a̵n̵g̵e̵n̵t̵i̵a̵l̵I̵n̵c̵r̵e̵m̵e̵n̵t̵_̵o̵n̵e̵_̵t̵w̵o̵,̵
  ̵ ̵ ̵ ̵ ̵ ̵ ̵h̵o̵p̵f̵T̵a̵n̵g̵e̵n̵t̵i̵a̵l̵I̵n̵c̵r̵e̵m̵e̵n̵t̵_̵t̵w̵o̵_̵t̵w̵o̵,̵
  ̵ ̵ ̵ ̵ ̵ ̵ ̵C̵o̵m̵p̵l̵e̵x̵.̵a̵d̵d̵_̵r̵e̵,̵ ̵C̵o̵m̵p̵l̵e̵x̵.̵a̵d̵d̵_̵i̵m̵,̵ ̵C̵o̵m̵p̵l̵e̵x̵.̵s̵u̵b̵_̵r̵e̵,̵ ̵C̵o̵m̵p̵l̵e̵x̵.̵s̵u̵b̵_̵i̵m̵,̵
  ̵ ̵ ̵ ̵ ̵ ̵ ̵C̵o̵m̵p̵l̵e̵x̵.̵n̵e̵g̵_̵r̵e̵,̵ ̵C̵o̵m̵p̵l̵e̵x̵.̵n̵e̵g̵_̵i̵m̵,̵ ̵C̵o̵m̵p̵l̵e̵x̵.̵m̵u̵l̵_̵r̵e̵,̵ ̵C̵o̵m̵p̵l̵e̵x̵.̵m̵u̵l̵_̵i̵m̵,̵
  ̵ ̵ ̵ ̵ ̵ ̵ ̵C̵o̵m̵p̵l̵e̵x̵.̵o̵f̵R̵e̵a̵l̵_̵r̵e̵,̵ ̵C̵o̵m̵p̵l̵e̵x̵.̵o̵f̵R̵e̵a̵l̵_̵i̵m̵,̵ ̵C̵o̵m̵p̵l̵e̵x̵.̵I̵_̵r̵e̵,̵ ̵C̵o̵m̵p̵l̵e̵x̵.̵I̵_̵i̵m̵,̵
  ̵ ̵ ̵ ̵ ̵ ̵ ̵z̵e̵r̵o̵_̵m̵u̵l̵,̵ ̵m̵u̵l̵_̵z̵e̵r̵o̵,̵ ̵o̵n̵e̵_̵m̵u̵l̵,̵ ̵m̵u̵l̵_̵o̵n̵e̵,̵
  ̵ ̵ ̵ ̵ ̵ ̵ ̵z̵e̵r̵o̵_̵a̵d̵d̵,̵ ̵a̵d̵d̵_̵z̵e̵r̵o̵,̵ ̵s̵u̵b̵_̵z̵e̵r̵o̵,̵ ̵z̵e̵r̵o̵_̵s̵u̵b̵,̵ ̵n̵e̵g̵_̵z̵e̵r̵o̵]̵s̲i̲m̲p̲ ̲o̲n̲l̲y̲ ̲[̲h̲o̲p̲f̲S̲o̲u̲t̲h̲F̲i̲r̲s̲t̲C̲o̲v̲a̲r̲i̲a̲n̲t̲A̲l̲g̲e̲b̲r̲a̲,̲ ̲h̲o̲p̲f̲S̲o̲u̲t̲h̲S̲e̲c̲o̲n̲d̲C̲o̲v̲a̲r̲i̲a̲n̲t̲A̲l̲g̲e̲b̲r̲a̲,̲
  ̲ ̲ ̲ ̲ ̲ ̲ ̲h̲o̲p̲f̲S̲o̲u̲t̲h̲F̲i̲r̲s̲t̲D̲e̲r̲i̲v̲a̲t̲i̲v̲e̲A̲l̲g̲e̲b̲r̲a̲,̲ ̲h̲o̲p̲f̲S̲o̲u̲t̲h̲S̲e̲c̲o̲n̲d̲D̲e̲r̲i̲v̲a̲t̲i̲v̲e̲A̲l̲g̲e̲b̲r̲a̲,̲
  ̲ ̲ ̲ ̲ ̲ ̲ ̲h̲o̲p̲f̲S̲o̲u̲t̲h̲F̲i̲r̲s̲t̲S̲c̲a̲l̲a̲r̲A̲l̲g̲e̲b̲r̲a̲,̲ ̲h̲o̲p̲f̲S̲o̲u̲t̲h̲S̲e̲c̲o̲n̲d̲S̲c̲a̲l̲a̲r̲A̲l̲g̲e̲b̲r̲a̲,̲ ̲h̲o̲p̲f̲S̲o̲u̲t̲h̲C̲o̲n̲n̲e̲c̲t̲i̲o̲n̲A̲l̲g̲e̲b̲r̲a̲_̲z̲e̲r̲o̲,̲
  ̲ ̲ ̲ ̲ ̲ ̲ ̲h̲o̲p̲f̲S̲o̲u̲t̲h̲C̲o̲n̲n̲e̲c̲t̲i̲o̲n̲A̲l̲g̲e̲b̲r̲a̲_̲o̲n̲e̲,̲ ̲h̲o̲p̲f̲S̲o̲u̲t̲h̲C̲o̲n̲n̲e̲c̲t̲i̲o̲n̲A̲l̲g̲e̲b̲r̲a̲_̲t̲w̲o̲,̲
  ̲ ̲ ̲ ̲ ̲ ̲ ̲h̲o̲p̲f̲T̲a̲n̲g̲e̲n̲t̲i̲a̲l̲I̲n̲c̲r̲e̲m̲e̲n̲t̲_̲z̲e̲r̲o̲_̲z̲e̲r̲o̲,̲ ̲h̲o̲p̲f̲T̲a̲n̲g̲e̲n̲t̲i̲a̲l̲I̲n̲c̲r̲e̲m̲e̲n̲t̲_̲o̲n̲e̲_̲z̲e̲r̲o̲,̲
  ̲ ̲ ̲ ̲ ̲ ̲ ̲h̲o̲p̲f̲T̲a̲n̲g̲e̲n̲t̲i̲a̲l̲I̲n̲c̲r̲e̲m̲e̲n̲t̲_̲t̲w̲o̲_̲z̲e̲r̲o̲,̲ ̲h̲o̲p̲f̲T̲a̲n̲g̲e̲n̲t̲i̲a̲l̲I̲n̲c̲r̲e̲m̲e̲n̲t̲_̲z̲e̲r̲o̲_̲o̲n̲e̲,̲
  ̲ ̲ ̲ ̲ ̲ ̲ ̲h̲o̲p̲f̲T̲a̲n̲g̲e̲n̲t̲i̲a̲l̲I̲n̲c̲r̲e̲m̲e̲n̲t̲_̲o̲n̲e̲_̲o̲n̲e̲,̲ ̲h̲o̲p̲f̲T̲a̲n̲g̲e̲n̲t̲i̲a̲l̲I̲n̲c̲r̲e̲m̲e̲n̲t̲_̲t̲w̲o̲_̲o̲n̲e̲,̲
  ̲ ̲ ̲ ̲ ̲ ̲ ̲h̲o̲p̲f̲T̲a̲n̲g̲e̲n̲t̲i̲a̲l̲I̲n̲c̲r̲e̲m̲e̲n̲t̲_̲z̲e̲r̲o̲_̲t̲w̲o̲,̲ ̲h̲o̲p̲f̲T̲a̲n̲g̲e̲n̲t̲i̲a̲l̲I̲n̲c̲r̲e̲m̲e̲n̲t̲_̲o̲n̲e̲_̲t̲w̲o̲,̲
  ̲ ̲ ̲ ̲ ̲ ̲ ̲h̲o̲p̲f̲T̲a̲n̲g̲e̲n̲t̲i̲a̲l̲I̲n̲c̲r̲e̲m̲e̲n̲t̲_̲t̲w̲o̲_̲t̲w̲o̲,̲ ̲C̲o̲m̲p̲l̲e̲x̲.̲a̲d̲d̲_̲r̲e̲,̲ ̲C̲o̲m̲p̲l̲e̲x̲.̲a̲d̲d̲_̲i̲m̲,̲ ̲C̲o̲m̲p̲l̲e̲x̲.̲s̲u̲b̲_̲i̲m̲,̲
  ̲ ̲ ̲ ̲ ̲ ̲ ̲C̲o̲m̲p̲l̲e̲x̲.̲n̲e̲g̲_̲r̲e̲,̲ ̲C̲o̲m̲p̲l̲e̲x̲.̲n̲e̲g̲_̲i̲m̲,̲ ̲C̲o̲m̲p̲l̲e̲x̲.̲m̲u̲l̲_̲r̲e̲,̲ ̲C̲o̲m̲p̲l̲e̲x̲.̲m̲u̲l̲_̲i̲m̲,̲ ̲C̲o̲m̲p̲l̲e̲x̲.̲o̲f̲R̲e̲a̲l̲_̲r̲e̲,̲
  ̲ ̲ ̲ ̲ ̲ ̲ ̲C̲o̲m̲p̲l̲e̲x̲.̲o̲f̲R̲e̲a̲l̲_̲i̲m̲,̲ ̲C̲o̲m̲p̲l̲e̲x̲.̲I̲_̲r̲e̲,̲ ̲C̲o̲m̲p̲l̲e̲x̲.̲I̲_̲i̲m̲,̲ ̲z̲e̲r̲o̲_̲m̲u̲l̲,̲ ̲m̲u̲l̲_̲z̲e̲r̲o̲,̲ ̲o̲n̲e̲_̲m̲u̲l̲,̲ ̲m̲u̲l̲_̲o̲n̲e̲,̲ ̲z̲e̲r̲o̲_̲a̲d̲d̲,̲
  ̲ ̲ ̲ ̲ ̲ ̲ ̲a̲d̲d̲_̲z̲e̲r̲o̲,̲ ̲s̲u̲b̲_̲z̲e̲r̲o̲,̲ ̲z̲e̲r̲o̲_̲s̲u̲b̲,̲ ̲n̲e̲g̲_̲z̲e̲r̲o̲]̲

Note: This linter can be disabled with `set_option linter.unusedSimpArgs false`
warning: JanusFormal/Branches/FundamentalGeometryPVariationalPrinciple/Gates/P0EFTJanusProgramPD9PrimitiveSpinCHopfZeroModeDiracEquation4D.lean:2256:54: This simp argument is unused:
  Complex.sub_im

Hint: Omit it from the simp argument list.
  s̵i̵m̵p̵ ̵o̵n̵l̵y̵ ̵[̵h̵o̵p̵f̵S̵o̵u̵t̵h̵F̵i̵r̵s̵t̵C̵o̵v̵a̵r̵i̵a̵n̵t̵A̵l̵g̵e̵b̵r̵a̵,̵
  ̵ ̵ ̵ ̵ ̵ ̵ ̵h̵o̵p̵f̵S̵o̵u̵t̵h̵S̵e̵c̵o̵n̵d̵C̵o̵v̵a̵r̵i̵a̵n̵t̵A̵l̵g̵e̵b̵r̵a̵,̵
  ̵ ̵ ̵ ̵ ̵ ̵ ̵h̵o̵p̵f̵S̵o̵u̵t̵h̵F̵i̵r̵s̵t̵D̵e̵r̵i̵v̵a̵t̵i̵v̵e̵A̵l̵g̵e̵b̵r̵a̵,̵
  ̵ ̵ ̵ ̵ ̵ ̵ ̵h̵o̵p̵f̵S̵o̵u̵t̵h̵S̵e̵c̵o̵n̵d̵D̵e̵r̵i̵v̵a̵t̵i̵v̵e̵A̵l̵g̵e̵b̵r̵a̵,̵
  ̵ ̵ ̵ ̵ ̵ ̵ ̵h̵o̵p̵f̵S̵o̵u̵t̵h̵F̵i̵r̵s̵t̵S̵c̵a̵l̵a̵r̵A̵l̵g̵e̵b̵r̵a̵,̵
  ̵ ̵ ̵ ̵ ̵ ̵ ̵h̵o̵p̵f̵S̵o̵u̵t̵h̵S̵e̵c̵o̵n̵d̵S̵c̵a̵l̵a̵r̵A̵l̵g̵e̵b̵r̵a̵,̵
  ̵ ̵ ̵ ̵ ̵ ̵ ̵h̵o̵p̵f̵S̵o̵u̵t̵h̵C̵o̵n̵n̵e̵c̵t̵i̵o̵n̵A̵l̵g̵e̵b̵r̵a̵_̵z̵e̵r̵o̵,̵
  ̵ ̵ ̵ ̵ ̵ ̵ ̵h̵o̵p̵f̵S̵o̵u̵t̵h̵C̵o̵n̵n̵e̵c̵t̵i̵o̵n̵A̵l̵g̵e̵b̵r̵a̵_̵o̵n̵e̵,̵
  ̵ ̵ ̵ ̵ ̵ ̵ ̵h̵o̵p̵f̵S̵o̵u̵t̵h̵C̵o̵n̵n̵e̵c̵t̵i̵o̵n̵A̵l̵g̵e̵b̵r̵a̵_̵t̵w̵o̵,̵
  ̵ ̵ ̵ ̵ ̵ ̵ ̵h̵o̵p̵f̵T̵a̵n̵g̵e̵n̵t̵i̵a̵l̵I̵n̵c̵r̵e̵m̵e̵n̵t̵_̵z̵e̵r̵o̵_̵z̵e̵r̵o̵,̵
  ̵ ̵ ̵ ̵ ̵ ̵ ̵h̵o̵p̵f̵T̵a̵n̵g̵e̵n̵t̵i̵a̵l̵I̵n̵c̵r̵e̵m̵e̵n̵t̵_̵o̵n̵e̵_̵z̵e̵r̵o̵,̵
  ̵ ̵ ̵ ̵ ̵ ̵ ̵h̵o̵p̵f̵T̵a̵n̵g̵e̵n̵t̵i̵a̵l̵I̵n̵c̵r̵e̵m̵e̵n̵t̵_̵t̵w̵o̵_̵z̵e̵r̵o̵,̵
  ̵ ̵ ̵ ̵ ̵ ̵ ̵h̵o̵p̵f̵T̵a̵n̵g̵e̵n̵t̵i̵a̵l̵I̵n̵c̵r̵e̵m̵e̵n̵t̵_̵z̵e̵r̵o̵_̵o̵n̵e̵,̵
  ̵ ̵ ̵ ̵ ̵ ̵ ̵h̵o̵p̵f̵T̵a̵n̵g̵e̵n̵t̵i̵a̵l̵I̵n̵c̵r̵e̵m̵e̵n̵t̵_̵o̵n̵e̵_̵o̵n̵e̵,̵
  ̵ ̵ ̵ ̵ ̵ ̵ ̵h̵o̵p̵f̵T̵a̵n̵g̵e̵n̵t̵i̵a̵l̵I̵n̵c̵r̵e̵m̵e̵n̵t̵_̵t̵w̵o̵_̵o̵n̵e̵,̵
  ̵ ̵ ̵ ̵ ̵ ̵ ̵h̵o̵p̵f̵T̵a̵n̵g̵e̵n̵t̵i̵a̵l̵I̵n̵c̵r̵e̵m̵e̵n̵t̵_̵z̵e̵r̵o̵_̵t̵w̵o̵,̵
  ̵ ̵ ̵ ̵ ̵ ̵ ̵h̵o̵p̵f̵T̵a̵n̵g̵e̵n̵t̵i̵a̵l̵I̵n̵c̵r̵e̵m̵e̵n̵t̵_̵o̵n̵e̵_̵t̵w̵o̵,̵
  ̵ ̵ ̵ ̵ ̵ ̵ ̵h̵o̵p̵f̵T̵a̵n̵g̵e̵n̵t̵i̵a̵l̵I̵n̵c̵r̵e̵m̵e̵n̵t̵_̵t̵w̵o̵_̵t̵w̵o̵,̵
  ̵ ̵ ̵ ̵ ̵ ̵ ̵C̵o̵m̵p̵l̵e̵x̵.̵a̵d̵d̵_̵r̵e̵,̵ ̵C̵o̵m̵p̵l̵e̵x̵.̵a̵d̵d̵_̵i̵m̵,̵ ̵C̵o̵m̵p̵l̵e̵x̵.̵s̵u̵b̵_̵r̵e̵,̵ ̵C̵o̵m̵p̵l̵e̵x̵.̵s̵u̵b̵_̵i̵m̵,̵
  ̵ ̵ ̵ ̵ ̵ ̵ ̵C̵o̵m̵p̵l̵e̵x̵.̵n̵e̵g̵_̵r̵e̵,̵ ̵C̵o̵m̵p̵l̵e̵x̵.̵n̵e̵g̵_̵i̵m̵,̵ ̵C̵o̵m̵p̵l̵e̵x̵.̵m̵u̵l̵_̵r̵e̵,̵ ̵C̵o̵m̵p̵l̵e̵x̵.̵m̵u̵l̵_̵i̵m̵,̵
  ̵ ̵ ̵ ̵ ̵ ̵ ̵C̵o̵m̵p̵l̵e̵x̵.̵o̵f̵R̵e̵a̵l̵_̵r̵e̵,̵ ̵C̵o̵m̵p̵l̵e̵x̵.̵o̵f̵R̵e̵a̵l̵_̵i̵m̵,̵ ̵C̵o̵m̵p̵l̵e̵x̵.̵I̵_̵r̵e̵,̵ ̵C̵o̵m̵p̵l̵e̵x̵.̵I̵_̵i̵m̵,̵
  ̵ ̵ ̵ ̵ ̵ ̵ ̵z̵e̵r̵o̵_̵m̵u̵l̵,̵ ̵m̵u̵l̵_̵z̵e̵r̵o̵,̵ ̵o̵n̵e̵_̵m̵u̵l̵,̵ ̵m̵u̵l̵_̵o̵n̵e̵,̵
  ̵ ̵ ̵ ̵ ̵ ̵ ̵z̵e̵r̵o̵_̵a̵d̵d̵,̵ ̵a̵d̵d̵_̵z̵e̵r̵o̵,̵ ̵s̵u̵b̵_̵z̵e̵r̵o̵,̵ ̵z̵e̵r̵o̵_̵s̵u̵b̵,̵ ̵n̵e̵g̵_̵z̵e̵r̵o̵]̵s̲i̲m̲p̲ ̲o̲n̲l̲y̲ ̲[̲h̲o̲p̲f̲S̲o̲u̲t̲h̲F̲i̲r̲s̲t̲C̲o̲v̲a̲r̲i̲a̲n̲t̲A̲l̲g̲e̲b̲r̲a̲,̲ ̲h̲o̲p̲f̲S̲o̲u̲t̲h̲S̲e̲c̲o̲n̲d̲C̲o̲v̲a̲r̲i̲a̲n̲t̲A̲l̲g̲e̲b̲r̲a̲,̲
  ̲ ̲ ̲ ̲ ̲ ̲ ̲h̲o̲p̲f̲S̲o̲u̲t̲h̲F̲i̲r̲s̲t̲D̲e̲r̲i̲v̲a̲t̲i̲v̲e̲A̲l̲g̲e̲b̲r̲a̲,̲ ̲h̲o̲p̲f̲S̲o̲u̲t̲h̲S̲e̲c̲o̲n̲d̲D̲e̲r̲i̲v̲a̲t̲i̲v̲e̲A̲l̲g̲e̲b̲r̲a̲,̲
  ̲ ̲ ̲ ̲ ̲ ̲ ̲h̲o̲p̲f̲S̲o̲u̲t̲h̲F̲i̲r̲s̲t̲S̲c̲a̲l̲a̲r̲A̲l̲g̲e̲b̲r̲a̲,̲ ̲h̲o̲p̲f̲S̲o̲u̲t̲h̲S̲e̲c̲o̲n̲d̲S̲c̲a̲l̲a̲r̲A̲l̲g̲e̲b̲r̲a̲,̲ ̲h̲o̲p̲f̲S̲o̲u̲t̲h̲C̲o̲n̲n̲e̲c̲t̲i̲o̲n̲A̲l̲g̲e̲b̲r̲a̲_̲z̲e̲r̲o̲,̲
  ̲ ̲ ̲ ̲ ̲ ̲ ̲h̲o̲p̲f̲S̲o̲u̲t̲h̲C̲o̲n̲n̲e̲c̲t̲i̲o̲n̲A̲l̲g̲e̲b̲r̲a̲_̲o̲n̲e̲,̲ ̲h̲o̲p̲f̲S̲o̲u̲t̲h̲C̲o̲n̲n̲e̲c̲t̲i̲o̲n̲A̲l̲g̲e̲b̲r̲a̲_̲t̲w̲o̲,̲
  ̲ ̲ ̲ ̲ ̲ ̲ ̲h̲o̲p̲f̲T̲a̲n̲g̲e̲n̲t̲i̲a̲l̲I̲n̲c̲r̲e̲m̲e̲n̲t̲_̲z̲e̲r̲o̲_̲z̲e̲r̲o̲,̲ ̲h̲o̲p̲f̲T̲a̲n̲g̲e̲n̲t̲i̲a̲l̲I̲n̲c̲r̲e̲m̲e̲n̲t̲_̲o̲n̲e̲_̲z̲e̲r̲o̲,̲
  ̲ ̲ ̲ ̲ ̲ ̲ ̲h̲o̲p̲f̲T̲a̲n̲g̲e̲n̲t̲i̲a̲l̲I̲n̲c̲r̲e̲m̲e̲n̲t̲_̲t̲w̲o̲_̲z̲e̲r̲o̲,̲ ̲h̲o̲p̲f̲T̲a̲n̲g̲e̲n̲t̲i̲a̲l̲I̲n̲c̲r̲e̲m̲e̲n̲t̲_̲z̲e̲r̲o̲_̲o̲n̲e̲,̲
  ̲ ̲ ̲ ̲ ̲ ̲ ̲h̲o̲p̲f̲T̲a̲n̲g̲e̲n̲t̲i̲a̲l̲I̲n̲c̲r̲e̲m̲e̲n̲t̲_̲o̲n̲e̲_̲o̲n̲e̲,̲ ̲h̲o̲p̲f̲T̲a̲n̲g̲e̲n̲t̲i̲a̲l̲I̲n̲c̲r̲e̲m̲e̲n̲t̲_̲t̲w̲o̲_̲o̲n̲e̲,̲
  ̲ ̲ ̲ ̲ ̲ ̲ ̲h̲o̲p̲f̲T̲a̲n̲g̲e̲n̲t̲i̲a̲l̲I̲n̲c̲r̲e̲m̲e̲n̲t̲_̲z̲e̲r̲o̲_̲t̲w̲o̲,̲ ̲h̲o̲p̲f̲T̲a̲n̲g̲e̲n̲t̲i̲a̲l̲I̲n̲c̲r̲e̲m̲e̲n̲t̲_̲o̲n̲e̲_̲t̲w̲o̲,̲
  ̲ ̲ ̲ ̲ ̲ ̲ ̲h̲o̲p̲f̲T̲a̲n̲g̲e̲n̲t̲i̲a̲l̲I̲n̲c̲r̲e̲m̲e̲n̲t̲_̲t̲w̲o̲_̲t̲w̲o̲,̲ ̲C̲o̲m̲p̲l̲e̲x̲.̲a̲d̲d̲_̲r̲e̲,̲ ̲C̲o̲m̲p̲l̲e̲x̲.̲a̲d̲d̲_̲i̲m̲,̲ ̲C̲o̲m̲p̲l̲e̲x̲.̲s̲u̲b̲_̲r̲e̲,̲
  ̲ ̲ ̲ ̲ ̲ ̲ ̲C̲o̲m̲p̲l̲e̲x̲.̲n̲e̲g̲_̲r̲e̲,̲ ̲C̲o̲m̲p̲l̲e̲x̲.̲n̲e̲g̲_̲i̲m̲,̲ ̲C̲o̲m̲p̲l̲e̲x̲.̲m̲u̲l̲_̲r̲e̲,̲ ̲C̲o̲m̲p̲l̲e̲x̲.̲m̲u̲l̲_̲i̲m̲,̲ ̲C̲o̲m̲p̲l̲e̲x̲.̲o̲f̲R̲e̲a̲l̲_̲r̲e̲,̲
  ̲ ̲ ̲ ̲ ̲ ̲ ̲C̲o̲m̲p̲l̲e̲x̲.̲o̲f̲R̲e̲a̲l̲_̲i̲m̲,̲ ̲C̲o̲m̲p̲l̲e̲x̲.̲I̲_̲r̲e̲,̲ ̲C̲o̲m̲p̲l̲e̲x̲.̲I̲_̲i̲m̲,̲ ̲z̲e̲r̲o̲_̲m̲u̲l̲,̲ ̲m̲u̲l̲_̲z̲e̲r̲o̲,̲ ̲o̲n̲e̲_̲m̲u̲l̲,̲ ̲m̲u̲l̲_̲o̲n̲e̲,̲ ̲z̲e̲r̲o̲_̲a̲d̲d̲,̲
  ̲ ̲ ̲ ̲ ̲ ̲ ̲a̲d̲d̲_̲z̲e̲r̲o̲,̲ ̲s̲u̲b̲_̲z̲e̲r̲o̲,̲ ̲z̲e̲r̲o̲_̲s̲u̲b̲,̲ ̲n̲e̲g̲_̲z̲e̲r̲o̲]̲

Note: This linter can be disabled with `set_option linter.unusedSimpArgs false`
warning: JanusFormal/Branches/FundamentalGeometryPVariationalPrinciple/Gates/P0EFTJanusProgramPD9PrimitiveSpinCHopfZeroModeDiracEquation4D.lean:2259:35: This simp argument is unused:
  mul_one

Hint: Omit it from the simp argument list.
  simp only [hopfSouthFirstCovariantAlgebra,
  ̵  ̵ ̵ ̵ ̵ ̵hopfSouthSecondCovariantAlgebra,
        hopfSouthFirstDerivativeAlgebra,
  ̵  ̵ ̵ ̵ ̵ ̵hopfSouthSecondDerivativeAlgebra,
        hopfSouthFirstScalarAlgebra,
  ̵  ̵ ̵ ̵ ̵ ̵hopfSouthSecondScalarAlgebra,
  ̵  ̵ ̵ ̵ ̵ ̵hopfSouthConnectionAlgebra_zero,
        hopfSouthConnectionAlgebra_one,
  ̵  ̵ ̵ ̵ ̵ ̵hopfSouthConnectionAlgebra_two,
        hopfTangentialIncrement_zero_zero,
  ̵  ̵ ̵ ̵ ̵ ̵hopfTangentialIncrement_one_zero,
        hopfTangentialIncrement_two_zero,
  ̵  ̵ ̵ ̵ ̵ ̵hopfTangentialIncrement_zero_one,
        hopfTangentialIncrement_one_one,
  ̵  ̵ ̵ ̵ ̵ ̵hopfTangentialIncrement_two_one,
        hopfTangentialIncrement_zero_two,
  ̵  ̵ ̵ ̵ ̵ ̵hopfTangentialIncrement_one_two,
        hopfTangentialIncrement_two_two,
  ̵  ̵ ̵ ̵ ̵ ̵Complex.add_re, Complex.add_im, Complex.sub_re,
  ̲  ̲ ̲ ̲ ̲ ̲Complex.sub_im,
  ̵  ̵ ̵ ̵ ̵ ̵Complex.neg_re, Complex.neg_im, Complex.mul_re, Complex.mul_im,
        Complex.ofReal_re, Complex.ofReal_im, Complex.I_re, Complex.I_im,
  ̵  ̵ ̵ ̵ ̵ ̵zero_mul, mul_zero, one_mul, ̵m̵u̵l̵_̵o̵n̵e̵,̵
        zero_add, add_zero, sub_zero, zero_sub, neg_zero]

Note: This linter can be disabled with `set_option linter.unusedSimpArgs false`
warning: JanusFormal/Branches/FundamentalGeometryPVariationalPrinciple/Gates/P0EFTJanusProgramPD9PrimitiveSpinCHopfZeroModeDiracEquation4D.lean:2262:29: This simp argument is unused:
  hSqrtCube

Hint: Omit it from the simp argument list.
  simp only [hSqrtSq, hSqrtC̵u̵b̵e̵,̵ ̵h̵S̵q̵r̵t̵Fourth]

Note: This linter can be disabled with `set_option linter.unusedSimpArgs false`
warning: JanusFormal/Branches/FundamentalGeometryPVariationalPrinciple/Gates/P0EFTJanusProgramPD9PrimitiveSpinCHopfZeroModeDiracEquation4D.lean:2262:40: This simp argument is unused:
  hSqrtFourth

Hint: Omit it from the simp argument list.
  simp only [hSqrtSq, hSqrtCube,̵ ̵h̵S̵q̵r̵t̵F̵o̵u̵r̵t̵h̵]

Note: This linter can be disabled with `set_option linter.unusedSimpArgs false`
warning: JanusFormal/Branches/FundamentalGeometryPVariationalPrinciple/Gates/P0EFTJanusProgramPD9PrimitiveSpinCHopfZeroModeDiracEquation4D.lean:2264:4: 'nlinarith [hSqrtSq, hSphere]' tactic does nothing

Note: This linter can be disabled with `set_option linter.unusedTactic false`
warning: JanusFormal/Branches/FundamentalGeometryPVariationalPrinciple/Gates/P0EFTJanusProgramPD9PrimitiveSpinCHopfZeroModeDiracEquation4D.lean:2264:4: this tactic is never executed

Note: This linter can be disabled with `set_option linter.unreachableTactic false`
warning: JanusFormal/Branches/FundamentalGeometryPVariationalPrinciple/Gates/P0EFTJanusProgramPD9PrimitiveSpinCHopfZeroModeDiracEquation4D.lean:2311:35: This simp argument is unused:
  mul_one

Hint: Omit it from the simp argument list.
  simp only [hopfSouthFirstCovariantAlgebra,
  ̵  ̵ ̵ ̵ ̵ ̵hopfSouthSecondCovariantAlgebra,
        hopfSouthFirstDerivativeAlgebra,
  ̵  ̵ ̵ ̵ ̵ ̵hopfSouthSecondDerivativeAlgebra,
        hopfSouthFirstScalarAlgebra,
  ̵  ̵ ̵ ̵ ̵ ̵hopfSouthSecondScalarAlgebra,
  ̵  ̵ ̵ ̵ ̵ ̵hopfSouthConnectionAlgebra_zero,
        hopfSouthConnectionAlgebra_one,
  ̵  ̵ ̵ ̵ ̵ ̵hopfSouthConnectionAlgebra_two,
        hopfTangentialIncrement_zero_zero,
  ̵  ̵ ̵ ̵ ̵ ̵hopfTangentialIncrement_one_zero,
        hopfTangentialIncrement_two_zero,
  ̵  ̵ ̵ ̵ ̵ ̵hopfTangentialIncrement_zero_one,
        hopfTangentialIncrement_one_one,
  ̵  ̵ ̵ ̵ ̵ ̵hopfTangentialIncrement_two_one,
        hopfTangentialIncrement_zero_two,
  ̵  ̵ ̵ ̵ ̵ ̵hopfTangentialIncrement_one_two,
        hopfTangentialIncrement_two_two,
  ̵  ̵ ̵ ̵ ̵ ̵Complex.add_re, Complex.add_im, Complex.sub_re,
  ̲  ̲ ̲ ̲ ̲ ̲Complex.sub_im,
  ̵  ̵ ̵ ̵ ̵ ̵Complex.mul_re, Complex.mul_im,
  ̵  ̵ ̵ ̵ ̵ ̵Complex.ofReal_re, Complex.ofReal_im,
  ̲  ̲ ̲ ̲ ̲ ̲Complex.I_re, Complex.I_im,
  ̵  ̵ ̵ ̵ ̵ ̵zero_mul, mul_zero, one_mul, m̵u̵l̵_̵o̵n̵e̵,̵
  ̵ ̵ ̵ ̵ ̵ ̵ ̵zero_add, add_zero, sub_zero,
  ̲  ̲ ̲ ̲ ̲ ̲zero_sub]

Note: This linter can be disabled with `set_option linter.unusedSimpArgs false`
warning: JanusFormal/Branches/FundamentalGeometryPVariationalPrinciple/Gates/P0EFTJanusProgramPD9PrimitiveSpinCHopfZeroModeDiracEquation4D.lean:2315:12: Used `tac1 <;> tac2` where `(tac1; tac2)` would suffice

Note: This linter can be disabled with `set_option linter.unnecessarySeqFocus false`
warning: JanusFormal/Branches/FundamentalGeometryPVariationalPrinciple/Gates/P0EFTJanusProgramPD9PrimitiveSpinCHopfZeroModeDiracEquation4D.lean:2719:6: This simp argument is unused:
  d9PrimitiveSpinCImaginaryAction

Hint: Omit it from the simp argument list.
  simp only [map_add, map_neg, map_smul, d9DoubledMatterFiberHalfSpinorLinearEquiv_complexAction,
        d̵9̵P̵r̵i̵m̵i̵t̵i̵v̵e̵S̵p̵i̵n̵C̵I̵m̵a̵g̵i̵n̵a̵r̵y̵A̵c̵t̵i̵o̵n̵,̵d9DoubledMatterFiberHalfSpinorLinearEquiv_phaseAction, d9PrimitiveSpinCImaginaryPhase_coe]

Note: This linter can be disabled with `set_option linter.unusedSimpArgs false`
warning: JanusFormal/Branches/FundamentalGeometryPVariationalPrinciple/Gates/P0EFTJanusProgramPD9PrimitiveSpinCHopfZeroModeDiracEquation4D.lean:2720:6: This simp argument is unused:
  d9DoubledMatterFiberHalfSpinorLinearEquiv_phaseAction

Hint: Omit it from the simp argument list.
  simp only [map_add, map_neg, map_smul, d9DoubledMatterFiberHalfSpinorLinearEquiv_complexAction,
        d9PrimitiveSpinCImaginaryAction, d̵9̵D̵o̵u̵b̵l̵e̵d̵M̵a̵t̵t̵e̵r̵F̵i̵b̵e̵r̵H̵a̵l̵f̵S̵p̵i̵n̵o̵r̵L̵i̵n̵e̵a̵r̵E̵q̵u̵i̵v̵_̵p̵h̵a̵s̵e̵A̵c̵t̵i̵o̵n̵,̵d9PrimitiveSpinCImaginaryPhase_coe]

Note: This linter can be disabled with `set_option linter.unusedSimpArgs false`
warning: JanusFormal/Branches/FundamentalGeometryPVariationalPrinciple/Gates/P0EFTJanusProgramPD9PrimitiveSpinCHopfZeroModeDiracEquation4D.lean:2721:6: This simp argument is unused:
  d9PrimitiveSpinCImaginaryPhase_coe

Hint: Omit it from the simp argument list.
  simp only [map_add, map_neg, map_smul, d9DoubledMatterFiberHalfSpinorLinearEquiv_complexAction,
        d9PrimitiveSpinCImaginaryAction, d̵9̵D̵o̵u̵b̵l̵e̵d̵M̵a̵t̵t̵e̵r̵F̵i̵b̵e̵r̵H̵a̵l̵f̵S̵p̵i̵n̵o̵r̵L̵i̵n̵e̵a̵r̵E̵q̵u̵i̵v̵_̵p̵h̵a̵s̵e̵A̵c̵t̵i̵o̵n̵,̵
  ̵ ̵ ̵ ̵ ̵ ̵ ̵d̵9̵P̵r̵i̵m̵i̵t̵i̵v̵e̵S̵p̵i̵n̵C̵I̵m̵a̵g̵i̵n̵a̵r̵y̵P̵h̵a̵s̵e̵_̵c̵o̵e̵]̵d̲9̲D̲o̲u̲b̲l̲e̲d̲M̲a̲t̲t̲e̲r̲F̲i̲b̲e̲r̲H̲a̲l̲f̲S̲p̲i̲n̲o̲r̲L̲i̲n̲e̲a̲r̲E̲q̲u̲i̲v̲_̲p̲h̲a̲s̲e̲A̲c̲t̲i̲o̲n̲]̲

Note: This linter can be disabled with `set_option linter.unusedSimpArgs false`
warning: JanusFormal/Branches/FundamentalGeometryPVariationalPrinciple/Gates/P0EFTJanusProgramPD9PrimitiveSpinCHopfZeroModeDiracEquation4D.lean:2723:34: This simp argument is unused:
  smul_smul

Hint: Omit it from the simp argument list.
  simp only [Complex.real_smul, s̵m̵u̵l̵_̵s̵m̵u̵l̵,̵ ̵Complex.I_mul_I, neg_one_smul]

Note: This linter can be disabled with `set_option linter.unusedSimpArgs false`
warning: JanusFormal/Branches/FundamentalGeometryPVariationalPrinciple/Gates/P0EFTJanusProgramPD9PrimitiveSpinCHopfZeroModeDiracEquation4D.lean:2723:45: This simp argument is unused:
  Complex.I_mul_I

Hint: Omit it from the simp argument list.
  simp only [Complex.real_smul, smul_smul, C̵o̵m̵p̵l̵e̵x̵.̵I̵_̵m̵u̵l̵_̵I̵,̵
  ̵ ̵ ̵ ̵ ̵ ̵ ̵neg_one_smul]

Note: This linter can be disabled with `set_option linter.unusedSimpArgs false`
warning: JanusFormal/Branches/FundamentalGeometryPVariationalPrinciple/Gates/P0EFTJanusProgramPD9PrimitiveSpinCHopfZeroModeDiracEquation4D.lean:2724:6: This simp argument is unused:
  neg_one_smul

Hint: Omit it from the simp argument list.
  simp only [Complex.real_smul, smul_smul, Complex.I_mul_I,̵
  ̵ ̵ ̵ ̵ ̵ ̵ ̵n̵e̵g̵_̵o̵n̵e̵_̵s̵m̵u̵l̵]

Note: This linter can be disabled with `set_option linter.unusedSimpArgs false`
warning: JanusFormal/Branches/FundamentalGeometryPVariationalPrinciple/Gates/P0EFTJanusProgramPD9PrimitiveSpinCHopfZeroModeDiracEquation4D.lean:2753:45: This simp argument is unused:
  Complex.I_mul_I

Hint: Omit it from the simp argument list.
  simp only [Complex.real_smul, smul_smul, C̵o̵m̵p̵l̵e̵x̵.̵I̵_̵m̵u̵l̵_̵I̵,̵
  ̵ ̵ ̵ ̵ ̵ ̵ ̵neg_one_smul]

Note: This linter can be disabled with `set_option linter.unusedSimpArgs false`
warning: JanusFormal/Branches/FundamentalGeometryPVariationalPrinciple/Gates/P0EFTJanusProgramPD9PrimitiveSpinCHopfZeroModeDiracEquation4D.lean:2754:6: This simp argument is unused:
  neg_one_smul

Hint: Omit it from the simp argument list.
  simp only [Complex.real_smul, smul_smul, Complex.I_mul_I,̵
  ̵ ̵ ̵ ̵ ̵ ̵ ̵n̵e̵g̵_̵o̵n̵e̵_̵s̵m̵u̵l̵]

Note: This linter can be disabled with `set_option linter.unusedSimpArgs false`
warning: JanusFormal/Branches/FundamentalGeometryPVariationalPrinciple/Gates/P0EFTJanusProgramPD9PrimitiveSpinCHopfZeroModeDiracEquation4D.lean:2780:15: This simp argument is unused:
  Complex.real_smul

Hint: Omit it from the simp argument list.
  simp only [̵C̵o̵m̵p̵l̵e̵x̵.̵r̵e̵a̵l̵_̵s̵m̵u̵l̵,̵ ̵s̵m̵u̵l̵_̵s̵m̵u̵l̵,̵[̲s̲m̲u̲l̲_̲s̲m̲u̲l̲,̲ Complex.I_mul_I, neg_one_smul]

Note: This linter can be disabled with `set_option linter.unusedSimpArgs false`
warning: JanusFormal/Branches/FundamentalGeometryPVariationalPrinciple/Gates/P0EFTJanusProgramPD9PrimitiveSpinCHopfZeroModeDiracEquation4D.lean:2724:20: Used `tac1 <;> tac2` where `(tac1; tac2)` would suffice

Note: This linter can be disabled with `set_option linter.unnecessarySeqFocus false`
warning: JanusFormal/Branches/FundamentalGeometryPVariationalPrinciple/Gates/P0EFTJanusProgramPD9PrimitiveSpinCHopfZeroModeDiracEquation4D.lean:2754:20: Used `tac1 <;> tac2` where `(tac1; tac2)` would suffice

Note: This linter can be disabled with `set_option linter.unnecessarySeqFocus false`
warning: JanusFormal/Branches/FundamentalGeometryPVariationalPrinciple/Gates/P0EFTJanusProgramPD9PrimitiveSpinCHopfZeroModeDiracEquation4D.lean:2781:20: Used `tac1 <;> tac2` where `(tac1; tac2)` would suffice

Note: This linter can be disabled with `set_option linter.unnecessarySeqFocus false`
warning: JanusFormal/Branches/FundamentalGeometryPVariationalPrinciple/Gates/P0EFTJanusProgramPD9PrimitiveSpinCHopfZeroModeDiracEquation4D.lean:4327:2: 'change
  d9PrimitiveSpinCComplexActionCLM derivative matter +
      coefficient • d9PrimitiveSpinCComplexActionCLM (Complex.I * scalar) matter =
    _' tactic does nothing

Note: This linter can be disabled with `set_option linter.unusedTactic false`
⚠ [9203/9520] Replayed JanusFormal.Branches.FundamentalGeometryPVariationalPrinciple.Gates.P0EFTJanusProgramPD9PrimitiveSpinCZeroModeOrthogonality4D
warning: JanusFormal/Branches/FundamentalGeometryPVariationalPrinciple/Gates/P0EFTJanusProgramPD9PrimitiveSpinCZeroModeOrthogonality4D.lean:33:4: 'push_cast' tactic does nothing

Note: This linter can be disabled with `set_option linter.unusedTactic false`
warning: JanusFormal/Branches/FundamentalGeometryPVariationalPrinciple/Gates/P0EFTJanusProgramPD9PrimitiveSpinCZeroModeOrthogonality4D.lean:34:25: Used `tac1 <;> tac2` where `(tac1; tac2)` would suffice

Note: This linter can be disabled with `set_option linter.unnecessarySeqFocus false`
warning: JanusFormal/Branches/FundamentalGeometryPVariationalPrinciple/Gates/P0EFTJanusProgramPD9PrimitiveSpinCZeroModeOrthogonality4D.lean:146:15: This simp argument is unused:
  if_pos rfl

Hint: Omit it from the simp argument list.
  simp only ̵[̵i̵f̵_̵p̵o̵s̵ ̵r̵f̵l̵]̵

Note: This linter can be disabled with `set_option linter.unusedSimpArgs false`
warning: JanusFormal/Branches/FundamentalGeometryPVariationalPrinciple/Gates/P0EFTJanusProgramPD9PrimitiveSpinCZeroModeOrthogonality4D.lean:271:18: This simp argument is unused:
  Complex.ofReal_ne_zero.mpr hPeriod

Hint: Omit it from the simp argument list.
  simp [hFirst,̵ ̵C̵o̵m̵p̵l̵e̵x̵.̵o̵f̵R̵e̵a̵l̵_̵n̵e̵_̵z̵e̵r̵o̵.̵m̵p̵r̵ ̵h̵P̵e̵r̵i̵o̵d̵]

Note: This linter can be disabled with `set_option linter.unusedSimpArgs false`
info: JanusFormal/Branches/FundamentalGeometryPVariationalPrinciple/Gates/P0EFTJanusProgramPD9PrimitiveSpinCZeroModeOrthogonality4D.lean:323:6: Try this:
  [apply] ring_nf
  
  The `ring` tactic failed to close the goal. Use `ring_nf` to obtain a normal form.
    
  Note that `ring` works primarily in *commutative* rings. If you have a noncommutative ring, abelian group or module, consider using `noncomm_ring`, `abel` or `module` instead.
⚠ [9204/9520] Replayed JanusFormal.Branches.FundamentalGeometryPVariationalPrinciple.Gates.P0EFTJanusProgramPD9PrimitiveSpinCZeroModeFourierSynthesis4D
warning: JanusFormal/Branches/FundamentalGeometryPVariationalPrinciple/Gates/P0EFTJanusProgramPD9PrimitiveSpinCZeroModeFourierSynthesis4D.lean:240:2: Try this: intro sector first second hEqual
warning: JanusFormal/Branches/FundamentalGeometryPVariationalPrinciple/Gates/P0EFTJanusProgramPD9PrimitiveSpinCZeroModeFourierSynthesis4D.lean:748:15: This simp argument is unused:
  if_pos rfl

Hint: Omit it from the simp argument list.
  simp only ̵[̵i̵f̵_̵p̵o̵s̵ ̵r̵f̵l̵]̵

Note: This linter can be disabled with `set_option linter.unusedSimpArgs false`
⚠ [9206/9520] Replayed JanusFormal.Branches.FundamentalGeometryPVariationalPrinciple.Gates.P0EFTJanusProgramPD9PrimitiveSpinCHopfZeroModeSpectralRealization4D
warning: JanusFormal/Branches/FundamentalGeometryPVariationalPrinciple/Gates/P0EFTJanusProgramPD9PrimitiveSpinCHopfZeroModeSpectralRealization4D.lean:1091:31: Used `tac1 <;> tac2` where `(tac1; tac2)` would suffice

Note: This linter can be disabled with `set_option linter.unnecessarySeqFocus false`
warning: JanusFormal/Branches/FundamentalGeometryPVariationalPrinciple/Gates/P0EFTJanusProgramPD9PrimitiveSpinCHopfZeroModeSpectralRealization4D.lean:1101:31: Used `tac1 <;> tac2` where `(tac1; tac2)` would suffice

Note: This linter can be disabled with `set_option linter.unnecessarySeqFocus false`
info: JanusFormal/Branches/FundamentalGeometryPVariationalPrinciple/Gates/P0EFTJanusProgramPD9PrimitiveSpinCHopfZeroModeSpectralRealization4D.lean:1549:6: Try this:
  [apply] ring_nf
  
  The `ring` tactic failed to close the goal. Use `ring_nf` to obtain a normal form.
    
  Note that `ring` works primarily in *commutative* rings. If you have a noncommutative ring, abelian group or module, consider using `noncomm_ring`, `abel` or `module` instead.
⚠ [9218/9520] Replayed JanusFormal.Branches.FundamentalGeometryPVariationalPrinciple.Gates.P0EFTJanusProgramPD9PrimitiveSpinCFirstPositiveSphereComplexLinearity4D
warning: JanusFormal/Branches/FundamentalGeometryPVariationalPrinciple/Gates/P0EFTJanusProgramPD9PrimitiveSpinCFirstPositiveSphereComplexLinearity4D.lean:208:4: 'change
  (primitiveSpinCHopfFirstSphereDiracFrequency period sector mode : Complex) * (scalar * coefficients.1 coordinate) =
    scalar *
      ((primitiveSpinCHopfFirstSphereDiracFrequency period sector mode : Complex) *
        coefficients.1 coordinate)' tactic does nothing

Note: This linter can be disabled with `set_option linter.unusedTactic false`
warning: JanusFormal/Branches/FundamentalGeometryPVariationalPrinciple/Gates/P0EFTJanusProgramPD9PrimitiveSpinCFirstPositiveSphereComplexLinearity4D.lean:216:4: 'change
  ((-primitiveSpinCHopfFirstSphereDiracFrequency period sector mode : Real) : Complex) *
      (scalar * coefficients.2 coordinate) =
    scalar *
      (((-primitiveSpinCHopfFirstSphereDiracFrequency period sector mode : Real) : Complex) *
        coefficients.2 coordinate)' tactic does nothing

Note: This linter can be disabled with `set_option linter.unusedTactic false`
⚠ [9223/9520] Replayed JanusFormal.Branches.FundamentalGeometryPVariationalPrinciple.Gates.P0EFTJanusProgramPD9PrimitiveSpinCFirstPositiveSphereComplexMultiplicity4D
warning: JanusFormal/Branches/FundamentalGeometryPVariationalPrinciple/Gates/P0EFTJanusProgramPD9PrimitiveSpinCFirstPositiveSphereComplexMultiplicity4D.lean:372:16: Used `tac1 <;> tac2` where `(tac1; tac2)` would suffice

Note: This linter can be disabled with `set_option linter.unnecessarySeqFocus false`
warning: JanusFormal/Branches/FundamentalGeometryPVariationalPrinciple/Gates/P0EFTJanusProgramPD9PrimitiveSpinCFirstPositiveSphereComplexMultiplicity4D.lean:399:16: Used `tac1 <;> tac2` where `(tac1; tac2)` would suffice

Note: This linter can be disabled with `set_option linter.unnecessarySeqFocus false`
ℹ [9225/9520] Replayed JanusFormal.Branches.FundamentalGeometryPVariationalPrinciple.Gates.P0EFTJanusProgramPD9PrimitiveSpinCThirdPositiveSphereDirac4D
info: JanusFormal/Branches/FundamentalGeometryPVariationalPrinciple/Gates/P0EFTJanusProgramPD9PrimitiveSpinCThirdPositiveSphereDirac4D.lean:193:2: Try this:
  [apply] ring_nf
  
  The `ring` tactic failed to close the goal. Use `ring_nf` to obtain a normal form.
    
  Note that `ring` works primarily in *commutative* rings. If you have a noncommutative ring, abelian group or module, consider using `noncomm_ring`, `abel` or `module` instead.
info: JanusFormal/Branches/FundamentalGeometryPVariationalPrinciple/Gates/P0EFTJanusProgramPD9PrimitiveSpinCThirdPositiveSphereDirac4D.lean:208:2: Try this:
  [apply] ring_nf
  
  The `ring` tactic failed to close the goal. Use `ring_nf` to obtain a normal form.
    
  Note that `ring` works primarily in *commutative* rings. If you have a noncommutative ring, abelian group or module, consider using `noncomm_ring`, `abel` or `module` instead.
⚠ [9228/9520] Replayed JanusFormal.Branches.FundamentalGeometryPVariationalPrinciple.Gates.P0EFTJanusProgramPD9PrimitiveSpinCSolidHarmonicCompleteness4D
warning: JanusFormal/Branches/FundamentalGeometryPVariationalPrinciple/Gates/P0EFTJanusProgramPD9PrimitiveSpinCSolidHarmonicCompleteness4D.lean:74:29: This simp argument is unused:
  Finsupp.single_apply

Hint: Omit it from the simp argument list.
  simp [hCoordinate,̵ ̵F̵i̵n̵s̵u̵p̵p̵.̵s̵i̵n̵g̵l̵e̵_̵a̵p̵p̵l̵y̵] at hAtCoordinate

Note: This linter can be disabled with `set_option linter.unusedSimpArgs false`
warning: JanusFormal/Branches/FundamentalGeometryPVariationalPrinciple/Gates/P0EFTJanusProgramPD9PrimitiveSpinCSolidHarmonicCompleteness4D.lean:80:14: This simp argument is unused:
  Finsupp.single_apply

Hint: Omit it from the simp argument list.
  simp ̵[̵F̵i̵n̵s̵u̵p̵p̵.̵s̵i̵n̵g̵l̵e̵_̵a̵p̵p̵l̵y̵]̵

Note: This linter can be disabled with `set_option linter.unusedSimpArgs false`
warning: JanusFormal/Branches/FundamentalGeometryPVariationalPrinciple/Gates/P0EFTJanusProgramPD9PrimitiveSpinCSolidHarmonicCompleteness4D.lean:151:22: This simp argument is unused:
  map_add

Hint: Omit it from the simp argument list.
  simp only [map_mul, map_a̵d̵d̵,̵ ̵m̵a̵p̵_̵natCast]

Note: This linter can be disabled with `set_option linter.unusedSimpArgs false`
warning: JanusFormal/Branches/FundamentalGeometryPVariationalPrinciple/Gates/P0EFTJanusProgramPD9PrimitiveSpinCSolidHarmonicCompleteness4D.lean:357:6: try 'simp' instead of 'simpa'

Note: This linter can be disabled with `set_option linter.unnecessarySimpa false`
warning: JanusFormal/Branches/FundamentalGeometryPVariationalPrinciple/Gates/P0EFTJanusProgramPD9PrimitiveSpinCSolidHarmonicCompleteness4D.lean:471:4: try 'simp' instead of 'simpa'

Note: This linter can be disabled with `set_option linter.unnecessarySimpa false`
warning: JanusFormal/Branches/FundamentalGeometryPVariationalPrinciple/Gates/P0EFTJanusProgramPD9PrimitiveSpinCSolidHarmonicCompleteness4D.lean:722:6: try 'simp' instead of 'simpa'

Note: This linter can be disabled with `set_option linter.unnecessarySimpa false`
warning: JanusFormal/Branches/FundamentalGeometryPVariationalPrinciple/Gates/P0EFTJanusProgramPD9PrimitiveSpinCSolidHarmonicCompleteness4D.lean:736:4: try 'simp' instead of 'simpa'

Note: This linter can be disabled with `set_option linter.unnecessarySimpa false`
warning: JanusFormal/Branches/FundamentalGeometryPVariationalPrinciple/Gates/P0EFTJanusProgramPD9PrimitiveSpinCSolidHarmonicCompleteness4D.lean:749:2: 'norm_num at hNormSquared ⊢' tactic does nothing

Note: This linter can be disabled with `set_option linter.unusedTactic false`
⚠ [9231/9520] Replayed JanusFormal.Branches.FundamentalGeometryPVariationalPrinciple.Gates.P0EFTJanusProgramPD9PrimitiveSpinCAllLevelNullHarmonicDirac4D
warning: JanusFormal/Branches/FundamentalGeometryPVariationalPrinciple/Gates/P0EFTJanusProgramPD9PrimitiveSpinCAllLevelNullHarmonicDirac4D.lean:1975:4: This simp argument is unused:
  map_star

Hint: Omit it from the simp argument list.
  simp only [primitiveMonopoleZeroNorthValue,
  ̵  ̵ ̵ ̵primitiveMonopoleZeroComplementNorthValue,
      Complex.add_re, Complex.ofReal_re, Complex.real_smul,
  ̵  ̵ ̵ ̵m̵a̵p̵_̵s̵t̵a̵r̵,̵ ̵Complex.star_def, Complex.conj_re,
      monopoleSphereXY, Complex.mul_re, Complex.ofReal_im,
  ̵  ̵ ̵ ̵Complex.conj_im, Complex.neg_im, zero_mul,
  ̲  ̲ ̲ ̲sub_zero]

Note: This linter can be disabled with `set_option linter.unusedSimpArgs false`
warning: JanusFormal/Branches/FundamentalGeometryPVariationalPrinciple/Gates/P0EFTJanusProgramPD9PrimitiveSpinCAllLevelNullHarmonicDirac4D.lean:1977:21: This simp argument is unused:
  Complex.neg_im

Hint: Omit it from the simp argument list.
  simp only [primitiveMonopoleZeroNorthValue,
  ̵  ̵ ̵ ̵primitiveMonopoleZeroComplementNorthValue,
      Complex.add_re, Complex.ofReal_re, Complex.real_smul,
  ̵  ̵ ̵ ̵map_star, Complex.star_def,
  ̲  ̲ ̲ ̲Complex.conj_re,
  ̵  ̵ ̵ ̵monopoleSphereXY, Complex.mul_re, Complex.ofReal_im,
  ̵  ̵ ̵ ̵Complex.conj_im, C̵z̲e̲r̲o_̲mp̵u̲le̵x̵.̵n̵e̵g̵_̵i̵m̵,
  ̲ z̵e̵r̵o̵_̵m̵u̵l̵,̵  ̲ ̲sub_zero]

Note: This linter can be disabled with `set_option linter.unusedSimpArgs false`
⚠ [9233/9520] Replayed JanusFormal.Branches.FundamentalGeometryPVariationalPrinciple.Gates.P0EFTJanusProgramPD9PrimitiveSpinCFirstNegativeSphereComplexMultiplicity4D
warning: JanusFormal/Branches/FundamentalGeometryPVariationalPrinciple/Gates/P0EFTJanusProgramPD9PrimitiveSpinCFirstNegativeSphereComplexMultiplicity4D.lean:310:16: Used `tac1 <;> tac2` where `(tac1; tac2)` would suffice

Note: This linter can be disabled with `set_option linter.unnecessarySeqFocus false`
warning: JanusFormal/Branches/FundamentalGeometryPVariationalPrinciple/Gates/P0EFTJanusProgramPD9PrimitiveSpinCFirstNegativeSphereComplexMultiplicity4D.lean:350:16: Used `tac1 <;> tac2` where `(tac1; tac2)` would suffice

Note: This linter can be disabled with `set_option linter.unnecessarySeqFocus false`
⚠ [9256/9520] Replayed JanusFormal.Branches.FundamentalGeometryPVariationalPrinciple.Gates.P0EFTJanusComplexDiagonalProperShiftFredholm4D
warning: JanusFormal/Branches/FundamentalGeometryPVariationalPrinciple/Gates/P0EFTJanusComplexDiagonalProperShiftFredholm4D.lean:185:8: automatically included section variable(s) unused in theorem `_private.JanusFormal.Branches.FundamentalGeometryPVariationalPrinciple.Gates.P0EFTJanusComplexDiagonalProperShiftFredholm4D.0.JanusFormal.P0EFTJanusComplexDiagonalProperShiftFredholm4D.complexDiagonalShiftNonzeroValues_pos`:
  [DecidableEq Mode]
consider restructuring your `variable` declarations so that the variables are not in scope or explicitly omit them:
  omit [DecidableEq Mode] in theorem ...

Note: This linter can be disabled with `set_option linter.unusedSectionVars false`
warning: JanusFormal/Branches/FundamentalGeometryPVariationalPrinciple/Gates/P0EFTJanusComplexDiagonalProperShiftFredholm4D.lean:210:8: automatically included section variable(s) unused in theorem `_private.JanusFormal.Branches.FundamentalGeometryPVariationalPrinciple.Gates.P0EFTJanusComplexDiagonalProperShiftFredholm4D.0.JanusFormal.P0EFTJanusComplexDiagonalProperShiftFredholm4D.one_le_abs_add_of_not_relevant`:
  [DecidableEq Mode]
consider restructuring your `variable` declarations so that the variables are not in scope or explicitly omit them:
  omit [DecidableEq Mode] in theorem ...

Note: This linter can be disabled with `set_option linter.unusedSectionVars false`
⚠ [9257/9520] Replayed JanusFormal.Branches.FundamentalGeometryPVariationalPrinciple.Gates.P0EFTJanusProgramPPrimitiveSpinCGeometricSignedFredholm4D
warning: JanusFormal/Branches/FundamentalGeometryPVariationalPrinciple/Gates/P0EFTJanusProgramPPrimitiveSpinCGeometricSignedFredholm4D.lean:149:6: try 'simp' instead of 'simpa'

Note: This linter can be disabled with `set_option linter.unnecessarySimpa false`
⚠ [9266/9520] Replayed JanusFormal.Branches.FundamentalGeometryPVariationalPrinciple.Gates.P0EFTJanusProgramPD9PrimitiveSpinCAllLevelJointFourierSynthesis4D
warning: JanusFormal/Branches/FundamentalGeometryPVariationalPrinciple/Gates/P0EFTJanusProgramPD9PrimitiveSpinCAllLevelJointFourierSynthesis4D.lean:175:2: Try this: intro hPeriod first second hEqual
info: JanusFormal/Branches/FundamentalGeometryPVariationalPrinciple/Gates/P0EFTJanusProgramPD9PrimitiveSpinCAllLevelJointFourierSynthesis4D.lean:413:14: Try this:
  [apply] ring_nf
  
  The `ring` tactic failed to close the goal. Use `ring_nf` to obtain a normal form.
    
  Note that `ring` works primarily in *commutative* rings. If you have a noncommutative ring, abelian group or module, consider using `noncomm_ring`, `abel` or `module` instead.
info: JanusFormal/Branches/FundamentalGeometryPVariationalPrinciple/Gates/P0EFTJanusProgramPD9PrimitiveSpinCAllLevelJointFourierSynthesis4D.lean:413:14: Try this:
  [apply] ring_nf
  
  The `ring` tactic failed to close the goal. Use `ring_nf` to obtain a normal form.
    
  Note that `ring` works primarily in *commutative* rings. If you have a noncommutative ring, abelian group or module, consider using `noncomm_ring`, `abel` or `module` instead.
warning: JanusFormal/Branches/FundamentalGeometryPVariationalPrinciple/Gates/P0EFTJanusProgramPD9PrimitiveSpinCAllLevelJointFourierSynthesis4D.lean:741:14: This simp argument is unused:
  Finsupp.single_apply

Hint: Omit it from the simp argument list.
  simp [F̵i̵n̵s̵u̵p̵p̵.̵s̵i̵n̵g̵l̵e̵_̵a̵p̵p̵l̵y̵,̵ ̵hLabel]

Note: This linter can be disabled with `set_option linter.unusedSimpArgs false`
⚠ [9267/9520] Replayed JanusFormal.Branches.FundamentalGeometryPVariationalPrinciple.Gates.P0EFTJanusProgramPD9PrimitiveSpinCAllLevelJointSpectralSynthesis4D
warning: JanusFormal/Branches/FundamentalGeometryPVariationalPrinciple/Gates/P0EFTJanusProgramPD9PrimitiveSpinCAllLevelJointSpectralSynthesis4D.lean:586:4: Variable name `label` is not explicitly referenced.

The binding can be removed (if unused) or named `_` (if used implicitly).

Note: This linter can be disabled with `set_option linter.unusedVariables false`
⚠ [9268/9520] Replayed JanusFormal.Branches.FundamentalGeometryPVariationalPrinciple.Gates.P0EFTJanusProgramPD9PrimitiveSpinCAllLevelFullSpectralSynthesis4D
warning: JanusFormal/Branches/FundamentalGeometryPVariationalPrinciple/Gates/P0EFTJanusProgramPD9PrimitiveSpinCAllLevelFullSpectralSynthesis4D.lean:594:4: Variable name `label` is not explicitly referenced.

The binding can be removed (if unused) or named `_` (if used implicitly).

Note: This linter can be disabled with `set_option linter.unusedVariables false`
ℹ [9270/9520] Replayed JanusFormal.Branches.FundamentalGeometryPVariationalPrinciple.Gates.P0EFTJanusProgramPD9PrimitiveSpinCGeometricL2FourierOrthogonality4D
info: JanusFormal/Branches/FundamentalGeometryPVariationalPrinciple/Gates/P0EFTJanusProgramPD9PrimitiveSpinCGeometricL2FourierOrthogonality4D.lean:289:14: Try this:
  [apply] ring_nf
  
  The `ring` tactic failed to close the goal. Use `ring_nf` to obtain a normal form.
    
  Note that `ring` works primarily in *commutative* rings. If you have a noncommutative ring, abelian group or module, consider using `noncomm_ring`, `abel` or `module` instead.
info: JanusFormal/Branches/FundamentalGeometryPVariationalPrinciple/Gates/P0EFTJanusProgramPD9PrimitiveSpinCGeometricL2FourierOrthogonality4D.lean:289:14: Try this:
  [apply] ring_nf
  
  The `ring` tactic failed to close the goal. Use `ring_nf` to obtain a normal form.
    
  Note that `ring` works primarily in *commutative* rings. If you have a noncommutative ring, abelian group or module, consider using `noncomm_ring`, `abel` or `module` instead.
⚠ [9272/9520] Replayed JanusFormal.Branches.FundamentalGeometryPVariationalPrinciple.Gates.P0EFTJanusProgramPD9PrimitiveSpinCGeometricL2GradientCasimir4D
warning: JanusFormal/Branches/FundamentalGeometryPVariationalPrinciple/Gates/P0EFTJanusProgramPD9PrimitiveSpinCGeometricL2GradientCasimir4D.lean:308:26: Used `tac1 <;> tac2` where `(tac1; tac2)` would suffice

Note: This linter can be disabled with `set_option linter.unnecessarySeqFocus false`
info: JanusFormal/Branches/FundamentalGeometryPVariationalPrinciple/Gates/P0EFTJanusProgramPD9PrimitiveSpinCGeometricL2GradientCasimir4D.lean:1079:2: Try this:
  [apply] ring_nf
  
  The `ring` tactic failed to close the goal. Use `ring_nf` to obtain a normal form.
    
  Note that `ring` works primarily in *commutative* rings. If you have a noncommutative ring, abelian group or module, consider using `noncomm_ring`, `abel` or `module` instead.
ℹ [9274/9520] Replayed JanusFormal.Branches.FundamentalGeometryPVariationalPrinciple.Gates.P0EFTJanusProgramPD9PrimitiveSpinCGeometricL2SignedJointIsometry4D
info: JanusFormal/Branches/FundamentalGeometryPVariationalPrinciple/Gates/P0EFTJanusProgramPD9PrimitiveSpinCGeometricL2SignedJointIsometry4D.lean:833:2: Try this:
  [apply] ring_nf
  
  The `ring` tactic failed to close the goal. Use `ring_nf` to obtain a normal form.
    
  Note that `ring` works primarily in *commutative* rings. If you have a noncommutative ring, abelian group or module, consider using `noncomm_ring`, `abel` or `module` instead.
⚠ [9275/9520] Replayed JanusFormal.Branches.FundamentalGeometryPVariationalPrinciple.Gates.P0EFTJanusProgramPD9PrimitiveSpinCMonopoleFiniteFrame4D
warning: JanusFormal/Branches/FundamentalGeometryPVariationalPrinciple/Gates/P0EFTJanusProgramPD9PrimitiveSpinCMonopoleFiniteFrame4D.lean:234:2: try 'simp' instead of 'simpa'

Note: This linter can be disabled with `set_option linter.unnecessarySimpa false`
warning: JanusFormal/Branches/FundamentalGeometryPVariationalPrinciple/Gates/P0EFTJanusProgramPD9PrimitiveSpinCMonopoleFiniteFrame4D.lean:332:8: try 'simp' instead of 'simpa'

Note: This linter can be disabled with `set_option linter.unnecessarySimpa false`
warning: JanusFormal/Branches/FundamentalGeometryPVariationalPrinciple/Gates/P0EFTJanusProgramPD9PrimitiveSpinCMonopoleFiniteFrame4D.lean:827:14: 'ring' tactic does nothing

Note: This linter can be disabled with `set_option linter.unusedTactic false`
warning: JanusFormal/Branches/FundamentalGeometryPVariationalPrinciple/Gates/P0EFTJanusProgramPD9PrimitiveSpinCMonopoleFiniteFrame4D.lean:827:14: this tactic is never executed

Note: This linter can be disabled with `set_option linter.unreachableTactic false`
ℹ [9277/9520] Replayed JanusFormal.Branches.FundamentalGeometryPVariationalPrinciple.Gates.P0EFTJanusProgramPD9PrimitiveSpinCSignedPolynomialTangentExhaustion4D
info: JanusFormal/Branches/FundamentalGeometryPVariationalPrinciple/Gates/P0EFTJanusProgramPD9PrimitiveSpinCSignedPolynomialTangentExhaustion4D.lean:335:4: Try this:
  [apply] ring_nf
  
  The `ring` tactic failed to close the goal. Use `ring_nf` to obtain a normal form.
    
  Note that `ring` works primarily in *commutative* rings. If you have a noncommutative ring, abelian group or module, consider using `noncomm_ring`, `abel` or `module` instead.
ℹ [9279/9520] Replayed JanusFormal.Branches.FundamentalGeometryPVariationalPrinciple.Gates.P0EFTJanusProgramPD9PrimitiveSpinCFourierMonopoleCoreCompleteness4D
info: JanusFormal/Branches/FundamentalGeometryPVariationalPrinciple/Gates/P0EFTJanusProgramPD9PrimitiveSpinCFourierMonopoleCoreCompleteness4D.lean:198:2: Try this:
  [apply] ring_nf
  
  The `ring` tactic failed to close the goal. Use `ring_nf` to obtain a normal form.
    
  Note that `ring` works primarily in *commutative* rings. If you have a noncommutative ring, abelian group or module, consider using `noncomm_ring`, `abel` or `module` instead.
⚠ [9280/9520] Replayed JanusFormal.Branches.FundamentalGeometryPVariationalPrinciple.Gates.P0EFTJanusProgramPD9PrimitiveSpinCGeometricSignedModeUnitary4D
warning: JanusFormal/Branches/FundamentalGeometryPVariationalPrinciple/Gates/P0EFTJanusProgramPD9PrimitiveSpinCGeometricSignedModeUnitary4D.lean:1124:6: try 'simp' instead of 'simpa'

Note: This linter can be disabled with `set_option linter.unnecessarySimpa false`
⚠ [9305/9520] Replayed JanusFormal.Branches.FundamentalGeometryPVariationalPrinciple.Gates.P0EFTJanusMappingTorusCanonicalPhysicalH1TraceCoareaClosure4D
warning: JanusFormal/Branches/FundamentalGeometryPVariationalPrinciple/Gates/P0EFTJanusMappingTorusCanonicalPhysicalH1TraceCoareaClosure4D.lean:47:5: Variable name `coarea` is not explicitly referenced.

The binding can be removed (if unused) or named `_` (if used implicitly).

Note: This linter can be disabled with `set_option linter.unusedVariables false`
⚠ [9308/9520] Replayed JanusFormal.Branches.FundamentalGeometryPVariationalPrinciple.Gates.P0EFTJanusMappingTorusCutBoundaryScalarCauchyTrace4D
warning: JanusFormal/Branches/FundamentalGeometryPVariationalPrinciple/Gates/P0EFTJanusMappingTorusCutBoundaryScalarCauchyTrace4D.lean:89:10: This simp argument is unused:
  canonicalLatitudeCutBoundaryFirstLift

Hint: Omit it from the simp argument list.
  simp ̵[̵c̵a̵n̵o̵n̵i̵c̵a̵l̵L̵a̵t̵i̵t̵u̵d̵e̵C̵u̵t̵B̵o̵u̵n̵d̵a̵r̵y̵F̵i̵r̵s̵t̵L̵i̵f̵t̵]̵

Note: This linter can be disabled with `set_option linter.unusedSimpArgs false`
⚠ [9309/9520] Replayed JanusFormal.Branches.FundamentalGeometryPVariationalPrinciple.Gates.P0EFTJanusMappingTorusCutBoundaryScalarCauchyL24D
warning: JanusFormal/Branches/FundamentalGeometryPVariationalPrinciple/Gates/P0EFTJanusMappingTorusCutBoundaryScalarCauchyL24D.lean:120:30: This simp argument is unused:
  RingHom.id_apply

Hint: Omit it from the simp argument list.
  simp only [Pi.smul_apply,̵ ̵R̵i̵n̵g̵H̵o̵m̵.̵i̵d̵_̵a̵p̵p̵l̵y̵] at hSmul

Note: This linter can be disabled with `set_option linter.unusedSimpArgs false`
warning: JanusFormal/Branches/FundamentalGeometryPVariationalPrinciple/Gates/P0EFTJanusMappingTorusCutBoundaryScalarCauchyL24D.lean:157:30: This simp argument is unused:
  RingHom.id_apply

Hint: Omit it from the simp argument list.
  simp only [Pi.smul_apply,̵ ̵R̵i̵n̵g̵H̵o̵m̵.̵i̵d̵_̵a̵p̵p̵l̵y̵] at hSmul

Note: This linter can be disabled with `set_option linter.unusedSimpArgs false`
⚠ [9315/9520] Replayed JanusFormal.Branches.FundamentalGeometryPVariationalPrinciple.Gates.P0EFTJanusMappingTorusScalarSeparatedBoundaryLagrangian4D
warning: JanusFormal/Branches/FundamentalGeometryPVariationalPrinciple/Gates/P0EFTJanusMappingTorusScalarSeparatedBoundaryLagrangian4D.lean:213:30: This simp argument is unused:
  Prod.fst_smul

Hint: Omit it from the simp argument list.
  simp only [Pi.smul_apply, P̵r̵o̵d̵.̵f̵s̵t̵_̵s̵m̵u̵l̵,̵ ̵Prod.snd_smul]

Note: This linter can be disabled with `set_option linter.unusedSimpArgs false`
warning: JanusFormal/Branches/FundamentalGeometryPVariationalPrinciple/Gates/P0EFTJanusMappingTorusScalarSeparatedBoundaryLagrangian4D.lean:213:45: This simp argument is unused:
  Prod.snd_smul

Hint: Omit it from the simp argument list.
  simp only [Pi.smul_apply, Prod.fst_smul,̵ ̵P̵r̵o̵d̵.̵s̵n̵d̵_̵s̵m̵u̵l̵]

Note: This linter can be disabled with `set_option linter.unusedSimpArgs false`
⚠ [9317/9520] Replayed JanusFormal.Branches.FundamentalGeometryPVariationalPrinciple.Gates.P0EFTJanusMappingTorusScalarHilbertBoundarySymplectic4D
warning: JanusFormal/Branches/FundamentalGeometryPVariationalPrinciple/Gates/P0EFTJanusMappingTorusScalarHilbertBoundarySymplectic4D.lean:222:18: Variable name `hNondegenerate` is not explicitly referenced.

The binding can be removed (if unused) or named `_` (if used implicitly).

Note: This linter can be disabled with `set_option linter.unusedVariables false`
⚠ [9318/9520] Replayed JanusFormal.Branches.FundamentalGeometryPVariationalPrinciple.Gates.P0EFTJanusMappingTorusCanonicalPhysicalScalarFirstSheetHilbertTrace4D
warning: JanusFormal/Branches/FundamentalGeometryPVariationalPrinciple/Gates/P0EFTJanusMappingTorusCanonicalPhysicalScalarFirstSheetHilbertTrace4D.lean:150:30: This simp argument is unused:
  RingHom.id_apply

Hint: Omit it from the simp argument list.
  simp only [Pi.smul_apply,̵ ̵R̵i̵n̵g̵H̵o̵m̵.̵i̵d̵_̵a̵p̵p̵l̵y̵] at hSmul

Note: This linter can be disabled with `set_option linter.unusedSimpArgs false`
warning: JanusFormal/Branches/FundamentalGeometryPVariationalPrinciple/Gates/P0EFTJanusMappingTorusCanonicalPhysicalScalarFirstSheetHilbertTrace4D.lean:195:30: This simp argument is unused:
  RingHom.id_apply

Hint: Omit it from the simp argument list.
  simp only [Pi.smul_apply,̵ ̵R̵i̵n̵g̵H̵o̵m̵.̵i̵d̵_̵a̵p̵p̵l̵y̵] at hSmul

Note: This linter can be disabled with `set_option linter.unusedSimpArgs false`
⚠ [9319/9520] Replayed JanusFormal.Branches.FundamentalGeometryPVariationalPrinciple.Gates.P0EFTJanusMappingTorusScalarOperatorGraphCompletion4D
warning: JanusFormal/Branches/FundamentalGeometryPVariationalPrinciple/Gates/P0EFTJanusMappingTorusScalarOperatorGraphCompletion4D.lean:63:8: automatically included section variable(s) unused in theorem `JanusFormal.P0EFTJanusMappingTorusScalarOperatorGraphCompletion4D.canonicalScalarOperatorGraphLinearMap_fst`:
  [CompleteSpace Ambient]
  [CompleteSpace Trace]
consider restructuring your `variable` declarations so that the variables are not in scope or explicitly omit them:
  omit [CompleteSpace Ambient] [CompleteSpace Trace] in theorem ...

Note: This linter can be disabled with `set_option linter.unusedSectionVars false`
warning: JanusFormal/Branches/FundamentalGeometryPVariationalPrinciple/Gates/P0EFTJanusMappingTorusScalarOperatorGraphCompletion4D.lean:71:8: automatically included section variable(s) unused in theorem `JanusFormal.P0EFTJanusMappingTorusScalarOperatorGraphCompletion4D.canonicalScalarOperatorGraphLinearMap_snd`:
  [CompleteSpace Ambient]
  [CompleteSpace Trace]
consider restructuring your `variable` declarations so that the variables are not in scope or explicitly omit them:
  omit [CompleteSpace Ambient] [CompleteSpace Trace] in theorem ...

Note: This linter can be disabled with `set_option linter.unusedSectionVars false`
warning: JanusFormal/Branches/FundamentalGeometryPVariationalPrinciple/Gates/P0EFTJanusMappingTorusScalarOperatorGraphCompletion4D.lean:110:0: automatically included section variable(s) unused in theorem `JanusFormal.P0EFTJanusMappingTorusScalarOperatorGraphCompletion4D.canonicalScalarSmoothToOperatorGraph_denseRange`:
  [CompleteSpace Ambient]
  [CompleteSpace Trace]
consider restructuring your `variable` declarations so that the variables are not in scope or explicitly omit them:
  omit [CompleteSpace Ambient] [CompleteSpace Trace] in theorem ...

Note: This linter can be disabled with `set_option linter.unusedSectionVars false`
warning: JanusFormal/Branches/FundamentalGeometryPVariationalPrinciple/Gates/P0EFTJanusMappingTorusScalarOperatorGraphCompletion4D.lean:160:8: automatically included section variable(s) unused in theorem `JanusFormal.P0EFTJanusMappingTorusScalarOperatorGraphCompletion4D.canonicalScalarOperatorGraphInclusion_smooth`:
  [CompleteSpace Ambient]
  [CompleteSpace Trace]
consider restructuring your `variable` declarations so that the variables are not in scope or explicitly omit them:
  omit [CompleteSpace Ambient] [CompleteSpace Trace] in theorem ...

Note: This linter can be disabled with `set_option linter.unusedSectionVars false`
warning: JanusFormal/Branches/FundamentalGeometryPVariationalPrinciple/Gates/P0EFTJanusMappingTorusScalarOperatorGraphCompletion4D.lean:169:8: automatically included section variable(s) unused in theorem `JanusFormal.P0EFTJanusMappingTorusScalarOperatorGraphCompletion4D.canonicalScalarOperatorGraphOperator_smooth`:
  [CompleteSpace Ambient]
  [CompleteSpace Trace]
consider restructuring your `variable` declarations so that the variables are not in scope or explicitly omit them:
  omit [CompleteSpace Ambient] [CompleteSpace Trace] in theorem ...

Note: This linter can be disabled with `set_option linter.unusedSectionVars false`
warning: JanusFormal/Branches/FundamentalGeometryPVariationalPrinciple/Gates/P0EFTJanusMappingTorusScalarOperatorGraphCompletion4D.lean:193:5: Variable name `traceBound` is not explicitly referenced.

The binding can be removed (if unused) or named `_` (if used implicitly).

Note: This linter can be disabled with `set_option linter.unusedVariables false`
⚠ [9320/9520] Replayed JanusFormal.Branches.FundamentalGeometryPVariationalPrinciple.Gates.P0EFTJanusMappingTorusScalarCompletedBoundaryDomains4D
warning: JanusFormal/Branches/FundamentalGeometryPVariationalPrinciple/Gates/P0EFTJanusMappingTorusScalarCompletedBoundaryDomains4D.lean:53:8: automatically included section variable(s) unused in theorem `JanusFormal.P0EFTJanusMappingTorusScalarCompletedBoundaryDomains4D.mem_canonicalScalarCompletedSeparatedDomainSubmodule`:
  [CompleteSpace Ambient]
consider restructuring your `variable` declarations so that the variables are not in scope or explicitly omit them:
  omit [CompleteSpace Ambient] in theorem ...

Note: This linter can be disabled with `set_option linter.unusedSectionVars false`
warning: JanusFormal/Branches/FundamentalGeometryPVariationalPrinciple/Gates/P0EFTJanusMappingTorusScalarCompletedBoundaryDomains4D.lean:65:0: automatically included section variable(s) unused in theorem `JanusFormal.P0EFTJanusMappingTorusScalarCompletedBoundaryDomains4D.canonicalScalarCompletedSeparatedDomainSubmodule_isClosed`:
  [CompleteSpace Ambient]
consider restructuring your `variable` declarations so that the variables are not in scope or explicitly omit them:
  omit [CompleteSpace Ambient] in theorem ...

Note: This linter can be disabled with `set_option linter.unusedSectionVars false`
warning: JanusFormal/Branches/FundamentalGeometryPVariationalPrinciple/Gates/P0EFTJanusMappingTorusScalarCompletedBoundaryDomains4D.lean:187:0: automatically included section variable(s) unused in theorem `JanusFormal.P0EFTJanusMappingTorusScalarCompletedBoundaryDomains4D.canonicalScalarCompletedBoundaryTrace_mem_separated`:
  [CompleteSpace Ambient]
consider restructuring your `variable` declarations so that the variables are not in scope or explicitly omit them:
  omit [CompleteSpace Ambient] in theorem ...

Note: This linter can be disabled with `set_option linter.unusedSectionVars false`
⚠ [9321/9520] Replayed JanusFormal.Branches.FundamentalGeometryPVariationalPrinciple.Gates.P0EFTJanusMappingTorusScalarClosedGraphRealization4D
warning: JanusFormal/Branches/FundamentalGeometryPVariationalPrinciple/Gates/P0EFTJanusMappingTorusScalarClosedGraphRealization4D.lean:49:8: automatically included section variable(s) unused in theorem `JanusFormal.P0EFTJanusMappingTorusScalarClosedGraphRealization4D.mem_canonicalScalarOperatorGraphVerticalSubmodule`:
  [CompleteSpace Ambient]
  [CompleteSpace Trace]
consider restructuring your `variable` declarations so that the variables are not in scope or explicitly omit them:
  omit [CompleteSpace Ambient] [CompleteSpace Trace] in theorem ...

Note: This linter can be disabled with `set_option linter.unusedSectionVars false`
warning: JanusFormal/Branches/FundamentalGeometryPVariationalPrinciple/Gates/P0EFTJanusMappingTorusScalarClosedGraphRealization4D.lean:65:0: automatically included section variable(s) unused in theorem `JanusFormal.P0EFTJanusMappingTorusScalarClosedGraphRealization4D.canonicalScalarOperatorGraphVerticalSubmodule_eq_bot`:
  [CompleteSpace Ambient]
  [CompleteSpace Trace]
consider restructuring your `variable` declarations so that the variables are not in scope or explicitly omit them:
  omit [CompleteSpace Ambient] [CompleteSpace Trace] in theorem ...

Note: This linter can be disabled with `set_option linter.unusedSectionVars false`
warning: JanusFormal/Branches/FundamentalGeometryPVariationalPrinciple/Gates/P0EFTJanusMappingTorusScalarClosedGraphRealization4D.lean:125:8: automatically included section variable(s) unused in theorem `JanusFormal.P0EFTJanusMappingTorusScalarClosedGraphRealization4D.canonicalScalarGraphToClosedDomainEquiv_coe`:
  [CompleteSpace Ambient]
  [CompleteSpace Trace]
consider restructuring your `variable` declarations so that the variables are not in scope or explicitly omit them:
  omit [CompleteSpace Ambient] [CompleteSpace Trace] in theorem ...

Note: This linter can be disabled with `set_option linter.unusedSectionVars false`
warning: JanusFormal/Branches/FundamentalGeometryPVariationalPrinciple/Gates/P0EFTJanusMappingTorusScalarClosedGraphRealization4D.lean:135:8: automatically included section variable(s) unused in theorem `JanusFormal.P0EFTJanusMappingTorusScalarClosedGraphRealization4D.canonicalScalarGraphInclusion_equiv_symm`:
  [CompleteSpace Ambient]
  [CompleteSpace Trace]
consider restructuring your `variable` declarations so that the variables are not in scope or explicitly omit them:
  omit [CompleteSpace Ambient] [CompleteSpace Trace] in theorem ...

Note: This linter can be disabled with `set_option linter.unusedSectionVars false`
warning: JanusFormal/Branches/FundamentalGeometryPVariationalPrinciple/Gates/P0EFTJanusMappingTorusScalarClosedGraphRealization4D.lean:147:8: automatically included section variable(s) unused in theorem `JanusFormal.P0EFTJanusMappingTorusScalarClosedGraphRealization4D.canonicalScalarClosedOperatorInclusion_equiv`:
  [CompleteSpace Ambient]
  [CompleteSpace Trace]
consider restructuring your `variable` declarations so that the variables are not in scope or explicitly omit them:
  omit [CompleteSpace Ambient] [CompleteSpace Trace] in theorem ...

Note: This linter can be disabled with `set_option linter.unusedSectionVars false`
warning: JanusFormal/Branches/FundamentalGeometryPVariationalPrinciple/Gates/P0EFTJanusMappingTorusScalarClosedGraphRealization4D.lean:157:8: automatically included section variable(s) unused in theorem `JanusFormal.P0EFTJanusMappingTorusScalarClosedGraphRealization4D.canonicalScalarClosedOperator_equiv`:
  [CompleteSpace Ambient]
  [CompleteSpace Trace]
consider restructuring your `variable` declarations so that the variables are not in scope or explicitly omit them:
  omit [CompleteSpace Ambient] [CompleteSpace Trace] in theorem ...

Note: This linter can be disabled with `set_option linter.unusedSectionVars false`
warning: JanusFormal/Branches/FundamentalGeometryPVariationalPrinciple/Gates/P0EFTJanusMappingTorusScalarClosedGraphRealization4D.lean:167:8: automatically included section variable(s) unused in theorem `JanusFormal.P0EFTJanusMappingTorusScalarClosedGraphRealization4D.canonicalScalarClosedBoundaryTrace_equiv`:
  [CompleteSpace Ambient]
consider restructuring your `variable` declarations so that the variables are not in scope or explicitly omit them:
  omit [CompleteSpace Ambient] in theorem ...

Note: This linter can be disabled with `set_option linter.unusedSectionVars false`
⚠ [9322/9520] Replayed JanusFormal.Branches.FundamentalGeometryPVariationalPrinciple.Gates.P0EFTJanusMappingTorusScalarClosedSeparatedRealization4D
warning: JanusFormal/Branches/FundamentalGeometryPVariationalPrinciple/Gates/P0EFTJanusMappingTorusScalarClosedSeparatedRealization4D.lean:55:8: automatically included section variable(s) unused in theorem `JanusFormal.P0EFTJanusMappingTorusScalarClosedSeparatedRealization4D.mem_canonicalScalarClosedSeparatedDomainSubmodule`:
  [CompleteSpace Ambient]
consider restructuring your `variable` declarations so that the variables are not in scope or explicitly omit them:
  omit [CompleteSpace Ambient] in theorem ...

Note: This linter can be disabled with `set_option linter.unusedSectionVars false`
warning: JanusFormal/Branches/FundamentalGeometryPVariationalPrinciple/Gates/P0EFTJanusMappingTorusScalarClosedSeparatedRealization4D.lean:194:0: automatically included section variable(s) unused in theorem `JanusFormal.P0EFTJanusMappingTorusScalarClosedSeparatedRealization4D.canonicalScalarClosedBoundaryTrace_mem_separated`:
  [CompleteSpace Ambient]
consider restructuring your `variable` declarations so that the variables are not in scope or explicitly omit them:
  omit [CompleteSpace Ambient] in theorem ...

Note: This linter can be disabled with `set_option linter.unusedSectionVars false`
⚠ [9323/9520] Replayed JanusFormal.Branches.FundamentalGeometryPVariationalPrinciple.Gates.P0EFTJanusMappingTorusScalarClosedResolvent4D
warning: JanusFormal/Branches/FundamentalGeometryPVariationalPrinciple/Gates/P0EFTJanusMappingTorusScalarClosedResolvent4D.lean:52:8: automatically included section variable(s) unused in theorem `JanusFormal.P0EFTJanusMappingTorusScalarClosedResolvent4D.canonicalScalarClosedSeparatedShiftedOperator_apply`:
  [CompleteSpace Ambient]
consider restructuring your `variable` declarations so that the variables are not in scope or explicitly omit them:
  omit [CompleteSpace Ambient] in theorem ...

Note: This linter can be disabled with `set_option linter.unusedSectionVars false`
warning: JanusFormal/Branches/FundamentalGeometryPVariationalPrinciple/Gates/P0EFTJanusMappingTorusScalarClosedResolvent4D.lean:102:8: automatically included section variable(s) unused in theorem `JanusFormal.P0EFTJanusMappingTorusScalarClosedResolvent4D.mem_canonicalScalarClosedResolventSet`:
  [CompleteSpace Ambient]
consider restructuring your `variable` declarations so that the variables are not in scope or explicitly omit them:
  omit [CompleteSpace Ambient] in theorem ...

Note: This linter can be disabled with `set_option linter.unusedSectionVars false`
warning: JanusFormal/Branches/FundamentalGeometryPVariationalPrinciple/Gates/P0EFTJanusMappingTorusScalarClosedResolvent4D.lean:114:8: automatically included section variable(s) unused in theorem `JanusFormal.P0EFTJanusMappingTorusScalarClosedResolvent4D.mem_canonicalScalarClosedSpectrum`:
  [CompleteSpace Ambient]
consider restructuring your `variable` declarations so that the variables are not in scope or explicitly omit them:
  omit [CompleteSpace Ambient] in theorem ...

Note: This linter can be disabled with `set_option linter.unusedSectionVars false`
warning: JanusFormal/Branches/FundamentalGeometryPVariationalPrinciple/Gates/P0EFTJanusMappingTorusScalarClosedResolvent4D.lean:172:8: automatically included section variable(s) unused in theorem `JanusFormal.P0EFTJanusMappingTorusScalarClosedResolvent4D.canonicalScalarClosedShiftedOperator_resolvent`:
  [CompleteSpace Ambient]
consider restructuring your `variable` declarations so that the variables are not in scope or explicitly omit them:
  omit [CompleteSpace Ambient] in theorem ...

Note: This linter can be disabled with `set_option linter.unusedSectionVars false`
warning: JanusFormal/Branches/FundamentalGeometryPVariationalPrinciple/Gates/P0EFTJanusMappingTorusScalarClosedResolvent4D.lean:192:8: automatically included section variable(s) unused in theorem `JanusFormal.P0EFTJanusMappingTorusScalarClosedResolvent4D.canonicalScalarClosedResolvent_shiftedOperator`:
  [CompleteSpace Ambient]
consider restructuring your `variable` declarations so that the variables are not in scope or explicitly omit them:
  omit [CompleteSpace Ambient] in theorem ...

Note: This linter can be disabled with `set_option linter.unusedSectionVars false`
warning: JanusFormal/Branches/FundamentalGeometryPVariationalPrinciple/Gates/P0EFTJanusMappingTorusScalarClosedResolvent4D.lean:214:0: automatically included section variable(s) unused in theorem `JanusFormal.P0EFTJanusMappingTorusScalarClosedResolvent4D.canonicalScalarClosedAlgebraicResolvent_injective`:
  [CompleteSpace Ambient]
consider restructuring your `variable` declarations so that the variables are not in scope or explicitly omit them:
  omit [CompleteSpace Ambient] in theorem ...

Note: This linter can be disabled with `set_option linter.unusedSectionVars false`
warning: JanusFormal/Branches/FundamentalGeometryPVariationalPrinciple/Gates/P0EFTJanusMappingTorusScalarClosedResolvent4D.lean:229:0: automatically included section variable(s) unused in theorem `JanusFormal.P0EFTJanusMappingTorusScalarClosedResolvent4D.canonicalScalarClosedAlgebraicResolvent_surjective`:
  [CompleteSpace Ambient]
consider restructuring your `variable` declarations so that the variables are not in scope or explicitly omit them:
  omit [CompleteSpace Ambient] in theorem ...

Note: This linter can be disabled with `set_option linter.unusedSectionVars false`
warning: JanusFormal/Branches/FundamentalGeometryPVariationalPrinciple/Gates/P0EFTJanusMappingTorusScalarClosedResolvent4D.lean:244:0: automatically included section variable(s) unused in theorem `JanusFormal.P0EFTJanusMappingTorusScalarClosedResolvent4D.canonicalScalarClosedSeparatedDomainInclusion_injective`:
  [CompleteSpace Ambient]
consider restructuring your `variable` declarations so that the variables are not in scope or explicitly omit them:
  omit [CompleteSpace Ambient] in theorem ...

Note: This linter can be disabled with `set_option linter.unusedSectionVars false`
warning: JanusFormal/Branches/FundamentalGeometryPVariationalPrinciple/Gates/P0EFTJanusMappingTorusScalarClosedResolvent4D.lean:277:0: automatically included section variable(s) unused in theorem `JanusFormal.P0EFTJanusMappingTorusScalarClosedResolvent4D.canonicalScalarClosedShiftedOperator_ker_eq_bot`:
  [CompleteSpace Ambient]
consider restructuring your `variable` declarations so that the variables are not in scope or explicitly omit them:
  omit [CompleteSpace Ambient] in theorem ...

Note: This linter can be disabled with `set_option linter.unusedSectionVars false`
warning: JanusFormal/Branches/FundamentalGeometryPVariationalPrinciple/Gates/P0EFTJanusMappingTorusScalarClosedResolvent4D.lean:291:0: automatically included section variable(s) unused in theorem `JanusFormal.P0EFTJanusMappingTorusScalarClosedResolvent4D.canonicalScalarClosedShiftedOperator_range_eq_top`:
  [CompleteSpace Ambient]
consider restructuring your `variable` declarations so that the variables are not in scope or explicitly omit them:
  omit [CompleteSpace Ambient] in theorem ...

Note: This linter can be disabled with `set_option linter.unusedSectionVars false`
warning: JanusFormal/Branches/FundamentalGeometryPVariationalPrinciple/Gates/P0EFTJanusMappingTorusScalarClosedResolvent4D.lean:316:0: automatically included section variable(s) unused in theorem `JanusFormal.P0EFTJanusMappingTorusScalarClosedResolvent4D.CanonicalScalarClosedZeroResolventData.zero_mem_resolventSet`:
  [CompleteSpace Ambient]
consider restructuring your `variable` declarations so that the variables are not in scope or explicitly omit them:
  omit [CompleteSpace Ambient] in theorem ...

Note: This linter can be disabled with `set_option linter.unusedSectionVars false`
warning: JanusFormal/Branches/FundamentalGeometryPVariationalPrinciple/Gates/P0EFTJanusMappingTorusScalarClosedResolvent4D.lean:361:0: automatically included section variable(s) unused in theorem `JanusFormal.P0EFTJanusMappingTorusScalarClosedResolvent4D.CanonicalScalarClosedBoundedResolventAt.resolventPoint`:
  [CompleteSpace Ambient]
consider restructuring your `variable` declarations so that the variables are not in scope or explicitly omit them:
  omit [CompleteSpace Ambient] in theorem ...

Note: This linter can be disabled with `set_option linter.unusedSectionVars false`
⚠ [9325/9520] Replayed JanusFormal.Branches.FundamentalGeometryPVariationalPrinciple.Gates.P0EFTJanusMappingTorusScalarCoerciveCompactResolvent4D
warning: JanusFormal/Branches/FundamentalGeometryPVariationalPrinciple/Gates/P0EFTJanusMappingTorusScalarCoerciveCompactResolvent4D.lean:63:0: automatically included section variable(s) unused in theorem `JanusFormal.P0EFTJanusMappingTorusScalarCoerciveCompactResolvent4D.CanonicalScalarClosedCoerciveSurjectiveAt.injective`:
  [CompleteSpace Ambient]
consider restructuring your `variable` declarations so that the variables are not in scope or explicitly omit them:
  omit [CompleteSpace Ambient] in theorem ...

Note: This linter can be disabled with `set_option linter.unusedSectionVars false`
⚠ [9326/9520] Replayed JanusFormal.Branches.FundamentalGeometryPVariationalPrinciple.Gates.P0EFTJanusMappingTorusScalarResolventEigenvalueCorrespondence4D
warning: JanusFormal/Branches/FundamentalGeometryPVariationalPrinciple/Gates/P0EFTJanusMappingTorusScalarResolventEigenvalueCorrespondence4D.lean:58:8: automatically included section variable(s) unused in theorem `JanusFormal.P0EFTJanusMappingTorusScalarResolventEigenvalueCorrespondence4D.mem_canonicalScalarClosedOperatorEigenspace`:
  [CompleteSpace Ambient]
consider restructuring your `variable` declarations so that the variables are not in scope or explicitly omit them:
  omit [CompleteSpace Ambient] in theorem ...

Note: This linter can be disabled with `set_option linter.unusedSectionVars false`
⚠ [9328/9520] Replayed JanusFormal.Branches.FundamentalGeometryPVariationalPrinciple.Gates.P0EFTJanusMappingTorusScalarClosedRobinGraphRealization4D
warning: JanusFormal/Branches/FundamentalGeometryPVariationalPrinciple/Gates/P0EFTJanusMappingTorusScalarClosedRobinGraphRealization4D.lean:49:8: automatically included section variable(s) unused in theorem `JanusFormal.P0EFTJanusMappingTorusScalarClosedRobinGraphRealization4D.mem_canonicalScalarClosedRobinGraphDomainSubmodule`:
  [CompleteSpace Ambient]
consider restructuring your `variable` declarations so that the variables are not in scope or explicitly omit them:
  omit [CompleteSpace Ambient] in theorem ...

Note: This linter can be disabled with `set_option linter.unusedSectionVars false`
warning: JanusFormal/Branches/FundamentalGeometryPVariationalPrinciple/Gates/P0EFTJanusMappingTorusScalarClosedRobinGraphRealization4D.lean:93:0: automatically included section variable(s) unused in theorem `JanusFormal.P0EFTJanusMappingTorusScalarClosedRobinGraphRealization4D.canonicalScalarClosedBoundaryTrace_mem_robinGraph`:
  [CompleteSpace Ambient]
consider restructuring your `variable` declarations so that the variables are not in scope or explicitly omit them:
  omit [CompleteSpace Ambient] in theorem ...

Note: This linter can be disabled with `set_option linter.unusedSectionVars false`
⚠ [9329/9520] Replayed JanusFormal.Branches.FundamentalGeometryPVariationalPrinciple.Gates.P0EFTJanusMappingTorusScalarAbstractLagrangianBoundary4D
warning: JanusFormal/Branches/FundamentalGeometryPVariationalPrinciple/Gates/P0EFTJanusMappingTorusScalarAbstractLagrangianBoundary4D.lean:111:8: automatically included section variable(s) unused in theorem `JanusFormal.P0EFTJanusMappingTorusScalarAbstractLagrangianBoundary4D.mem_canonicalScalarCompletedLagrangianDomainSubmodule`:
  [CompleteSpace Ambient]
consider restructuring your `variable` declarations so that the variables are not in scope or explicitly omit them:
  omit [CompleteSpace Ambient] in theorem ...

Note: This linter can be disabled with `set_option linter.unusedSectionVars false`
warning: JanusFormal/Branches/FundamentalGeometryPVariationalPrinciple/Gates/P0EFTJanusMappingTorusScalarAbstractLagrangianBoundary4D.lean:124:0: automatically included section variable(s) unused in theorem `JanusFormal.P0EFTJanusMappingTorusScalarAbstractLagrangianBoundary4D.canonicalScalarCompletedLagrangianDomainSubmodule_isClosed`:
  [CompleteSpace Ambient]
consider restructuring your `variable` declarations so that the variables are not in scope or explicitly omit them:
  omit [CompleteSpace Ambient] in theorem ...

Note: This linter can be disabled with `set_option linter.unusedSectionVars false`
warning: JanusFormal/Branches/FundamentalGeometryPVariationalPrinciple/Gates/P0EFTJanusMappingTorusScalarAbstractLagrangianBoundary4D.lean:164:0: automatically included section variable(s) unused in theorem `JanusFormal.P0EFTJanusMappingTorusScalarAbstractLagrangianBoundary4D.CanonicalScalarHilbertLagrangianBoundaryCondition.pairing_eq_zero`:
  [CompleteSpace Trace]
consider restructuring your `variable` declarations so that the variables are not in scope or explicitly omit them:
  omit [CompleteSpace Trace] in theorem ...

Note: This linter can be disabled with `set_option linter.unusedSectionVars false`
warning: JanusFormal/Branches/FundamentalGeometryPVariationalPrinciple/Gates/P0EFTJanusMappingTorusScalarAbstractLagrangianBoundary4D.lean:306:8: automatically included section variable(s) unused in theorem `JanusFormal.P0EFTJanusMappingTorusScalarAbstractLagrangianBoundary4D.mem_canonicalScalarClosedLagrangianDomainSubmodule`:
  [CompleteSpace Ambient]
consider restructuring your `variable` declarations so that the variables are not in scope or explicitly omit them:
  omit [CompleteSpace Ambient] in theorem ...

Note: This linter can be disabled with `set_option linter.unusedSectionVars false`
warning: JanusFormal/Branches/FundamentalGeometryPVariationalPrinciple/Gates/P0EFTJanusMappingTorusScalarAbstractLagrangianBoundary4D.lean:469:0: automatically included section variable(s) unused in theorem `JanusFormal.P0EFTJanusMappingTorusScalarAbstractLagrangianBoundary4D.canonicalScalarCompletedLagrangianDomainSubmodule_separated_eq`:
  [CompleteSpace Ambient]
consider restructuring your `variable` declarations so that the variables are not in scope or explicitly omit them:
  omit [CompleteSpace Ambient] in theorem ...

Note: This linter can be disabled with `set_option linter.unusedSectionVars false`
warning: JanusFormal/Branches/FundamentalGeometryPVariationalPrinciple/Gates/P0EFTJanusMappingTorusScalarAbstractLagrangianBoundary4D.lean:483:0: automatically included section variable(s) unused in theorem `JanusFormal.P0EFTJanusMappingTorusScalarAbstractLagrangianBoundary4D.canonicalScalarClosedLagrangianDomainSubmodule_separated_eq`:
  [CompleteSpace Ambient]
consider restructuring your `variable` declarations so that the variables are not in scope or explicitly omit them:
  omit [CompleteSpace Ambient] in theorem ...

Note: This linter can be disabled with `set_option linter.unusedSectionVars false`
warning: JanusFormal/Branches/FundamentalGeometryPVariationalPrinciple/Gates/P0EFTJanusMappingTorusScalarAbstractLagrangianBoundary4D.lean:498:0: automatically included section variable(s) unused in theorem `JanusFormal.P0EFTJanusMappingTorusScalarAbstractLagrangianBoundary4D.canonicalScalarClosedLagrangianDomainSubmodule_robinGraph_eq`:
  [CompleteSpace Ambient]
consider restructuring your `variable` declarations so that the variables are not in scope or explicitly omit them:
  omit [CompleteSpace Ambient] in theorem ...

Note: This linter can be disabled with `set_option linter.unusedSectionVars false`
⚠ [9331/9520] Replayed JanusFormal.Branches.FundamentalGeometryPVariationalPrinciple.Gates.P0EFTJanusMappingTorusCanonicalPhysicalScalarFirstSheetGreenSystem4D
warning: JanusFormal/Branches/FundamentalGeometryPVariationalPrinciple/Gates/P0EFTJanusMappingTorusCanonicalPhysicalScalarFirstSheetGreenSystem4D.lean:73:5: Variable name `green` is not explicitly referenced.

The binding can be removed (if unused) or named `_` (if used implicitly).

Note: This linter can be disabled with `set_option linter.unusedVariables false`
⚠ [9333/9520] Replayed JanusFormal.Branches.FundamentalGeometryPVariationalPrinciple.Gates.P0EFTJanusMappingTorusScalarHilbertGreenCoreCompletion4D
warning: JanusFormal/Branches/FundamentalGeometryPVariationalPrinciple/Gates/P0EFTJanusMappingTorusScalarHilbertGreenCoreCompletion4D.lean:103:11: Variable name `first` is not explicitly referenced.

The binding can be removed (if unused) or named `_` (if used implicitly).

Note: This linter can be disabled with `set_option linter.unusedVariables false`
warning: JanusFormal/Branches/FundamentalGeometryPVariationalPrinciple/Gates/P0EFTJanusMappingTorusScalarHilbertGreenCoreCompletion4D.lean:103:17: Variable name `second` is not explicitly referenced.

The binding can be removed (if unused) or named `_` (if used implicitly).

Note: This linter can be disabled with `set_option linter.unusedVariables false`
warning: JanusFormal/Branches/FundamentalGeometryPVariationalPrinciple/Gates/P0EFTJanusMappingTorusScalarHilbertGreenCoreCompletion4D.lean:104:12: Variable name `scalar` is not explicitly referenced.

The binding can be removed (if unused) or named `_` (if used implicitly).

Note: This linter can be disabled with `set_option linter.unusedVariables false`
warning: JanusFormal/Branches/FundamentalGeometryPVariationalPrinciple/Gates/P0EFTJanusMappingTorusScalarHilbertGreenCoreCompletion4D.lean:104:19: Variable name `field` is not explicitly referenced.

The binding can be removed (if unused) or named `_` (if used implicitly).

Note: This linter can be disabled with `set_option linter.unusedVariables false`
warning: JanusFormal/Branches/FundamentalGeometryPVariationalPrinciple/Gates/P0EFTJanusMappingTorusScalarHilbertGreenCoreCompletion4D.lean:107:0: automatically included section variable(s) unused in theorem `JanusFormal.P0EFTJanusMappingTorusScalarHilbertGreenCoreCompletion4D.canonicalScalarGreenCoreToGraph_denseRange`:
  [CompleteSpace Ambient]
  [CompleteSpace Trace]
consider restructuring your `variable` declarations so that the variables are not in scope or explicitly omit them:
  omit [CompleteSpace Ambient] [CompleteSpace Trace] in theorem ...

Note: This linter can be disabled with `set_option linter.unusedSectionVars false`
warning: JanusFormal/Branches/FundamentalGeometryPVariationalPrinciple/Gates/P0EFTJanusMappingTorusScalarHilbertGreenCoreCompletion4D.lean:155:8: automatically included section variable(s) unused in theorem `JanusFormal.P0EFTJanusMappingTorusScalarHilbertGreenCoreCompletion4D.canonicalScalarGreenCoreGraphInclusion_smooth`:
  [CompleteSpace Ambient]
  [CompleteSpace Trace]
consider restructuring your `variable` declarations so that the variables are not in scope or explicitly omit them:
  omit [CompleteSpace Ambient] [CompleteSpace Trace] in theorem ...

Note: This linter can be disabled with `set_option linter.unusedSectionVars false`
warning: JanusFormal/Branches/FundamentalGeometryPVariationalPrinciple/Gates/P0EFTJanusMappingTorusScalarHilbertGreenCoreCompletion4D.lean:164:8: automatically included section variable(s) unused in theorem `JanusFormal.P0EFTJanusMappingTorusScalarHilbertGreenCoreCompletion4D.canonicalScalarGreenCoreGraphOperator_smooth`:
  [CompleteSpace Ambient]
  [CompleteSpace Trace]
consider restructuring your `variable` declarations so that the variables are not in scope or explicitly omit them:
  omit [CompleteSpace Ambient] [CompleteSpace Trace] in theorem ...

Note: This linter can be disabled with `set_option linter.unusedSectionVars false`
warning: JanusFormal/Branches/FundamentalGeometryPVariationalPrinciple/Gates/P0EFTJanusMappingTorusScalarHilbertGreenCoreCompletion4D.lean:187:5: Variable name `traceBound` is not explicitly referenced.

The binding can be removed (if unused) or named `_` (if used implicitly).

Note: This linter can be disabled with `set_option linter.unusedVariables false`
warning: JanusFormal/Branches/FundamentalGeometryPVariationalPrinciple/Gates/P0EFTJanusMappingTorusScalarHilbertGreenCoreCompletion4D.lean:334:5: Variable name `triple` is not explicitly referenced.

The binding can be removed (if unused) or named `_` (if used implicitly).

Note: This linter can be disabled with `set_option linter.unusedVariables false`
warning: JanusFormal/Branches/FundamentalGeometryPVariationalPrinciple/Gates/P0EFTJanusMappingTorusScalarHilbertGreenCoreCompletion4D.lean:354:0: automatically included section variable(s) unused in theorem `JanusFormal.P0EFTJanusMappingTorusScalarHilbertGreenCoreCompletion4D.CanonicalScalarCompletedBoundaryTripleData.lagrangianDomain_isClosed`:
  [CompleteSpace Ambient]
consider restructuring your `variable` declarations so that the variables are not in scope or explicitly omit them:
  omit [CompleteSpace Ambient] in theorem ...

Note: This linter can be disabled with `set_option linter.unusedSectionVars false`
warning: JanusFormal/Branches/FundamentalGeometryPVariationalPrinciple/Gates/P0EFTJanusMappingTorusScalarHilbertGreenCoreCompletion4D.lean:383:0: automatically included section variable(s) unused in theorem `JanusFormal.P0EFTJanusMappingTorusScalarHilbertGreenCoreCompletion4D.CanonicalScalarCompletedBoundaryTripleData.lagrangianInclusion_injective`:
  [CompleteSpace Ambient]
consider restructuring your `variable` declarations so that the variables are not in scope or explicitly omit them:
  omit [CompleteSpace Ambient] in theorem ...

Note: This linter can be disabled with `set_option linter.unusedSectionVars false`
warning: JanusFormal/Branches/FundamentalGeometryPVariationalPrinciple/Gates/P0EFTJanusMappingTorusScalarHilbertGreenCoreCompletion4D.lean:425:0: automatically included section variable(s) unused in theorem `JanusFormal.P0EFTJanusMappingTorusScalarHilbertGreenCoreCompletion4D.CanonicalScalarCompletedBoundaryTripleData.lagrangianAdjointAdmissible_iff_mem`:
  [CompleteSpace Ambient]
consider restructuring your `variable` declarations so that the variables are not in scope or explicitly omit them:
  omit [CompleteSpace Ambient] in theorem ...

Note: This linter can be disabled with `set_option linter.unusedSectionVars false`
⚠ [9334/9520] Replayed JanusFormal.Branches.FundamentalGeometryPVariationalPrinciple.Gates.P0EFTJanusMappingTorusScalarHilbertGreenCoreMinimalClosable4D
warning: JanusFormal/Branches/FundamentalGeometryPVariationalPrinciple/Gates/P0EFTJanusMappingTorusScalarHilbertGreenCoreMinimalClosable4D.lean:58:0: automatically included section variable(s) unused in theorem `JanusFormal.P0EFTJanusMappingTorusScalarHilbertGreenCoreMinimalClosable4D.CanonicalScalarHilbertGreenCore.maximal_minimal_pairing`:
  [CompleteSpace Ambient]
  [CompleteSpace Trace]
consider restructuring your `variable` declarations so that the variables are not in scope or explicitly omit them:
  omit [CompleteSpace Ambient] [CompleteSpace Trace] in theorem ...

Note: This linter can be disabled with `set_option linter.unusedSectionVars false`
⚠ [9335/9520] Replayed JanusFormal.Branches.FundamentalGeometryPVariationalPrinciple.Gates.P0EFTJanusMappingTorusCanonicalPhysicalScalarFirstSheetGreenCore4D
warning: JanusFormal/Branches/FundamentalGeometryPVariationalPrinciple/Gates/P0EFTJanusMappingTorusCanonicalPhysicalScalarFirstSheetGreenCore4D.lean:247:5: Variable name `inputs` is not explicitly referenced.

The binding can be removed (if unused) or named `_` (if used implicitly).

Note: This linter can be disabled with `set_option linter.unusedVariables false`
⚠ [9338/9520] Replayed JanusFormal.Branches.FundamentalGeometryPVariationalPrinciple.Gates.P0EFTJanusMappingTorusScalarCompletedBoundaryTripleResolvent4D
warning: JanusFormal/Branches/FundamentalGeometryPVariationalPrinciple/Gates/P0EFTJanusMappingTorusScalarCompletedBoundaryTripleResolvent4D.lean:59:8: automatically included section variable(s) unused in theorem `JanusFormal.P0EFTJanusMappingTorusScalarHilbertGreenCoreCompletion4D.CanonicalScalarCompletedBoundaryTripleData.lagrangianShiftedOperator_apply`:
  [CompleteSpace Ambient]
consider restructuring your `variable` declarations so that the variables are not in scope or explicitly omit them:
  omit [CompleteSpace Ambient] in theorem ...

Note: This linter can be disabled with `set_option linter.unusedSectionVars false`
warning: JanusFormal/Branches/FundamentalGeometryPVariationalPrinciple/Gates/P0EFTJanusMappingTorusScalarCompletedBoundaryTripleResolvent4D.lean:116:8: automatically included section variable(s) unused in theorem `JanusFormal.P0EFTJanusMappingTorusScalarHilbertGreenCoreCompletion4D.CanonicalScalarCompletedBoundaryTripleData.shifted_algebraicResolvent`:
  [CompleteSpace Ambient]
consider restructuring your `variable` declarations so that the variables are not in scope or explicitly omit them:
  omit [CompleteSpace Ambient] in theorem ...

Note: This linter can be disabled with `set_option linter.unusedSectionVars false`
warning: JanusFormal/Branches/FundamentalGeometryPVariationalPrinciple/Gates/P0EFTJanusMappingTorusScalarCompletedBoundaryTripleResolvent4D.lean:130:8: automatically included section variable(s) unused in theorem `JanusFormal.P0EFTJanusMappingTorusScalarHilbertGreenCoreCompletion4D.CanonicalScalarCompletedBoundaryTripleData.algebraicResolvent_shifted`:
  [CompleteSpace Ambient]
consider restructuring your `variable` declarations so that the variables are not in scope or explicitly omit them:
  omit [CompleteSpace Ambient] in theorem ...

Note: This linter can be disabled with `set_option linter.unusedSectionVars false`
warning: JanusFormal/Branches/FundamentalGeometryPVariationalPrinciple/Gates/P0EFTJanusMappingTorusScalarCompletedBoundaryTripleResolvent4D.lean:160:0: automatically included section variable(s) unused in theorem `JanusFormal.P0EFTJanusMappingTorusScalarHilbertGreenCoreCompletion4D.CanonicalScalarCompletedBoundaryTripleData.LagrangianBoundedResolventAt.resolventPoint`:
  [CompleteSpace Ambient]
consider restructuring your `variable` declarations so that the variables are not in scope or explicitly omit them:
  omit [CompleteSpace Ambient] in theorem ...

Note: This linter can be disabled with `set_option linter.unusedSectionVars false`
warning: JanusFormal/Branches/FundamentalGeometryPVariationalPrinciple/Gates/P0EFTJanusMappingTorusScalarCompletedBoundaryTripleResolvent4D.lean:236:0: automatically included section variable(s) unused in theorem `JanusFormal.P0EFTJanusMappingTorusScalarHilbertGreenCoreCompletion4D.CanonicalScalarCompletedBoundaryTripleData.LagrangianCoerciveSurjectiveAt.injective`:
  [CompleteSpace Ambient]
consider restructuring your `variable` declarations so that the variables are not in scope or explicitly omit them:
  omit [CompleteSpace Ambient] in theorem ...

Note: This linter can be disabled with `set_option linter.unusedSectionVars false`
⚠ [9345/9520] Replayed RellichKondrachov.Analysis.FunctionalSpaces.Sobolev.Euclidean.TranslationEstimate
warning: RellichKondrachov/Analysis/FunctionalSpaces/Sobolev/Euclidean/TranslationEstimate.lean:91:4: try 'simp' instead of 'simpa'

Note: This linter can be disabled with `set_option linter.unnecessarySimpa false`
⚠ [9363/9520] Replayed JanusFormal.Branches.FundamentalGeometryPVariationalPrinciple.Gates.P0EFTJanusMappingTorusCanonicalPhysicalScalarEuclideanRellichCore4D
warning: JanusFormal/Branches/FundamentalGeometryPVariationalPrinciple/Gates/P0EFTJanusMappingTorusCanonicalPhysicalScalarEuclideanRellichCore4D.lean:661:10: `mul_le_mul_left'` has been deprecated: Use `mul_le_mul_right` instead
⚠ [9365/9520] Replayed JanusFormal.Branches.FundamentalGeometryPVariationalPrinciple.Gates.P0EFTJanusMeasureToSphereEquatorialCoarea4D
warning: JanusFormal/Branches/FundamentalGeometryPVariationalPrinciple/Gates/P0EFTJanusMeasureToSphereEquatorialCoarea4D.lean:107:49: This simp argument is unused:
  WithLp.ofLp_toLp

Hint: Omit it from the simp argument list.
  simp only [WithLp.toLp_fst, WithLp.toLp_snd,̵ ̵W̵i̵t̵h̵L̵p̵.̵o̵f̵L̵p̵_̵t̵o̵L̵p̵]

Note: This linter can be disabled with `set_option linter.unusedSimpArgs false`
warning: JanusFormal/Branches/FundamentalGeometryPVariationalPrinciple/Gates/P0EFTJanusMeasureToSphereEquatorialCoarea4D.lean:122:6: try 'simp' instead of 'simpa'

Note: This linter can be disabled with `set_option linter.unnecessarySimpa false`
warning: JanusFormal/Branches/FundamentalGeometryPVariationalPrinciple/Gates/P0EFTJanusMeasureToSphereEquatorialCoarea4D.lean:125:6: try 'simp' instead of 'simpa'

Note: This linter can be disabled with `set_option linter.unnecessarySimpa false`
warning: JanusFormal/Branches/FundamentalGeometryPVariationalPrinciple/Gates/P0EFTJanusMeasureToSphereEquatorialCoarea4D.lean:150:6: try 'simp' instead of 'simpa'

Note: This linter can be disabled with `set_option linter.unnecessarySimpa false`
warning: JanusFormal/Branches/FundamentalGeometryPVariationalPrinciple/Gates/P0EFTJanusMeasureToSphereEquatorialCoarea4D.lean:152:6: This simp argument is unused:
  Real.sin_sq_add_cos_sq

Hint: Omit it from the simp argument list.
  simp [norm_smul, hSphere, Real.norm_eq_abs,̵
  ̵ ̵ ̵ ̵ ̵ ̵ ̵R̵e̵a̵l̵.̵s̵i̵n̵_̵s̵q̵_̵a̵d̵d̵_̵c̵o̵s̵_̵s̵q̵]

Note: This linter can be disabled with `set_option linter.unusedSimpArgs false`
warning: JanusFormal/Branches/FundamentalGeometryPVariationalPrinciple/Gates/P0EFTJanusMeasureToSphereEquatorialCoarea4D.lean:240:5: Variable name `hLatitude` is not explicitly referenced.

The binding can be removed (if unused) or named `_` (if used implicitly).

Note: This linter can be disabled with `set_option linter.unusedVariables false`
warning: JanusFormal/Branches/FundamentalGeometryPVariationalPrinciple/Gates/P0EFTJanusMeasureToSphereEquatorialCoarea4D.lean:247:13: This simp argument is unused:
  Prod.fst_mul

Hint: Omit it from the simp argument list.
  simp only [P̵r̵o̵d̵.̵f̵s̵t̵_̵m̵u̵l̵,̵ ̵Complex.ofReal_mul, Complex.ofReal_re,
  ̵  ̵ ̵ ̵Complex.add_re, Complex.mul_re, Complex.I_re,
  ̲  ̲ ̲ ̲Complex.I_im,
  ̵  ̵ ̵ ̵zero_mul, sub_zero]

Note: This linter can be disabled with `set_option linter.unusedSimpArgs false`
warning: JanusFormal/Branches/FundamentalGeometryPVariationalPrinciple/Gates/P0EFTJanusMeasureToSphereEquatorialCoarea4D.lean:247:27: This simp argument is unused:
  Complex.ofReal_mul

Hint: Omit it from the simp argument list.
  simp only [Prod.fst_mul, C̵o̵m̵p̵l̵e̵x̵.̵o̵f̵R̵e̵a̵l̵_̵m̵u̵l̵,̵ ̵Complex.ofReal_re, Complex.add_re, Complex.mul_re, Complex.I_re,
  ̲  ̲ ̲ ̲Complex.I_im, zero_mul, sub_zero]

Note: This linter can be disabled with `set_option linter.unusedSimpArgs false`
warning: JanusFormal/Branches/FundamentalGeometryPVariationalPrinciple/Gates/P0EFTJanusMeasureToSphereEquatorialCoarea4D.lean:247:47: This simp argument is unused:
  Complex.ofReal_re

Hint: Omit it from the simp argument list.
  simp only [Prod.fst_mul, Complex.ofReal_mul, C̵o̵m̵p̵l̵e̵x̵.̵o̵f̵R̵e̵a̵l̵_̵r̵e̵,̵Complex.add_re, Complex.mul_re, Complex.I_re,
  ̲  ̲ ̲ ̲Complex.I_im, zero_mul, sub_zero]

Note: This linter can be disabled with `set_option linter.unusedSimpArgs false`
warning: JanusFormal/Branches/FundamentalGeometryPVariationalPrinciple/Gates/P0EFTJanusMeasureToSphereEquatorialCoarea4D.lean:248:4: This simp argument is unused:
  Complex.add_re

Hint: Omit it from the simp argument list.
  simp only [Prod.fst_mul, Complex.ofReal_mul, Complex.ofReal_re, C̵o̵m̵p̵l̵e̵x̵.̵a̵d̵d̵_̵r̵e̵,̵ ̵Complex.mul_re, Complex.I_re,
  ̲  ̲ ̲ ̲Complex.I_im, zero_mul, sub_zero]

Note: This linter can be disabled with `set_option linter.unusedSimpArgs false`
warning: JanusFormal/Branches/FundamentalGeometryPVariationalPrinciple/Gates/P0EFTJanusMeasureToSphereEquatorialCoarea4D.lean:248:20: This simp argument is unused:
  Complex.mul_re

Hint: Omit it from the simp argument list.
  simp only [Prod.fst_mul, Complex.ofReal_mul, Complex.ofReal_re, Complex.add_re, C̵o̵m̵p̵l̵e̵x̵.̵m̵u̵l̵_̵r̵e̵,̵ ̵Complex.I_re,
  ̲  ̲ ̲ ̲Complex.I_im, zero_mul, sub_zero]

Note: This linter can be disabled with `set_option linter.unusedSimpArgs false`
warning: JanusFormal/Branches/FundamentalGeometryPVariationalPrinciple/Gates/P0EFTJanusMeasureToSphereEquatorialCoarea4D.lean:248:36: This simp argument is unused:
  Complex.I_re

Hint: Omit it from the simp argument list.
  simp only [Prod.fst_mul, Complex.ofReal_mul, Complex.ofReal_re,
  ̵  ̵ ̵ ̵Complex.add_re, Complex.mul_re,
  ̲ C̵o̵m̵p̵l̵e̵x̵.̵I̵_̵r̵e̵,̵  ̲ ̲Complex.I_im,
  ̵  ̵ ̵ ̵zero_mul, sub_zero]

Note: This linter can be disabled with `set_option linter.unusedSimpArgs false`
warning: JanusFormal/Branches/FundamentalGeometryPVariationalPrinciple/Gates/P0EFTJanusMeasureToSphereEquatorialCoarea4D.lean:248:50: This simp argument is unused:
  Complex.I_im

Hint: Omit it from the simp argument list.
  simp only [Prod.fst_mul, Complex.ofReal_mul, Complex.ofReal_re, Complex.add_re, Complex.mul_re,
  ̲  ̲ ̲ ̲Complex.I_re, C̵o̵m̵p̵l̵e̵x̵.̵I̵_̵i̵m̵,̵zero_mul, sub_zero]

Note: This linter can be disabled with `set_option linter.unusedSimpArgs false`
warning: JanusFormal/Branches/FundamentalGeometryPVariationalPrinciple/Gates/P0EFTJanusMeasureToSphereEquatorialCoarea4D.lean:249:4: This simp argument is unused:
  zero_mul

Hint: Omit it from the simp argument list.
  simp only [Prod.fst_mul, Complex.ofReal_mul, Complex.ofReal_re,
  ̵  ̵ ̵ ̵Complex.add_re, Complex.mul_re,
  ̲  ̲ ̲ ̲Complex.I_re, Complex.I_im,
  ̵  ̵ ̵ ̵z̵e̵r̵o̵_̵m̵u̵l̵,̵ ̵sub_zero]

Note: This linter can be disabled with `set_option linter.unusedSimpArgs false`
warning: JanusFormal/Branches/FundamentalGeometryPVariationalPrinciple/Gates/P0EFTJanusMeasureToSphereEquatorialCoarea4D.lean:249:14: This simp argument is unused:
  sub_zero

Hint: Omit it from the simp argument list.
  simp only [Prod.fst_mul, Complex.ofReal_mul, Complex.ofReal_re,
  ̵  ̵ ̵ ̵Complex.add_re, Complex.mul_re,
  ̲  ̲ ̲ ̲Complex.I_re, Complex.I_im,
  ̵  ̵ ̵ ̵zero_mul,̵ ̵s̵u̵b̵_̵z̵e̵r̵o̵]

Note: This linter can be disabled with `set_option linter.unusedSimpArgs false`
warning: JanusFormal/Branches/FundamentalGeometryPVariationalPrinciple/Gates/P0EFTJanusMeasureToSphereEquatorialCoarea4D.lean:669:11: try 'simp' instead of 'simpa'

Note: This linter can be disabled with `set_option linter.unnecessarySimpa false`
warning: JanusFormal/Branches/FundamentalGeometryPVariationalPrinciple/Gates/P0EFTJanusMeasureToSphereEquatorialCoarea4D.lean:720:47: This simp argument is unused:
  Function.comp_def

Hint: Omit it from the simp argument list.
  simp [radialReconstruction4, h̵o̵m̵e̵o̵m̵o̵r̵p̵h̵U̵n̵i̵t̵S̵p̵h̵e̵r̵e̵P̵r̵o̵d̵_̵s̵y̵m̵m̵_̵a̵p̵p̵l̵y̵_̵c̵o̵e̵,̵ ̵F̵u̵n̵c̵t̵i̵o̵n̵.̵c̵o̵m̵p̵_̵d̵e̵f̵]̵h̲o̲m̲e̲o̲m̲o̲r̲p̲h̲U̲n̲i̲t̲S̲p̲h̲e̲r̲e̲P̲r̲o̲d̲_̲s̲y̲m̲m̲_̲a̲p̲p̲l̲y̲_̲c̲o̲e̲]̲

Note: This linter can be disabled with `set_option linter.unusedSimpArgs false`
warning: JanusFormal/Branches/FundamentalGeometryPVariationalPrinciple/Gates/P0EFTJanusMeasureToSphereEquatorialCoarea4D.lean:733:11: try 'simp' instead of 'simpa'

Note: This linter can be disabled with `set_option linter.unnecessarySimpa false`
⚠ [9372/9520] Replayed JanusFormal.Branches.FundamentalGeometryPVariationalPrinciple.Gates.P0EFTJanusMappingTorusScalarBoundarySmoothExtensionDensity4D
warning: JanusFormal/Branches/FundamentalGeometryPVariationalPrinciple/Gates/P0EFTJanusMappingTorusScalarBoundarySmoothExtensionDensity4D.lean:52:0: automatically included section variable(s) unused in theorem `JanusFormal.P0EFTJanusMappingTorusScalarBoundarySmoothExtensionDensity4D.canonicalScalarBoundaryCorePairEmbedding_denseRange`:
  [CompleteSpace Trace]
consider restructuring your `variable` declarations so that the variables are not in scope or explicitly omit them:
  omit [CompleteSpace Trace] in theorem ...

Note: This linter can be disabled with `set_option linter.unusedSectionVars false`
warning: JanusFormal/Branches/FundamentalGeometryPVariationalPrinciple/Gates/P0EFTJanusMappingTorusScalarBoundarySmoothExtensionDensity4D.lean:162:0: automatically included section variable(s) unused in theorem `JanusFormal.P0EFTJanusMappingTorusScalarBoundarySmoothExtensionDensity4D.CanonicalScalarCompletedCauchyExtensionData.boundaryTrace_surjective`:
  [CompleteSpace Ambient]
consider restructuring your `variable` declarations so that the variables are not in scope or explicitly omit them:
  omit [CompleteSpace Ambient] in theorem ...

Note: This linter can be disabled with `set_option linter.unusedSectionVars false`
⚠ [9382/9520] Replayed JanusFormal.Branches.FundamentalGeometryPVariationalPrinciple.Gates.P0EFTJanusMappingTorusMeasureOpenPositiveDenseMap4D
warning: JanusFormal/Branches/FundamentalGeometryPVariationalPrinciple/Gates/P0EFTJanusMappingTorusMeasureOpenPositiveDenseMap4D.lean:35:0: automatically included section variable(s) unused in theorem `JanusFormal.P0EFTJanusMappingTorusMeasureOpenPositiveDenseMap4D.DenseRange.nonempty_preimage_of_isOpen`:
  [TopologicalSpace Source]
  [MeasurableSpace Source]
  [MeasurableSpace Target]
  [BorelSpace Target]
consider restructuring your `variable` declarations so that the variables are not in scope or explicitly omit them:
  omit [TopologicalSpace Source] [MeasurableSpace Source] [MeasurableSpace Target] [BorelSpace Target] in theorem ...

Note: This linter can be disabled with `set_option linter.unusedSectionVars false`
warning: JanusFormal/Branches/FundamentalGeometryPVariationalPrinciple/Gates/P0EFTJanusMappingTorusMeasureOpenPositiveDenseMap4D.lean:79:0: Definition `JanusFormal.P0EFTJanusMappingTorusMeasureOpenPositiveDenseMap4D.OpenPositiveDenseParametrization.targetOpenPositive` of class type must be marked with `@[reducible]` or `@[implicit_reducible]`
⚠ [9383/9520] Replayed JanusFormal.Branches.FundamentalGeometryPVariationalPrinciple.Gates.P0EFTJanusMappingTorusCanonicalPhysicalScalarEulerLinearity4D
warning: JanusFormal/Branches/FundamentalGeometryPVariationalPrinciple/Gates/P0EFTJanusMappingTorusCanonicalPhysicalScalarEulerLinearity4D.lean:154:32: This simp argument is unused:
  Pi.smul_apply

Hint: Omit it from the simp argument list.
  simp only [Matrix.smul_apply, P̵i̵.̵s̵m̵u̵l̵_̵a̵p̵p̵l̵y̵,̵ ̵smul_eq_mul]

Note: This linter can be disabled with `set_option linter.unusedSimpArgs false`
warning: JanusFormal/Branches/FundamentalGeometryPVariationalPrinciple/Gates/P0EFTJanusMappingTorusCanonicalPhysicalScalarEulerLinearity4D.lean:185:41: This simp argument is unused:
  localCoordinateScalarJet

Hint: Omit it from the simp argument list.
  simp only [coordinateCovariantHessian,̵ ̵l̵o̵c̵a̵l̵C̵o̵o̵r̵d̵i̵n̵a̵t̵e̵S̵c̵a̵l̵a̵r̵J̵e̵t̵]

Note: This linter can be disabled with `set_option linter.unusedSimpArgs false`
warning: JanusFormal/Branches/FundamentalGeometryPVariationalPrinciple/Gates/P0EFTJanusMappingTorusCanonicalPhysicalScalarEulerLinearity4D.lean:204:41: This simp argument is unused:
  localCoordinateScalarJet

Hint: Omit it from the simp argument list.
  simp only [coordinateCovariantHessian,̵ ̵l̵o̵c̵a̵l̵C̵o̵o̵r̵d̵i̵n̵a̵t̵e̵S̵c̵a̵l̵a̵r̵J̵e̵t̵]

Note: This linter can be disabled with `set_option linter.unusedSimpArgs false`
warning: JanusFormal/Branches/FundamentalGeometryPVariationalPrinciple/Gates/P0EFTJanusMappingTorusCanonicalPhysicalScalarEulerLinearity4D.lean:428:5: Variable name `globalization` is not explicitly referenced.

The binding can be removed (if unused) or named `_` (if used implicitly).

Note: This linter can be disabled with `set_option linter.unusedVariables false`
⚠ [9386/9520] Replayed JanusFormal.Branches.FundamentalGeometryPVariationalPrinciple.Gates.P0EFTJanusMappingTorusCanonicalPhysicalScalarEulerDenseParametrizationClosure4D
warning: JanusFormal/Branches/FundamentalGeometryPVariationalPrinciple/Gates/P0EFTJanusMappingTorusCanonicalPhysicalScalarEulerDenseParametrizationClosure4D.lean:74:0: Definition `JanusFormal.P0EFTJanusMappingTorusCanonicalPhysicalScalarEulerDenseParametrizationClosure4D.CanonicalPhysicalScalarEulerDenseParametrizationData.physicalMeasureOpenPositive` of class type must be marked with `@[reducible]` or `@[implicit_reducible]`
⚠ [9388/9520] Replayed JanusFormal.Branches.FundamentalGeometryPVariationalPrinciple.Gates.P0EFTJanusMappingTorusCanonicalLorentzVolumeTimeTranslationInvariance4D
warning: JanusFormal/Branches/FundamentalGeometryPVariationalPrinciple/Gates/P0EFTJanusMappingTorusCanonicalLorentzVolumeTimeTranslationInvariance4D.lean:271:10: try 'simp' instead of 'simpa'

Note: This linter can be disabled with `set_option linter.unnecessarySimpa false`
⚠ [9389/9520] Replayed JanusFormal.Branches.FundamentalGeometryPVariationalPrinciple.Gates.P0EFTJanusMappingTorusCanonicalPhysicalScalarStereographicVolumeComparison4D
warning: JanusFormal/Branches/FundamentalGeometryPVariationalPrinciple/Gates/P0EFTJanusMappingTorusCanonicalPhysicalScalarStereographicVolumeComparison4D.lean:527:6: `mul_le_mul_left'` has been deprecated: Use `mul_le_mul_right` instead
warning: JanusFormal/Branches/FundamentalGeometryPVariationalPrinciple/Gates/P0EFTJanusMappingTorusCanonicalPhysicalScalarStereographicVolumeComparison4D.lean:565:14: This simp argument is unused:
  EuclideanR4

Hint: Omit it from the simp argument list.
  simp ̵[̵E̵u̵c̵l̵i̵d̵e̵a̵n̵R̵4̵]̵

Note: This linter can be disabled with `set_option linter.unusedSimpArgs false`
warning: JanusFormal/Branches/FundamentalGeometryPVariationalPrinciple/Gates/P0EFTJanusMappingTorusCanonicalPhysicalScalarStereographicVolumeComparison4D.lean:589:14: This simp argument is unused:
  EuclideanR4

Hint: Omit it from the simp argument list.
  simp ̵[̵E̵u̵c̵l̵i̵d̵e̵a̵n̵R̵4̵]̵

Note: This linter can be disabled with `set_option linter.unusedSimpArgs false`
warning: JanusFormal/Branches/FundamentalGeometryPVariationalPrinciple/Gates/P0EFTJanusMappingTorusCanonicalPhysicalScalarStereographicVolumeComparison4D.lean:817:8: `mul_le_mul_left'` has been deprecated: Use `mul_le_mul_right` instead
⚠ [9392/9520] Replayed JanusFormal.Branches.FundamentalGeometryPVariationalPrinciple.Gates.P0EFTJanusMappingTorusCanonicalPhysicalScalarFinitePatchVolumeComparison4D
warning: JanusFormal/Branches/FundamentalGeometryPVariationalPrinciple/Gates/P0EFTJanusMappingTorusCanonicalPhysicalScalarFinitePatchVolumeComparison4D.lean:1643:8: `mul_le_mul_left'` has been deprecated: Use `mul_le_mul_right` instead
warning: JanusFormal/Branches/FundamentalGeometryPVariationalPrinciple/Gates/P0EFTJanusMappingTorusCanonicalPhysicalScalarFinitePatchVolumeComparison4D.lean:1656:8: `mul_le_mul_left'` has been deprecated: Use `mul_le_mul_right` instead
warning: JanusFormal/Branches/FundamentalGeometryPVariationalPrinciple/Gates/P0EFTJanusMappingTorusCanonicalPhysicalScalarFinitePatchVolumeComparison4D.lean:1888:14: `mul_le_mul_left'` has been deprecated: Use `mul_le_mul_right` instead
warning: JanusFormal/Branches/FundamentalGeometryPVariationalPrinciple/Gates/P0EFTJanusMappingTorusCanonicalPhysicalScalarFinitePatchVolumeComparison4D.lean:1928:14: `mul_le_mul_left'` has been deprecated: Use `mul_le_mul_right` instead
⚠ [9398/9520] Replayed JanusFormal.Branches.FundamentalGeometryPVariationalPrinciple.Gates.P0EFTJanusMappingTorusCanonicalPhysicalScalarIntrinsicWave4D
warning: JanusFormal/Branches/FundamentalGeometryPVariationalPrinciple/Gates/P0EFTJanusMappingTorusCanonicalPhysicalScalarIntrinsicWave4D.lean:110:7: Variable name `samePoint` is not explicitly referenced.

The binding can be removed (if unused) or named `_` (if used implicitly).

Note: This linter can be disabled with `set_option linter.unusedVariables false`
ℹ [9400/9520] Replayed JanusFormal.Branches.FundamentalGeometryPVariationalPrinciple.Gates.P0EFTJanusMappingTorusGlobalSmoothScalarProduct4D
info: JanusFormal/Branches/FundamentalGeometryPVariationalPrinciple/Gates/P0EFTJanusMappingTorusGlobalSmoothScalarProduct4D.lean:448:4: Try this:
  [apply] ring_nf
  
  The `ring` tactic failed to close the goal. Use `ring_nf` to obtain a normal form.
    
  Note that `ring` works primarily in *commutative* rings. If you have a noncommutative ring, abelian group or module, consider using `noncomm_ring`, `abel` or `module` instead.
⚠ [9410/9520] Replayed JanusFormal.Branches.FundamentalGeometryPVariationalPrinciple.Gates.P0EFTJanusMappingTorusGeneralLorentzMetricBVPairingRegularity4D
warning: JanusFormal/Branches/FundamentalGeometryPVariationalPrinciple/Gates/P0EFTJanusMappingTorusGeneralLorentzMetricBVPairingRegularity4D.lean:177:36: This simp argument is unused:
  ContinuousLinearEquiv.trans_apply

Hint: Omit it from the simp argument list.
  simp only [raisedGeneralMetricTensorAt, ContinuousLinearMap.comp_apply,
  ̲  ̲ ̲ ̲C̵o̵n̵t̵i̵n̵u̵o̵u̵s̵L̵i̵n̵e̵a̵r̵E̵q̵u̵i̵v̵.̵t̵r̵a̵n̵s̵_̵a̵p̵p̵l̵y̵,̵ContinuousLinearEquiv.coe_coe, ContinuousLinearMap.inverse_equiv,
      ContinuousLinearEquiv.symm_apply_apply]

Note: This linter can be disabled with `set_option linter.unusedSimpArgs false`
⚠ [9418/9520] Replayed JanusFormal.Branches.FundamentalGeometryPVariationalPrinciple.Gates.P0EFTJanusEffectiveD8SmoothCovectorFieldFunctor4D
warning: JanusFormal/Branches/FundamentalGeometryPVariationalPrinciple/Gates/P0EFTJanusEffectiveD8SmoothCovectorFieldFunctor4D.lean:159:8: This simp argument is unused:
  hom_trivializationAt

Hint: Omit it from the simp argument list.
  simp [h̵o̵m̵_̵t̵r̵i̵v̵i̵a̵l̵i̵z̵a̵t̵i̵o̵n̵A̵t̵,̵ ̵Trivialization.continuousLinearMap_apply]

Note: This linter can be disabled with `set_option linter.unusedSimpArgs false`
warning: JanusFormal/Branches/FundamentalGeometryPVariationalPrinciple/Gates/P0EFTJanusEffectiveD8SmoothCovectorFieldFunctor4D.lean:159:30: This simp argument is unused:
  Trivialization.continuousLinearMap_apply

Hint: Omit it from the simp argument list.
  simp [hom_trivializationAt,̵ ̵T̵r̵i̵v̵i̵a̵l̵i̵z̵a̵t̵i̵o̵n̵.̵c̵o̵n̵t̵i̵n̵u̵o̵u̵s̵L̵i̵n̵e̵a̵r̵M̵a̵p̵_̵a̵p̵p̵l̵y̵]

Note: This linter can be disabled with `set_option linter.unusedSimpArgs false`
warning: JanusFormal/Branches/FundamentalGeometryPVariationalPrinciple/Gates/P0EFTJanusEffectiveD8SmoothCovectorFieldFunctor4D.lean:180:8: This simp argument is unused:
  hom_trivializationAt

Hint: Omit it from the simp argument list.
  simp [h̵o̵m̵_̵t̵r̵i̵v̵i̵a̵l̵i̵z̵a̵t̵i̵o̵n̵A̵t̵,̵ ̵Trivialization.continuousLinearMap_apply]

Note: This linter can be disabled with `set_option linter.unusedSimpArgs false`
warning: JanusFormal/Branches/FundamentalGeometryPVariationalPrinciple/Gates/P0EFTJanusEffectiveD8SmoothCovectorFieldFunctor4D.lean:180:30: This simp argument is unused:
  Trivialization.continuousLinearMap_apply

Hint: Omit it from the simp argument list.
  simp [hom_trivializationAt,̵ ̵T̵r̵i̵v̵i̵a̵l̵i̵z̵a̵t̵i̵o̵n̵.̵c̵o̵n̵t̵i̵n̵u̵o̵u̵s̵L̵i̵n̵e̵a̵r̵M̵a̵p̵_̵a̵p̵p̵l̵y̵]

Note: This linter can be disabled with `set_option linter.unusedSimpArgs false`
⚠ [9426/9520] Replayed JanusFormal.Branches.FundamentalGeometryPVariationalPrinciple.Gates.P0EFTJanusEffectiveD8SmoothInverseMusical4D
warning: JanusFormal/Branches/FundamentalGeometryPVariationalPrinciple/Gates/P0EFTJanusEffectiveD8SmoothInverseMusical4D.lean:163:36: This simp argument is unused:
  ContinuousLinearEquiv.trans_apply

Hint: Omit it from the simp argument list.
  simp only [ContinuousLinearMap.inverse_equiv_comp,
  ̵  ̵ ̵ ̵ContinuousLinearMap.inverse_comp_equiv,
      ContinuousLinearMap.comp_apply, ContinuousLinearEquiv.t̵r̵a̵n̵s̵_̵a̵p̵p̵l̵y̵,̵
  ̵ ̵ ̵ ̵ ̵C̵o̵n̵t̵i̵n̵u̵o̵u̵s̵L̵i̵n̵e̵a̵r̵E̵q̵u̵i̵v̵.̵coe_coe,
  ̲  ̲ ̲ ̲ContinuousLinearMap.inverse_equiv,
  ̵  ̵ ̵ ̵inverseMetricSharp, ContinuousLinearEquiv.symm_apply_apply,
      ContinuousLinearEquiv.apply_symm_apply, ContinuousLinearEquiv.symm_symm]

Note: This linter can be disabled with `set_option linter.unusedSimpArgs false`
warning: JanusFormal/Branches/FundamentalGeometryPVariationalPrinciple/Gates/P0EFTJanusEffectiveD8SmoothInverseMusical4D.lean:166:4: This simp argument is unused:
  ContinuousLinearEquiv.apply_symm_apply

Hint: Omit it from the simp argument list.
  simp only [ContinuousLinearMap.inverse_equiv_comp,
  ̵  ̵ ̵ ̵ContinuousLinearMap.inverse_comp_equiv,
      ContinuousLinearMap.comp_apply, ContinuousLinearEquiv.trans_apply,
      ContinuousLinearEquiv.coe_coe, ContinuousLinearMap.inverse_equiv,
  ̵  ̵ ̵ ̵inverseMetricSharp, ̵C̵o̵n̵t̵i̵n̵u̵o̵u̵s̵L̵i̵n̵e̵a̵r̵E̵q̵u̵i̵v̵.̵s̵y̵m̵m̵_̵a̵p̵p̵l̵y̵_̵a̵p̵p̵l̵y̵,̵
      ContinuousLinearEquiv.s̲y̲m̲m̲_̲apply_s̵y̵m̵m̵_̵apply, ContinuousLinearEquiv.symm_symm]

Note: This linter can be disabled with `set_option linter.unusedSimpArgs false`
⚠ [9437/9520] Replayed JanusFormal.Branches.FundamentalGeometryPVariationalPrinciple.Gates.P0EFTJanusProgramPGlobalCandidateANormalBoundaryC3MetricCore4D
warning: JanusFormal/Branches/FundamentalGeometryPVariationalPrinciple/Gates/P0EFTJanusProgramPGlobalCandidateANormalBoundaryC3MetricCore4D.lean:133:5: Variable name `metric` is not explicitly referenced.

The binding can be removed (if unused) or named `_` (if used implicitly).

Note: This linter can be disabled with `set_option linter.unusedVariables false`
⚠ [9439/9520] Replayed JanusFormal.Branches.FundamentalGeometryPVariationalPrinciple.Gates.P0EFTJanusMappingTorusIntrinsicMetricBVThroatPairingRegularity4D
warning: JanusFormal/Branches/FundamentalGeometryPVariationalPrinciple/Gates/P0EFTJanusMappingTorusIntrinsicMetricBVThroatPairingRegularity4D.lean:174:36: This simp argument is unused:
  ContinuousLinearEquiv.trans_apply

Hint: Omit it from the simp argument list.
  simp only [raisedIntrinsicThroatTensorAt, intrinsicThroatInverseMusical,
      ContinuousLinearMap.comp_apply, ContinuousLinearEquiv.t̵r̵a̵n̵s̵_̵a̵p̵p̵l̵y̵,̵
  ̵ ̵ ̵ ̵ ̵C̵o̵n̵t̵i̵n̵u̵o̵u̵s̵L̵i̵n̵e̵a̵r̵E̵q̵u̵i̵v̵.̵coe_coe,
      ContinuousLinearMap.inverse_equiv,
  ̵  ̵ ̵ ̵ContinuousLinearEquiv.symm_apply_apply]

Note: This linter can be disabled with `set_option linter.unusedSimpArgs false`
⚠ [9447/9520] Replayed JanusFormal.Branches.FundamentalGeometryPVariationalPrinciple.Gates.P0EFTJanusProgramPThroatFiniteFrameReconstruction4D
warning: JanusFormal/Branches/FundamentalGeometryPVariationalPrinciple/Gates/P0EFTJanusProgramPThroatFiniteFrameReconstruction4D.lean:62:2: try 'simp' instead of 'simpa'

Note: This linter can be disabled with `set_option linter.unnecessarySimpa false`
warning: JanusFormal/Branches/FundamentalGeometryPVariationalPrinciple/Gates/P0EFTJanusProgramPThroatFiniteFrameReconstruction4D.lean:54:0: automatically included section variable(s) unused in theorem `JanusFormal.P0EFTJanusProgramPThroatFiniteFrameReconstruction4D.redundantFiniteFrameEncoding_mulVec`:
  [FiniteDimensional ℝ E]
consider restructuring your `variable` declarations so that the variables are not in scope or explicitly omit them:
  omit [FiniteDimensional ℝ E] in theorem ...

Note: This linter can be disabled with `set_option linter.unusedSectionVars false`
⚠ [9448/9520] Replayed JanusFormal.Branches.FundamentalGeometryPVariationalPrinciple.Gates.P0EFTJanusProgramPGlobalCandidateANormalBoundarySameActionClosure4D
warning: JanusFormal/Branches/FundamentalGeometryPVariationalPrinciple/Gates/P0EFTJanusProgramPGlobalCandidateANormalBoundarySameActionClosure4D.lean:3045:5: Variable name `base` is not explicitly referenced.

The binding can be removed (if unused) or named `_` (if used implicitly).

Note: This linter can be disabled with `set_option linter.unusedVariables false`
warning: JanusFormal/Branches/FundamentalGeometryPVariationalPrinciple/Gates/P0EFTJanusProgramPGlobalCandidateANormalBoundarySameActionClosure4D.lean:7030:2: try 'simp' instead of 'simpa'

Note: This linter can be disabled with `set_option linter.unnecessarySimpa false`
warning: JanusFormal/Branches/FundamentalGeometryPVariationalPrinciple/Gates/P0EFTJanusProgramPGlobalCandidateANormalBoundarySameActionClosure4D.lean:7733:2: 'change
  normalCoordinateLift period hPeriod (first + second) (orientationDoubleCoverHomeomorph period hPeriod point) =
    _' tactic does nothing

Note: This linter can be disabled with `set_option linter.unusedTactic false`
warning: JanusFormal/Branches/FundamentalGeometryPVariationalPrinciple/Gates/P0EFTJanusProgramPGlobalCandidateANormalBoundarySameActionClosure4D.lean:8751:34: This simp argument is unused:
  Prod.map_apply

Hint: Omit it from the simp argument list.
  simp only [Function.comp_apply, P̵r̵o̵d̵.̵m̵a̵p̵_̵a̵p̵p̵l̵y̵,̵ ̵id_eq]

Note: This linter can be disabled with `set_option linter.unusedSimpArgs false`
warning: JanusFormal/Branches/FundamentalGeometryPVariationalPrinciple/Gates/P0EFTJanusProgramPGlobalCandidateANormalBoundarySameActionClosure4D.lean:8751:50: This simp argument is unused:
  id_eq

Hint: Omit it from the simp argument list.
  simp only [Function.comp_apply, Prod.map_apply,̵ ̵i̵d̵_̵e̵q̵]

Note: This linter can be disabled with `set_option linter.unusedSimpArgs false`
warning: JanusFormal/Branches/FundamentalGeometryPVariationalPrinciple/Gates/P0EFTJanusProgramPGlobalCandidateANormalBoundarySameActionClosure4D.lean:9582:4: try 'simp' instead of 'simpa'

Note: This linter can be disabled with `set_option linter.unnecessarySimpa false`
warning: JanusFormal/Branches/FundamentalGeometryPVariationalPrinciple/Gates/P0EFTJanusProgramPGlobalCandidateANormalBoundarySameActionClosure4D.lean:9809:13: This simp argument is unused:
  Prod.fst

Hint: Omit it from the simp argument list.
  simp only [̵P̵r̵o̵d̵.̵f̵s̵t̵,̵ ̵P̵r̵o̵d̵.̵s̵n̵d̵,̵[̲P̲r̲o̲d̲.̲s̲n̲d̲,̲ map_smul, smul_apply]

Note: This linter can be disabled with `set_option linter.unusedSimpArgs false`
warning: JanusFormal/Branches/FundamentalGeometryPVariationalPrinciple/Gates/P0EFTJanusProgramPGlobalCandidateANormalBoundarySameActionClosure4D.lean:9809:23: This simp argument is unused:
  Prod.snd

Hint: Omit it from the simp argument list.
  simp only [Prod.fst, P̵r̵o̵d̵.̵s̵n̵d̵,̵ ̵map_smul, smul_apply]

Note: This linter can be disabled with `set_option linter.unusedSimpArgs false`
warning: JanusFormal/Branches/FundamentalGeometryPVariationalPrinciple/Gates/P0EFTJanusProgramPGlobalCandidateANormalBoundarySameActionClosure4D.lean:11355:5: Variable name `hNonNull` is not explicitly referenced.

The binding can be removed (if unused) or named `_` (if used implicitly).

Note: This linter can be disabled with `set_option linter.unusedVariables false`
warning: JanusFormal/Branches/FundamentalGeometryPVariationalPrinciple/Gates/P0EFTJanusProgramPGlobalCandidateANormalBoundarySameActionClosure4D.lean:15033:6: try 'simp' instead of 'simpa'

Note: This linter can be disabled with `set_option linter.unnecessarySimpa false`
warning: JanusFormal/Branches/FundamentalGeometryPVariationalPrinciple/Gates/P0EFTJanusProgramPGlobalCandidateANormalBoundarySameActionClosure4D.lean:15103:6: try 'simp' instead of 'simpa'

Note: This linter can be disabled with `set_option linter.unnecessarySimpa false`
warning: JanusFormal/Branches/FundamentalGeometryPVariationalPrinciple/Gates/P0EFTJanusProgramPGlobalCandidateANormalBoundarySameActionClosure4D.lean:15323:8: try 'simp' instead of 'simpa'

Note: This linter can be disabled with `set_option linter.unnecessarySimpa false`
⚠ [9449/9520] Replayed JanusFormal.Branches.FundamentalGeometryPVariationalPrinciple.Gates.P0EFTJanusBoundedFiberJetSubstitutionC2
warning: JanusFormal/Branches/FundamentalGeometryPVariationalPrinciple/Gates/P0EFTJanusBoundedFiberJetSubstitutionC2.lean:337:4: 'change
  RealHasDerivAt (fun varied : Real => 1 / (1 + varied ^ 2))
    ((-2) * ((fiber / (1 + fiber ^ 2)) * (1 / (1 + fiber ^ 2)))) fiber' tactic does nothing

Note: This linter can be disabled with `set_option linter.unusedTactic false`
warning: JanusFormal/Branches/FundamentalGeometryPVariationalPrinciple/Gates/P0EFTJanusBoundedFiberJetSubstitutionC2.lean:342:58: 'ring' tactic does nothing

Note: This linter can be disabled with `set_option linter.unusedTactic false`
warning: JanusFormal/Branches/FundamentalGeometryPVariationalPrinciple/Gates/P0EFTJanusBoundedFiberJetSubstitutionC2.lean:342:58: this tactic is never executed

Note: This linter can be disabled with `set_option linter.unreachableTactic false`
warning: JanusFormal/Branches/FundamentalGeometryPVariationalPrinciple/Gates/P0EFTJanusBoundedFiberJetSubstitutionC2.lean:359:56: Used `tac1 <;> tac2` where `(tac1; tac2)` would suffice

Note: This linter can be disabled with `set_option linter.unnecessarySeqFocus false`
warning: JanusFormal/Branches/FundamentalGeometryPVariationalPrinciple/Gates/P0EFTJanusBoundedFiberJetSubstitutionC2.lean:386:40: Variable name `bound` is not explicitly referenced.

The binding can be removed (if unused) or named `_` (if used implicitly).

Note: This linter can be disabled with `set_option linter.unusedVariables false`
warning: JanusFormal/Branches/FundamentalGeometryPVariationalPrinciple/Gates/P0EFTJanusBoundedFiberJetSubstitutionC2.lean:514:15: This simp argument is unused:
  remainder

Hint: Omit it from the simp argument list.
  simp only [r̵e̵m̵a̵i̵n̵d̵e̵r̵,̵ ̵Real.norm_eq_abs, pow_two, sub_zero]

Note: This linter can be disabled with `set_option linter.unusedSimpArgs false`
warning: JanusFormal/Branches/FundamentalGeometryPVariationalPrinciple/Gates/P0EFTJanusBoundedFiberJetSubstitutionC2.lean:513:28: Used `tac1 <;> tac2` where `(tac1; tac2)` would suffice

Note: This linter can be disabled with `set_option linter.unnecessarySeqFocus false`
warning: JanusFormal/Branches/FundamentalGeometryPVariationalPrinciple/Gates/P0EFTJanusBoundedFiberJetSubstitutionC2.lean:514:63: Used `tac1 <;> tac2` where `(tac1; tac2)` would suffice

Note: This linter can be disabled with `set_option linter.unnecessarySeqFocus false`
⚠ [9450/9520] Replayed JanusFormal.Branches.FundamentalGeometryPVariationalPrinciple.Gates.P0EFTJanusBoundedFiberJet2SubstitutionC2
warning: JanusFormal/Branches/FundamentalGeometryPVariationalPrinciple/Gates/P0EFTJanusBoundedFiberJet2SubstitutionC2.lean:325:15: This simp argument is unused:
  remainder

Hint: Omit it from the simp argument list.
  simp only [r̵e̵m̵a̵i̵n̵d̵e̵r̵,̵ ̵Real.norm_eq_abs, pow_two, sub_zero]

Note: This linter can be disabled with `set_option linter.unusedSimpArgs false`
warning: JanusFormal/Branches/FundamentalGeometryPVariationalPrinciple/Gates/P0EFTJanusBoundedFiberJet2SubstitutionC2.lean:324:28: Used `tac1 <;> tac2` where `(tac1; tac2)` would suffice

Note: This linter can be disabled with `set_option linter.unnecessarySeqFocus false`
warning: JanusFormal/Branches/FundamentalGeometryPVariationalPrinciple/Gates/P0EFTJanusBoundedFiberJet2SubstitutionC2.lean:325:63: Used `tac1 <;> tac2` where `(tac1; tac2)` would suffice

Note: This linter can be disabled with `set_option linter.unnecessarySeqFocus false`
warning: JanusFormal/Branches/FundamentalGeometryPVariationalPrinciple/Gates/P0EFTJanusBoundedFiberJet2SubstitutionC2.lean:331:20: Variable name `hBoundNonnegative` is not explicitly referenced.

The binding can be removed (if unused) or named `_` (if used implicitly).

Note: This linter can be disabled with `set_option linter.unusedVariables false`
warning: JanusFormal/Branches/FundamentalGeometryPVariationalPrinciple/Gates/P0EFTJanusBoundedFiberJet2SubstitutionC2.lean:1177:2: try 'simp' instead of 'simpa'

Note: This linter can be disabled with `set_option linter.unnecessarySimpa false`
⚠ [9483/9520] Replayed JanusFormal.Branches.FundamentalGeometryPVariationalPrinciple.Gates.P0EFTJanusProgramPRegularGeneralMetricC2EinsteinHilbert4D
warning: JanusFormal/Branches/FundamentalGeometryPVariationalPrinciple/Gates/P0EFTJanusProgramPRegularGeneralMetricC2EinsteinHilbert4D.lean:737:13: This simp argument is unused:
  ContinuousMap.zero_apply

Hint: Omit it from the simp argument list.
  simp only [̵C̵o̵n̵t̵i̵n̵u̵o̵u̵s̵M̵a̵p̵.̵z̵e̵r̵o̵_̵a̵p̵p̵l̵y̵,̵ ̵z̵e̵r̵o̵_̵a̵d̵d̵,̵[̲z̲e̲r̲o̲_̲a̲d̲d̲,̲ ContinuousMap.add_apply]

Note: This linter can be disabled with `set_option linter.unusedSimpArgs false`
warning: JanusFormal/Branches/FundamentalGeometryPVariationalPrinciple/Gates/P0EFTJanusProgramPRegularGeneralMetricC2EinsteinHilbert4D.lean:1877:37: Used `tac1 <;> tac2` where `(tac1; tac2)` would suffice

Note: This linter can be disabled with `set_option linter.unnecessarySeqFocus false`
warning: JanusFormal/Branches/FundamentalGeometryPVariationalPrinciple/Gates/P0EFTJanusProgramPRegularGeneralMetricC2EinsteinHilbert4D.lean:1937:56: 'rfl' tactic does nothing

Note: This linter can be disabled with `set_option linter.unusedTactic false`
warning: JanusFormal/Branches/FundamentalGeometryPVariationalPrinciple/Gates/P0EFTJanusProgramPRegularGeneralMetricC2EinsteinHilbert4D.lean:1937:56: this tactic is never executed

Note: This linter can be disabled with `set_option linter.unreachableTactic false`
warning: JanusFormal/Branches/FundamentalGeometryPVariationalPrinciple/Gates/P0EFTJanusProgramPRegularGeneralMetricC2EinsteinHilbert4D.lean:2335:15: `ContinuousLinearMap.sum_apply` has been deprecated: Use `sum_apply` instead

Note: The updated constant is in a different namespace. Dot notation may need to be changed (e.g., from `x.sum_apply` to `sum_apply x`).
warning: JanusFormal/Branches/FundamentalGeometryPVariationalPrinciple/Gates/P0EFTJanusProgramPRegularGeneralMetricC2EinsteinHilbert4D.lean:2360:15: `ContinuousLinearMap.sum_apply` has been deprecated: Use `sum_apply` instead

Note: The updated constant is in a different namespace. Dot notation may need to be changed (e.g., from `x.sum_apply` to `sum_apply x`).
warning: JanusFormal/Branches/FundamentalGeometryPVariationalPrinciple/Gates/P0EFTJanusProgramPRegularGeneralMetricC2EinsteinHilbert4D.lean:2385:15: `ContinuousLinearMap.sum_apply` has been deprecated: Use `sum_apply` instead

Note: The updated constant is in a different namespace. Dot notation may need to be changed (e.g., from `x.sum_apply` to `sum_apply x`).
⚠ [9484/9520] Replayed JanusFormal.Branches.FundamentalGeometryPVariationalPrinciple.Gates.P0EFTJanusProgramPGlobalCandidateANormalBoundaryFiberSubstitution4D
warning: JanusFormal/Branches/FundamentalGeometryPVariationalPrinciple/Gates/P0EFTJanusProgramPGlobalCandidateANormalBoundaryFiberSubstitution4D.lean:366:4: try 'simp' instead of 'simpa'

Note: This linter can be disabled with `set_option linter.unnecessarySimpa false`
warning: JanusFormal/Branches/FundamentalGeometryPVariationalPrinciple/Gates/P0EFTJanusProgramPGlobalCandidateANormalBoundaryFiberSubstitution4D.lean:408:34: This simp argument is unused:
  Prod.map_apply

Hint: Omit it from the simp argument list.
  simp only [Function.comp_apply, P̵r̵o̵d̵.̵m̵a̵p̵_̵a̵p̵p̵l̵y̵,̵ ̵id_eq]

Note: This linter can be disabled with `set_option linter.unusedSimpArgs false`
warning: JanusFormal/Branches/FundamentalGeometryPVariationalPrinciple/Gates/P0EFTJanusProgramPGlobalCandidateANormalBoundaryFiberSubstitution4D.lean:408:50: This simp argument is unused:
  id_eq

Hint: Omit it from the simp argument list.
  simp only [Function.comp_apply, Prod.map_apply,̵ ̵i̵d̵_̵e̵q̵]

Note: This linter can be disabled with `set_option linter.unusedSimpArgs false`
warning: JanusFormal/Branches/FundamentalGeometryPVariationalPrinciple/Gates/P0EFTJanusProgramPGlobalCandidateANormalBoundaryFiberSubstitution4D.lean:457:4: try 'simp' instead of 'simpa'

Note: This linter can be disabled with `set_option linter.unnecessarySimpa false`
warning: JanusFormal/Branches/FundamentalGeometryPVariationalPrinciple/Gates/P0EFTJanusProgramPGlobalCandidateANormalBoundaryFiberSubstitution4D.lean:499:34: This simp argument is unused:
  Prod.map_apply

Hint: Omit it from the simp argument list.
  simp only [Function.comp_apply, P̵r̵o̵d̵.̵m̵a̵p̵_̵a̵p̵p̵l̵y̵,̵ ̵id_eq]

Note: This linter can be disabled with `set_option linter.unusedSimpArgs false`
warning: JanusFormal/Branches/FundamentalGeometryPVariationalPrinciple/Gates/P0EFTJanusProgramPGlobalCandidateANormalBoundaryFiberSubstitution4D.lean:499:50: This simp argument is unused:
  id_eq

Hint: Omit it from the simp argument list.
  simp only [Function.comp_apply, Prod.map_apply,̵ ̵i̵d̵_̵e̵q̵]

Note: This linter can be disabled with `set_option linter.unusedSimpArgs false`
warning: JanusFormal/Branches/FundamentalGeometryPVariationalPrinciple/Gates/P0EFTJanusProgramPGlobalCandidateANormalBoundaryFiberSubstitution4D.lean:1109:32: Used `tac1 <;> tac2` where `(tac1; tac2)` would suffice

Note: This linter can be disabled with `set_option linter.unnecessarySeqFocus false`
warning: JanusFormal/Branches/FundamentalGeometryPVariationalPrinciple/Gates/P0EFTJanusProgramPGlobalCandidateANormalBoundaryFiberSubstitution4D.lean:1317:4: try 'simp' instead of 'simpa'

Note: This linter can be disabled with `set_option linter.unnecessarySimpa false`
warning: JanusFormal/Branches/FundamentalGeometryPVariationalPrinciple/Gates/P0EFTJanusProgramPGlobalCandidateANormalBoundaryFiberSubstitution4D.lean:1761:34: This simp argument is unused:
  Prod.map_apply

Hint: Omit it from the simp argument list.
  simp only [Function.comp_apply, P̵r̵o̵d̵.̵m̵a̵p̵_̵a̵p̵p̵l̵y̵,̵ ̵id_eq]

Note: This linter can be disabled with `set_option linter.unusedSimpArgs false`
warning: JanusFormal/Branches/FundamentalGeometryPVariationalPrinciple/Gates/P0EFTJanusProgramPGlobalCandidateANormalBoundaryFiberSubstitution4D.lean:1761:50: This simp argument is unused:
  id_eq

Hint: Omit it from the simp argument list.
  simp only [Function.comp_apply, Prod.map_apply,̵ ̵i̵d̵_̵e̵q̵]

Note: This linter can be disabled with `set_option linter.unusedSimpArgs false`
warning: JanusFormal/Branches/FundamentalGeometryPVariationalPrinciple/Gates/P0EFTJanusProgramPGlobalCandidateANormalBoundaryFiberSubstitution4D.lean:1893:31: Used `tac1 <;> tac2` where `(tac1; tac2)` would suffice

Note: This linter can be disabled with `set_option linter.unnecessarySeqFocus false`
warning: JanusFormal/Branches/FundamentalGeometryPVariationalPrinciple/Gates/P0EFTJanusProgramPGlobalCandidateANormalBoundaryFiberSubstitution4D.lean:7717:32: `ContinuousLinearMap.sum_apply` has been deprecated: Use `sum_apply` instead

Note: The updated constant is in a different namespace. Dot notation may need to be changed (e.g., from `x.sum_apply` to `sum_apply x`).
warning: JanusFormal/Branches/FundamentalGeometryPVariationalPrinciple/Gates/P0EFTJanusProgramPGlobalCandidateANormalBoundaryFiberSubstitution4D.lean:7718:4: `ContinuousLinearMap.smul_apply` has been deprecated: Use `smul_apply` instead

Note: The updated constant is in a different namespace. Dot notation may need to be changed (e.g., from `x.smul_apply` to `smul_apply x`).
warning: JanusFormal/Branches/FundamentalGeometryPVariationalPrinciple/Gates/P0EFTJanusProgramPGlobalCandidateANormalBoundaryFiberSubstitution4D.lean:7722:32: `ContinuousLinearMap.sum_apply` has been deprecated: Use `sum_apply` instead

Note: The updated constant is in a different namespace. Dot notation may need to be changed (e.g., from `x.sum_apply` to `sum_apply x`).
warning: JanusFormal/Branches/FundamentalGeometryPVariationalPrinciple/Gates/P0EFTJanusProgramPGlobalCandidateANormalBoundaryFiberSubstitution4D.lean:7723:4: `ContinuousLinearMap.smul_apply` has been deprecated: Use `smul_apply` instead

Note: The updated constant is in a different namespace. Dot notation may need to be changed (e.g., from `x.smul_apply` to `smul_apply x`).
warning: JanusFormal/Branches/FundamentalGeometryPVariationalPrinciple/Gates/P0EFTJanusProgramPGlobalCandidateANormalBoundaryFiberSubstitution4D.lean:7722:32: This simp argument is unused:
  ContinuousLinearMap.sum_apply

Hint: Omit it from the simp argument list.
  simp only [map_sum, map_smul, C̵o̵n̵t̵i̵n̵u̵o̵u̵s̵L̵i̵n̵e̵a̵r̵M̵a̵p̵.̵s̵u̵m̵_̵a̵p̵p̵l̵y̵,̵ContinuousLinearMap.smul_apply, smul_eq_mul, Finset.mul_sum,
  ̲  ̲ ̲ ̲Finset.sum_mul]

Note: This linter can be disabled with `set_option linter.unusedSimpArgs false`
warning: JanusFormal/Branches/FundamentalGeometryPVariationalPrinciple/Gates/P0EFTJanusProgramPGlobalCandidateANormalBoundaryFiberSubstitution4D.lean:7723:4: This simp argument is unused:
  ContinuousLinearMap.smul_apply

Hint: Omit it from the simp argument list.
  simp only [map_sum, map_smul, ContinuousLinearMap.sum_apply, C̵o̵n̵t̵i̵n̵u̵o̵u̵s̵L̵i̵n̵e̵a̵r̵M̵a̵p̵.̵s̵m̵u̵l̵_̵a̵p̵p̵l̵y̵,̵ ̵smul_eq_mul, Finset.mul_sum,
      Finset.sum_mul]

Note: This linter can be disabled with `set_option linter.unusedSimpArgs false`
warning: JanusFormal/Branches/FundamentalGeometryPVariationalPrinciple/Gates/P0EFTJanusProgramPGlobalCandidateANormalBoundaryFiberSubstitution4D.lean:7724:4: This simp argument is unused:
  Finset.sum_mul

Hint: Omit it from the simp argument list.
  simp only [map_sum, map_smul, ContinuousLinearMap.sum_apply, ContinuousLinearMap.smul_apply,
  ̲  ̲ ̲ ̲smul_eq_mul, F̵i̵n̵s̵e̵t̵.̵m̵u̵l̵_̵s̵u̵m̵,̵
  ̵ ̵ ̵ ̵ ̵F̵i̵n̵s̵e̵t̵.̵s̵u̵m̵_̵m̵u̵l̵]̵F̲i̲n̲s̲e̲t̲.̲m̲u̲l̲_̲s̲u̲m̲]̲

Note: This linter can be disabled with `set_option linter.unusedSimpArgs false`
warning: JanusFormal/Branches/FundamentalGeometryPVariationalPrinciple/Gates/P0EFTJanusProgramPGlobalCandidateANormalBoundaryFiberSubstitution4D.lean:8262:26: Used `tac1 <;> tac2` where `(tac1; tac2)` would suffice

Note: This linter can be disabled with `set_option linter.unnecessarySeqFocus false`
warning: JanusFormal/Branches/FundamentalGeometryPVariationalPrinciple/Gates/P0EFTJanusProgramPGlobalCandidateANormalBoundaryFiberSubstitution4D.lean:8653:32: `ContinuousLinearMap.sum_apply` has been deprecated: Use `sum_apply` instead

Note: The updated constant is in a different namespace. Dot notation may need to be changed (e.g., from `x.sum_apply` to `sum_apply x`).
warning: JanusFormal/Branches/FundamentalGeometryPVariationalPrinciple/Gates/P0EFTJanusProgramPGlobalCandidateANormalBoundaryFiberSubstitution4D.lean:8654:4: `ContinuousLinearMap.smul_apply` has been deprecated: Use `smul_apply` instead

Note: The updated constant is in a different namespace. Dot notation may need to be changed (e.g., from `x.smul_apply` to `smul_apply x`).
warning: JanusFormal/Branches/FundamentalGeometryPVariationalPrinciple/Gates/P0EFTJanusProgramPGlobalCandidateANormalBoundaryFiberSubstitution4D.lean:8658:32: `ContinuousLinearMap.sum_apply` has been deprecated: Use `sum_apply` instead

Note: The updated constant is in a different namespace. Dot notation may need to be changed (e.g., from `x.sum_apply` to `sum_apply x`).
warning: JanusFormal/Branches/FundamentalGeometryPVariationalPrinciple/Gates/P0EFTJanusProgramPGlobalCandidateANormalBoundaryFiberSubstitution4D.lean:8659:4: `ContinuousLinearMap.smul_apply` has been deprecated: Use `smul_apply` instead

Note: The updated constant is in a different namespace. Dot notation may need to be changed (e.g., from `x.smul_apply` to `smul_apply x`).
warning: JanusFormal/Branches/FundamentalGeometryPVariationalPrinciple/Gates/P0EFTJanusProgramPGlobalCandidateANormalBoundaryFiberSubstitution4D.lean:8658:32: This simp argument is unused:
  ContinuousLinearMap.sum_apply

Hint: Omit it from the simp argument list.
  simp only [map_sum, map_smul, C̵o̵n̵t̵i̵n̵u̵o̵u̵s̵L̵i̵n̵e̵a̵r̵M̵a̵p̵.̵s̵u̵m̵_̵a̵p̵p̵l̵y̵,̵ContinuousLinearMap.smul_apply, smul_eq_mul, Finset.mul_sum,
  ̲  ̲ ̲ ̲Finset.sum_mul]

Note: This linter can be disabled with `set_option linter.unusedSimpArgs false`
warning: JanusFormal/Branches/FundamentalGeometryPVariationalPrinciple/Gates/P0EFTJanusProgramPGlobalCandidateANormalBoundaryFiberSubstitution4D.lean:8659:4: This simp argument is unused:
  ContinuousLinearMap.smul_apply

Hint: Omit it from the simp argument list.
  simp only [map_sum, map_smul, ContinuousLinearMap.sum_apply, C̵o̵n̵t̵i̵n̵u̵o̵u̵s̵L̵i̵n̵e̵a̵r̵M̵a̵p̵.̵s̵m̵u̵l̵_̵a̵p̵p̵l̵y̵,̵ ̵smul_eq_mul, Finset.mul_sum,
      Finset.sum_mul]

Note: This linter can be disabled with `set_option linter.unusedSimpArgs false`
warning: JanusFormal/Branches/FundamentalGeometryPVariationalPrinciple/Gates/P0EFTJanusProgramPGlobalCandidateANormalBoundaryFiberSubstitution4D.lean:8660:4: This simp argument is unused:
  Finset.sum_mul

Hint: Omit it from the simp argument list.
  simp only [map_sum, map_smul, ContinuousLinearMap.sum_apply, ContinuousLinearMap.smul_apply,
  ̲  ̲ ̲ ̲smul_eq_mul, F̵i̵n̵s̵e̵t̵.̵m̵u̵l̵_̵s̵u̵m̵,̵
  ̵ ̵ ̵ ̵ ̵F̵i̵n̵s̵e̵t̵.̵s̵u̵m̵_̵m̵u̵l̵]̵F̲i̲n̲s̲e̲t̲.̲m̲u̲l̲_̲s̲u̲m̲]̲

Note: This linter can be disabled with `set_option linter.unusedSimpArgs false`
warning: JanusFormal/Branches/FundamentalGeometryPVariationalPrinciple/Gates/P0EFTJanusProgramPGlobalCandidateANormalBoundaryFiberSubstitution4D.lean:9153:22: This simp argument is unused:
  BoundedContinuousFunction.coe_one

Hint: Omit it from the simp argument list.
  simp only [BoundedContinuousFunction.add_apply, BoundedContinuousFunction.sub_apply,
  ̲  ̲ ̲ ̲BoundedContinuousFunction.mul_apply, BoundedContinuousFunction.sum_apply, Matrix.add_apply,
  ̲  ̲ ̲ ̲Matrix.sub_apply, Matrix.one_apply, B̵o̵u̵n̵d̵e̵d̵C̵o̵n̵t̵i̵n̵u̵o̵u̵s̵F̵u̵n̵c̵t̵i̵o̵n̵.̵c̵o̵e̵_̵o̵n̵e̵,̵BoundedContinuousFunction.coe_zero, Pi.one_apply]

Note: This linter can be disabled with `set_option linter.unusedSimpArgs false`
warning: JanusFormal/Branches/FundamentalGeometryPVariationalPrinciple/Gates/P0EFTJanusProgramPGlobalCandidateANormalBoundaryFiberSubstitution4D.lean:9154:4: This simp argument is unused:
  BoundedContinuousFunction.coe_zero

Hint: Omit it from the simp argument list.
  simp only [BoundedContinuousFunction.add_apply, BoundedContinuousFunction.sub_apply,
  ̲  ̲ ̲ ̲BoundedContinuousFunction.mul_apply, BoundedContinuousFunction.sum_apply, Matrix.add_apply,
  ̲  ̲ ̲ ̲Matrix.sub_apply, Matrix.one_apply, BoundedContinuousFunction.coe_one, B̵o̵u̵n̵d̵e̵d̵C̵o̵n̵t̵i̵n̵u̵o̵u̵s̵F̵u̵n̵c̵t̵i̵o̵n̵.̵c̵o̵e̵_̵z̵e̵r̵o̵,̵ ̵Pi.one_apply]

Note: This linter can be disabled with `set_option linter.unusedSimpArgs false`
warning: JanusFormal/Branches/FundamentalGeometryPVariationalPrinciple/Gates/P0EFTJanusProgramPGlobalCandidateANormalBoundaryFiberSubstitution4D.lean:9154:40: This simp argument is unused:
  Pi.one_apply

Hint: Omit it from the simp argument list.
  simp only [BoundedContinuousFunction.add_apply,
  ̵  ̵ ̵ ̵BoundedContinuousFunction.sub_apply,
  ̲  ̲ ̲ ̲BoundedContinuousFunction.mul_apply,
  ̵  ̵ ̵ ̵BoundedContinuousFunction.sum_apply, Matrix.add_apply,
  ̲  ̲ ̲ ̲Matrix.sub_apply,
  ̵  ̵ ̵ ̵Matrix.one_apply, BoundedContinuousFunction.coe_one,
      BoundedContinuousFunction.coe_zero,̵ ̵P̵i̵.̵o̵n̵e̵_̵a̵p̵p̵l̵y̵]

Note: This linter can be disabled with `set_option linter.unusedSimpArgs false`
warning: JanusFormal/Branches/FundamentalGeometryPVariationalPrinciple/Gates/P0EFTJanusProgramPGlobalCandidateANormalBoundaryFiberSubstitution4D.lean:9274:22: This simp argument is unused:
  BoundedContinuousFunction.coe_one

Hint: Omit it from the simp argument list.
  simp only [BoundedContinuousFunction.add_apply, BoundedContinuousFunction.sub_apply,
  ̲  ̲ ̲ ̲BoundedContinuousFunction.mul_apply, BoundedContinuousFunction.sum_apply, Matrix.add_apply,
  ̲  ̲ ̲ ̲Matrix.sub_apply, Matrix.one_apply, B̵o̵u̵n̵d̵e̵d̵C̵o̵n̵t̵i̵n̵u̵o̵u̵s̵F̵u̵n̵c̵t̵i̵o̵n̵.̵c̵o̵e̵_̵o̵n̵e̵,̵BoundedContinuousFunction.coe_zero, Pi.one_apply]

Note: This linter can be disabled with `set_option linter.unusedSimpArgs false`
warning: JanusFormal/Branches/FundamentalGeometryPVariationalPrinciple/Gates/P0EFTJanusProgramPGlobalCandidateANormalBoundaryFiberSubstitution4D.lean:9275:4: This simp argument is unused:
  BoundedContinuousFunction.coe_zero

Hint: Omit it from the simp argument list.
  simp only [BoundedContinuousFunction.add_apply, BoundedContinuousFunction.sub_apply,
  ̲  ̲ ̲ ̲BoundedContinuousFunction.mul_apply, BoundedContinuousFunction.sum_apply, Matrix.add_apply,
  ̲  ̲ ̲ ̲Matrix.sub_apply, Matrix.one_apply, BoundedContinuousFunction.coe_one, B̵o̵u̵n̵d̵e̵d̵C̵o̵n̵t̵i̵n̵u̵o̵u̵s̵F̵u̵n̵c̵t̵i̵o̵n̵.̵c̵o̵e̵_̵z̵e̵r̵o̵,̵ ̵Pi.one_apply]

Note: This linter can be disabled with `set_option linter.unusedSimpArgs false`
warning: JanusFormal/Branches/FundamentalGeometryPVariationalPrinciple/Gates/P0EFTJanusProgramPGlobalCandidateANormalBoundaryFiberSubstitution4D.lean:9275:40: This simp argument is unused:
  Pi.one_apply

Hint: Omit it from the simp argument list.
  simp only [BoundedContinuousFunction.add_apply,
  ̵  ̵ ̵ ̵BoundedContinuousFunction.sub_apply,
  ̲  ̲ ̲ ̲BoundedContinuousFunction.mul_apply,
  ̵  ̵ ̵ ̵BoundedContinuousFunction.sum_apply, Matrix.add_apply,
  ̲  ̲ ̲ ̲Matrix.sub_apply,
  ̵  ̵ ̵ ̵Matrix.one_apply, BoundedContinuousFunction.coe_one,
      BoundedContinuousFunction.coe_zero,̵ ̵P̵i̵.̵o̵n̵e̵_̵a̵p̵p̵l̵y̵]

Note: This linter can be disabled with `set_option linter.unusedSimpArgs false`
warning: JanusFormal/Branches/FundamentalGeometryPVariationalPrinciple/Gates/P0EFTJanusProgramPGlobalCandidateANormalBoundaryFiberSubstitution4D.lean:10244:41: This simp argument is unused:
  ContinuousMap.add_apply

Hint: Omit it from the simp argument list.
  simp only [BoundedContinuousFunction.add_apply,
  ̵  ̵ ̵ ̵BoundedContinuousFunction.sum_apply,
      BoundedContinuousFunction.mul_apply, ContinuousMap.a̵d̵d̵_̵a̵p̵p̵l̵y̵,̵
  ̵ ̵ ̵ ̵ ̵C̵o̵n̵t̵i̵n̵u̵o̵u̵sM̵a̵p̵.̵s̵um_apply, ContinuousMap.mul_apply]

Note: This linter can be disabled with `set_option linter.unusedSimpArgs false`
warning: JanusFormal/Branches/FundamentalGeometryPVariationalPrinciple/Gates/P0EFTJanusProgramPGlobalCandidateANormalBoundaryFiberSubstitution4D.lean:10245:4: This simp argument is unused:
  ContinuousMap.sum_apply

Hint: Omit it from the simp argument list.
  simp only [BoundedContinuousFunction.add_apply,
  ̵  ̵ ̵ ̵BoundedContinuousFunction.sum_apply,
      BoundedContinuousFunction.mul_apply, ContinuousMap.add_apply,
  ̵  ̵ ̵ ̵ContinuousMap.s̵u̵m_̵a̵p̵p̵l̵y̵,̵ ̵C̵o̵n̵t̵i̵n̵uo̵u̵s̵M̵a̵p̵.̵m̵u̵l_apply]

Note: This linter can be disabled with `set_option linter.unusedSimpArgs false`
warning: JanusFormal/Branches/FundamentalGeometryPVariationalPrinciple/Gates/P0EFTJanusProgramPGlobalCandidateANormalBoundaryFiberSubstitution4D.lean:10245:29: This simp argument is unused:
  ContinuousMap.mul_apply

Hint: Omit it from the simp argument list.
  simp only [BoundedContinuousFunction.add_apply, BoundedContinuousFunction.sum_apply,
      BoundedContinuousFunction.mul_apply, ContinuousMap.add_apply, C̵o̵n̵t̵i̵n̵u̵o̵u̵s̵M̵a̵p̵.̵s̵u̵m̵_̵a̵p̵p̵l̵y̵,̵ ̵C̵o̵n̵t̵i̵n̵u̵o̵u̵s̵M̵a̵p̵.̵m̵u̵l̵_̵a̵p̵p̵l̵y̵]̵C̲o̲n̲t̲i̲n̲u̲o̲u̲s̲M̲a̲p̲.̲s̲u̲m̲_̲a̲p̲p̲l̲y̲]̲

Note: This linter can be disabled with `set_option linter.unusedSimpArgs false`
warning: JanusFormal/Branches/FundamentalGeometryPVariationalPrinciple/Gates/P0EFTJanusProgramPGlobalCandidateANormalBoundaryFiberSubstitution4D.lean:11069:23: `ContinuousLinearMap.sum_apply` has been deprecated: Use `sum_apply` instead

Note: The updated constant is in a different namespace. Dot notation may need to be changed (e.g., from `x.sum_apply` to `sum_apply x`).
warning: JanusFormal/Branches/FundamentalGeometryPVariationalPrinciple/Gates/P0EFTJanusProgramPGlobalCandidateANormalBoundaryFiberSubstitution4D.lean:11070:4: `ContinuousLinearMap.smul_apply` has been deprecated: Use `smul_apply` instead

Note: The updated constant is in a different namespace. Dot notation may need to be changed (e.g., from `x.smul_apply` to `smul_apply x`).
warning: JanusFormal/Branches/FundamentalGeometryPVariationalPrinciple/Gates/P0EFTJanusProgramPGlobalCandidateANormalBoundaryFiberSubstitution4D.lean:11074:23: `ContinuousLinearMap.sum_apply` has been deprecated: Use `sum_apply` instead

Note: The updated constant is in a different namespace. Dot notation may need to be changed (e.g., from `x.sum_apply` to `sum_apply x`).
warning: JanusFormal/Branches/FundamentalGeometryPVariationalPrinciple/Gates/P0EFTJanusProgramPGlobalCandidateANormalBoundaryFiberSubstitution4D.lean:11075:4: `ContinuousLinearMap.smul_apply` has been deprecated: Use `smul_apply` instead

Note: The updated constant is in a different namespace. Dot notation may need to be changed (e.g., from `x.smul_apply` to `smul_apply x`).
warning: JanusFormal/Branches/FundamentalGeometryPVariationalPrinciple/Gates/P0EFTJanusProgramPGlobalCandidateANormalBoundaryFiberSubstitution4D.lean:11069:23: This simp argument is unused:
  ContinuousLinearMap.sum_apply

Hint: Omit it from the simp argument list.
  simp only [map_smul, C̵o̵n̵t̵i̵n̵u̵o̵u̵s̵L̵i̵n̵e̵a̵r̵M̵a̵p̵.̵s̵u̵m̵_̵a̵p̵p̵l̵y̵,̵ContinuousLinearMap.smul_apply, smul_eq_mul]

Note: This linter can be disabled with `set_option linter.unusedSimpArgs false`
warning: JanusFormal/Branches/FundamentalGeometryPVariationalPrinciple/Gates/P0EFTJanusProgramPGlobalCandidateANormalBoundaryFiberSubstitution4D.lean:11070:4: This simp argument is unused:
  ContinuousLinearMap.smul_apply

Hint: Omit it from the simp argument list.
  simp only [map_smul, ContinuousLinearMap.sum_apply, C̵o̵n̵t̵i̵n̵u̵o̵u̵s̵L̵i̵n̵e̵a̵r̵M̵a̵p̵.̵s̵m̵u̵l̵_̵a̵p̵p̵l̵y̵,̵ ̵smul_eq_mul]

Note: This linter can be disabled with `set_option linter.unusedSimpArgs false`
warning: JanusFormal/Branches/FundamentalGeometryPVariationalPrinciple/Gates/P0EFTJanusProgramPGlobalCandidateANormalBoundaryFiberSubstitution4D.lean:11076:4: This simp argument is unused:
  Finset.sum_mul

Hint: Omit it from the simp argument list.
  simp only [map_smul, ContinuousLinearMap.sum_apply, ContinuousLinearMap.smul_apply, smul_eq_mul,
  ̲  ̲ ̲ ̲F̵i̵n̵s̵e̵t̵.̵m̵u̵l̵_̵s̵u̵m̵,̵
  ̵ ̵ ̵ ̵ ̵F̵i̵n̵s̵e̵t̵.̵s̵u̵m̵_̵m̵u̵l̵]̵F̲i̲n̲s̲e̲t̲.̲m̲u̲l̲_̲s̲u̲m̲]̲

Note: This linter can be disabled with `set_option linter.unusedSimpArgs false`
warning: JanusFormal/Branches/FundamentalGeometryPVariationalPrinciple/Gates/P0EFTJanusProgramPGlobalCandidateANormalBoundaryFiberSubstitution4D.lean:11160:32: `ContinuousLinearMap.sum_apply` has been deprecated: Use `sum_apply` instead

Note: The updated constant is in a different namespace. Dot notation may need to be changed (e.g., from `x.sum_apply` to `sum_apply x`).
warning: JanusFormal/Branches/FundamentalGeometryPVariationalPrinciple/Gates/P0EFTJanusProgramPGlobalCandidateANormalBoundaryFiberSubstitution4D.lean:11161:4: `ContinuousLinearMap.smul_apply` has been deprecated: Use `smul_apply` instead

Note: The updated constant is in a different namespace. Dot notation may need to be changed (e.g., from `x.smul_apply` to `smul_apply x`).
warning: JanusFormal/Branches/FundamentalGeometryPVariationalPrinciple/Gates/P0EFTJanusProgramPGlobalCandidateANormalBoundaryFiberSubstitution4D.lean:11162:20: This simp argument is unused:
  Finset.sum_mul

Hint: Omit it from the simp argument list.
  simp only [map_sum, map_smul, ContinuousLinearMap.sum_apply, ContinuousLinearMap.smul_apply,
  ̲  ̲ ̲ ̲smul_eq_mul, F̵i̵n̵s̵e̵t̵.̵m̵u̵l̵_̵s̵u̵m̵,̵ ̵F̵i̵n̵s̵e̵t̵.̵s̵u̵m̵_̵m̵u̵l̵]̵F̲i̲n̲s̲e̲t̲.̲m̲u̲l̲_̲s̲u̲m̲]̲

Note: This linter can be disabled with `set_option linter.unusedSimpArgs false`
warning: JanusFormal/Branches/FundamentalGeometryPVariationalPrinciple/Gates/P0EFTJanusProgramPGlobalCandidateANormalBoundaryFiberSubstitution4D.lean:11207:27: Used `tac1 <;> tac2` where `(tac1; tac2)` would suffice

Note: This linter can be disabled with `set_option linter.unnecessarySeqFocus false`
warning: JanusFormal/Branches/FundamentalGeometryPVariationalPrinciple/Gates/P0EFTJanusProgramPGlobalCandidateANormalBoundaryFiberSubstitution4D.lean:11300:33: 'rfl' tactic does nothing

Note: This linter can be disabled with `set_option linter.unusedTactic false`
warning: JanusFormal/Branches/FundamentalGeometryPVariationalPrinciple/Gates/P0EFTJanusProgramPGlobalCandidateANormalBoundaryFiberSubstitution4D.lean:11300:33: this tactic is never executed

Note: This linter can be disabled with `set_option linter.unreachableTactic false`
warning: JanusFormal/Branches/FundamentalGeometryPVariationalPrinciple/Gates/P0EFTJanusProgramPGlobalCandidateANormalBoundaryFiberSubstitution4D.lean:11680:22: `ContinuousLinearMap.sub_apply` has been deprecated: Use `sub_apply` instead

Note: The updated constant is in a different namespace. Dot notation may need to be changed (e.g., from `x.sub_apply` to `sub_apply x`).
warning: JanusFormal/Branches/FundamentalGeometryPVariationalPrinciple/Gates/P0EFTJanusProgramPGlobalCandidateANormalBoundaryFiberSubstitution4D.lean:13455:32: `ContinuousLinearMap.sum_apply` has been deprecated: Use `sum_apply` instead

Note: The updated constant is in a different namespace. Dot notation may need to be changed (e.g., from `x.sum_apply` to `sum_apply x`).
warning: JanusFormal/Branches/FundamentalGeometryPVariationalPrinciple/Gates/P0EFTJanusProgramPGlobalCandidateANormalBoundaryFiberSubstitution4D.lean:13456:4: `ContinuousLinearMap.smul_apply` has been deprecated: Use `smul_apply` instead

Note: The updated constant is in a different namespace. Dot notation may need to be changed (e.g., from `x.smul_apply` to `smul_apply x`).
warning: JanusFormal/Branches/FundamentalGeometryPVariationalPrinciple/Gates/P0EFTJanusProgramPGlobalCandidateANormalBoundaryFiberSubstitution4D.lean:13457:20: This simp argument is unused:
  Finset.sum_mul

Hint: Omit it from the simp argument list.
  simp only [map_sum, map_smul, ContinuousLinearMap.sum_apply, ContinuousLinearMap.smul_apply,
  ̲  ̲ ̲ ̲smul_eq_mul, F̵i̵n̵s̵e̵t̵.̵m̵u̵l̵_̵s̵u̵m̵,̵ ̵F̵i̵n̵s̵e̵t̵.̵s̵u̵m̵_̵m̵u̵l̵]̵F̲i̲n̲s̲e̲t̲.̲m̲u̲l̲_̲s̲u̲m̲]̲

Note: This linter can be disabled with `set_option linter.unusedSimpArgs false`
warning: JanusFormal/Branches/FundamentalGeometryPVariationalPrinciple/Gates/P0EFTJanusProgramPGlobalCandidateANormalBoundaryFiberSubstitution4D.lean:13505:27: Used `tac1 <;> tac2` where `(tac1; tac2)` would suffice

Note: This linter can be disabled with `set_option linter.unnecessarySeqFocus false`
warning: JanusFormal/Branches/FundamentalGeometryPVariationalPrinciple/Gates/P0EFTJanusProgramPGlobalCandidateANormalBoundaryFiberSubstitution4D.lean:13634:33: 'rfl' tactic does nothing

Note: This linter can be disabled with `set_option linter.unusedTactic false`
warning: JanusFormal/Branches/FundamentalGeometryPVariationalPrinciple/Gates/P0EFTJanusProgramPGlobalCandidateANormalBoundaryFiberSubstitution4D.lean:13634:33: this tactic is never executed

Note: This linter can be disabled with `set_option linter.unreachableTactic false`
warning: JanusFormal/Branches/FundamentalGeometryPVariationalPrinciple/Gates/P0EFTJanusProgramPGlobalCandidateANormalBoundaryFiberSubstitution4D.lean:13657:29: Used `tac1 <;> tac2` where `(tac1; tac2)` would suffice

Note: This linter can be disabled with `set_option linter.unnecessarySeqFocus false`
warning: JanusFormal/Branches/FundamentalGeometryPVariationalPrinciple/Gates/P0EFTJanusProgramPGlobalCandidateANormalBoundaryFiberSubstitution4D.lean:13950:23: `ContinuousLinearMap.sum_apply` has been deprecated: Use `sum_apply` instead

Note: The updated constant is in a different namespace. Dot notation may need to be changed (e.g., from `x.sum_apply` to `sum_apply x`).
warning: JanusFormal/Branches/FundamentalGeometryPVariationalPrinciple/Gates/P0EFTJanusProgramPGlobalCandidateANormalBoundaryFiberSubstitution4D.lean:13951:4: `ContinuousLinearMap.smul_apply` has been deprecated: Use `smul_apply` instead

Note: The updated constant is in a different namespace. Dot notation may need to be changed (e.g., from `x.smul_apply` to `smul_apply x`).
warning: JanusFormal/Branches/FundamentalGeometryPVariationalPrinciple/Gates/P0EFTJanusProgramPGlobalCandidateANormalBoundaryFiberSubstitution4D.lean:13955:23: `ContinuousLinearMap.sum_apply` has been deprecated: Use `sum_apply` instead

Note: The updated constant is in a different namespace. Dot notation may need to be changed (e.g., from `x.sum_apply` to `sum_apply x`).
warning: JanusFormal/Branches/FundamentalGeometryPVariationalPrinciple/Gates/P0EFTJanusProgramPGlobalCandidateANormalBoundaryFiberSubstitution4D.lean:13956:4: `ContinuousLinearMap.smul_apply` has been deprecated: Use `smul_apply` instead

Note: The updated constant is in a different namespace. Dot notation may need to be changed (e.g., from `x.smul_apply` to `smul_apply x`).
warning: JanusFormal/Branches/FundamentalGeometryPVariationalPrinciple/Gates/P0EFTJanusProgramPGlobalCandidateANormalBoundaryFiberSubstitution4D.lean:13950:23: This simp argument is unused:
  ContinuousLinearMap.sum_apply

Hint: Omit it from the simp argument list.
  simp only [map_smul, C̵o̵n̵t̵i̵n̵u̵o̵u̵s̵L̵i̵n̵e̵a̵r̵M̵a̵p̵.̵s̵u̵m̵_̵a̵p̵p̵l̵y̵,̵ContinuousLinearMap.smul_apply, smul_eq_mul]

Note: This linter can be disabled with `set_option linter.unusedSimpArgs false`
warning: JanusFormal/Branches/FundamentalGeometryPVariationalPrinciple/Gates/P0EFTJanusProgramPGlobalCandidateANormalBoundaryFiberSubstitution4D.lean:13951:4: This simp argument is unused:
  ContinuousLinearMap.smul_apply

Hint: Omit it from the simp argument list.
  simp only [map_smul, ContinuousLinearMap.sum_apply, C̵o̵n̵t̵i̵n̵u̵o̵u̵s̵L̵i̵n̵e̵a̵r̵M̵a̵p̵.̵s̵m̵u̵l̵_̵a̵p̵p̵l̵y̵,̵ ̵smul_eq_mul]

Note: This linter can be disabled with `set_option linter.unusedSimpArgs false`
warning: JanusFormal/Branches/FundamentalGeometryPVariationalPrinciple/Gates/P0EFTJanusProgramPGlobalCandidateANormalBoundaryFiberSubstitution4D.lean:13957:4: This simp argument is unused:
  Finset.sum_mul

Hint: Omit it from the simp argument list.
  simp only [map_smul, ContinuousLinearMap.sum_apply, ContinuousLinearMap.smul_apply, smul_eq_mul,
  ̲  ̲ ̲ ̲F̵i̵n̵s̵e̵t̵.̵m̵u̵l̵_̵s̵u̵m̵,̵
  ̵ ̵ ̵ ̵ ̵F̵i̵n̵s̵e̵t̵.̵s̵u̵m̵_̵m̵u̵l̵]̵F̲i̲n̲s̲e̲t̲.̲m̲u̲l̲_̲s̲u̲m̲]̲

Note: This linter can be disabled with `set_option linter.unusedSimpArgs false`
warning: JanusFormal/Branches/FundamentalGeometryPVariationalPrinciple/Gates/P0EFTJanusProgramPGlobalCandidateANormalBoundaryFiberSubstitution4D.lean:14193:23: `ContinuousLinearMap.sum_apply` has been deprecated: Use `sum_apply` instead

Note: The updated constant is in a different namespace. Dot notation may need to be changed (e.g., from `x.sum_apply` to `sum_apply x`).
warning: JanusFormal/Branches/FundamentalGeometryPVariationalPrinciple/Gates/P0EFTJanusProgramPGlobalCandidateANormalBoundaryFiberSubstitution4D.lean:14194:4: `ContinuousLinearMap.smul_apply` has been deprecated: Use `smul_apply` instead

Note: The updated constant is in a different namespace. Dot notation may need to be changed (e.g., from `x.smul_apply` to `smul_apply x`).
warning: JanusFormal/Branches/FundamentalGeometryPVariationalPrinciple/Gates/P0EFTJanusProgramPGlobalCandidateANormalBoundaryFiberSubstitution4D.lean:14200:23: `ContinuousLinearMap.sum_apply` has been deprecated: Use `sum_apply` instead

Note: The updated constant is in a different namespace. Dot notation may need to be changed (e.g., from `x.sum_apply` to `sum_apply x`).
warning: JanusFormal/Branches/FundamentalGeometryPVariationalPrinciple/Gates/P0EFTJanusProgramPGlobalCandidateANormalBoundaryFiberSubstitution4D.lean:14201:4: `ContinuousLinearMap.smul_apply` has been deprecated: Use `smul_apply` instead

Note: The updated constant is in a different namespace. Dot notation may need to be changed (e.g., from `x.smul_apply` to `smul_apply x`).
warning: JanusFormal/Branches/FundamentalGeometryPVariationalPrinciple/Gates/P0EFTJanusProgramPGlobalCandidateANormalBoundaryFiberSubstitution4D.lean:14193:23: This simp argument is unused:
  ContinuousLinearMap.sum_apply

Hint: Omit it from the simp argument list.
  simp only [map_smul, C̵o̵n̵t̵i̵n̵u̵o̵u̵s̵L̵i̵n̵e̵a̵r̵M̵a̵p̵.̵s̵u̵m̵_̵a̵p̵p̵l̵y̵,̵ContinuousLinearMap.smul_apply, smul_eq_mul]

Note: This linter can be disabled with `set_option linter.unusedSimpArgs false`
warning: JanusFormal/Branches/FundamentalGeometryPVariationalPrinciple/Gates/P0EFTJanusProgramPGlobalCandidateANormalBoundaryFiberSubstitution4D.lean:14194:4: This simp argument is unused:
  ContinuousLinearMap.smul_apply

Hint: Omit it from the simp argument list.
  simp only [map_smul, ContinuousLinearMap.sum_apply, C̵o̵n̵t̵i̵n̵u̵o̵u̵s̵L̵i̵n̵e̵a̵r̵M̵a̵p̵.̵s̵m̵u̵l̵_̵a̵p̵p̵l̵y̵,̵ ̵smul_eq_mul]

Note: This linter can be disabled with `set_option linter.unusedSimpArgs false`
warning: JanusFormal/Branches/FundamentalGeometryPVariationalPrinciple/Gates/P0EFTJanusProgramPGlobalCandidateANormalBoundaryFiberSubstitution4D.lean:14202:4: This simp argument is unused:
  Finset.sum_mul

Hint: Omit it from the simp argument list.
  simp only [map_smul, ContinuousLinearMap.sum_apply, ContinuousLinearMap.smul_apply, smul_eq_mul,
  ̲  ̲ ̲ ̲F̵i̵n̵s̵e̵t̵.̵m̵u̵l̵_̵s̵u̵m̵,̵
  ̵ ̵ ̵ ̵ ̵F̵i̵n̵s̵e̵t̵.̵s̵u̵m̵_̵m̵u̵l̵]̵F̲i̲n̲s̲e̲t̲.̲m̲u̲l̲_̲s̲u̲m̲]̲

Note: This linter can be disabled with `set_option linter.unusedSimpArgs false`
warning: JanusFormal/Branches/FundamentalGeometryPVariationalPrinciple/Gates/P0EFTJanusProgramPGlobalCandidateANormalBoundaryFiberSubstitution4D.lean:14238:23: `ContinuousLinearMap.smul_apply` has been deprecated: Use `smul_apply` instead

Note: The updated constant is in a different namespace. Dot notation may need to be changed (e.g., from `x.smul_apply` to `smul_apply x`).
⚠ [9487/9520] Replayed JanusFormal.Branches.FundamentalGeometryPVariationalPrinciple.Gates.P0EFTJanusProgramPGlobalCandidateANormalBoundaryHistoricalGaussPairing4D
warning: JanusFormal/Branches/FundamentalGeometryPVariationalPrinciple/Gates/P0EFTJanusProgramPGlobalCandidateANormalBoundaryHistoricalGaussPairing4D.lean:153:25: `ContinuousLinearMap.sum_apply` has been deprecated: Use `sum_apply` instead

Note: The updated constant is in a different namespace. Dot notation may need to be changed (e.g., from `x.sum_apply` to `sum_apply x`).
warning: JanusFormal/Branches/FundamentalGeometryPVariationalPrinciple/Gates/P0EFTJanusProgramPGlobalCandidateANormalBoundaryHistoricalGaussPairing4D.lean:154:6: `ContinuousLinearMap.smul_apply` has been deprecated: Use `smul_apply` instead

Note: The updated constant is in a different namespace. Dot notation may need to be changed (e.g., from `x.smul_apply` to `smul_apply x`).
warning: JanusFormal/Branches/FundamentalGeometryPVariationalPrinciple/Gates/P0EFTJanusProgramPGlobalCandidateANormalBoundaryHistoricalGaussPairing4D.lean:158:25: `ContinuousLinearMap.sum_apply` has been deprecated: Use `sum_apply` instead

Note: The updated constant is in a different namespace. Dot notation may need to be changed (e.g., from `x.sum_apply` to `sum_apply x`).
warning: JanusFormal/Branches/FundamentalGeometryPVariationalPrinciple/Gates/P0EFTJanusProgramPGlobalCandidateANormalBoundaryHistoricalGaussPairing4D.lean:159:6: `ContinuousLinearMap.smul_apply` has been deprecated: Use `smul_apply` instead

Note: The updated constant is in a different namespace. Dot notation may need to be changed (e.g., from `x.smul_apply` to `smul_apply x`).
warning: JanusFormal/Branches/FundamentalGeometryPVariationalPrinciple/Gates/P0EFTJanusProgramPGlobalCandidateANormalBoundaryHistoricalGaussPairing4D.lean:153:25: This simp argument is unused:
  ContinuousLinearMap.sum_apply

Hint: Omit it from the simp argument list.
  simp only [map_smul, C̵o̵n̵t̵i̵n̵u̵o̵u̵s̵L̵i̵n̵e̵a̵r̵M̵a̵p̵.̵s̵u̵m̵_̵a̵p̵p̵l̵y̵,̵ContinuousLinearMap.smul_apply, smul_eq_mul]

Note: This linter can be disabled with `set_option linter.unusedSimpArgs false`
warning: JanusFormal/Branches/FundamentalGeometryPVariationalPrinciple/Gates/P0EFTJanusProgramPGlobalCandidateANormalBoundaryHistoricalGaussPairing4D.lean:154:6: This simp argument is unused:
  ContinuousLinearMap.smul_apply

Hint: Omit it from the simp argument list.
  simp only [map_smul, ContinuousLinearMap.sum_apply, C̵o̵n̵t̵i̵n̵u̵o̵u̵s̵L̵i̵n̵e̵a̵r̵M̵a̵p̵.̵s̵m̵u̵l̵_̵a̵p̵p̵l̵y̵,̵ ̵smul_eq_mul]

Note: This linter can be disabled with `set_option linter.unusedSimpArgs false`
warning: JanusFormal/Branches/FundamentalGeometryPVariationalPrinciple/Gates/P0EFTJanusProgramPGlobalCandidateANormalBoundaryHistoricalGaussPairing4D.lean:160:6: This simp argument is unused:
  Finset.sum_mul

Hint: Omit it from the simp argument list.
  simp only [map_smul, ContinuousLinearMap.sum_apply, ContinuousLinearMap.smul_apply, smul_eq_mul,
  ̲  ̲ ̲ ̲ ̲ ̲F̵i̵n̵s̵e̵t̵.̵m̵u̵l̵_̵s̵u̵m̵,̵
  ̵ ̵ ̵ ̵ ̵ ̵ ̵F̵i̵n̵s̵e̵t̵.̵s̵u̵m̵_̵m̵u̵l̵]̵F̲i̲n̲s̲e̲t̲.̲m̲u̲l̲_̲s̲u̲m̲]̲

Note: This linter can be disabled with `set_option linter.unusedSimpArgs false`
⚠ [9489/9520] Replayed JanusFormal.Branches.FundamentalGeometryPVariationalPrinciple.Gates.P0EFTJanusProgramPGlobalCandidateANormalBoundarySmoothActualMetric4D
warning: JanusFormal/Branches/FundamentalGeometryPVariationalPrinciple/Gates/P0EFTJanusProgramPGlobalCandidateANormalBoundarySmoothActualMetric4D.lean:297:2: 'change _ = variedMetric.tensor.tensor point (metric.frame row point) (metric.frame column point)' tactic does nothing

Note: This linter can be disabled with `set_option linter.unusedTactic false`
⚠ [9497/9520] Replayed JanusFormal.Branches.FundamentalGeometryPVariationalPrinciple.Gates.P0EFTJanusProgramPGlobalCandidateANormalBoundarySmoothOrthogonality4D
warning: JanusFormal/Branches/FundamentalGeometryPVariationalPrinciple/Gates/P0EFTJanusProgramPGlobalCandidateANormalBoundarySmoothOrthogonality4D.lean:180:23: `ContinuousLinearMap.sum_apply` has been deprecated: Use `sum_apply` instead

Note: The updated constant is in a different namespace. Dot notation may need to be changed (e.g., from `x.sum_apply` to `sum_apply x`).
warning: JanusFormal/Branches/FundamentalGeometryPVariationalPrinciple/Gates/P0EFTJanusProgramPGlobalCandidateANormalBoundarySmoothOrthogonality4D.lean:181:4: `ContinuousLinearMap.smul_apply` has been deprecated: Use `smul_apply` instead

Note: The updated constant is in a different namespace. Dot notation may need to be changed (e.g., from `x.smul_apply` to `smul_apply x`).
warning: JanusFormal/Branches/FundamentalGeometryPVariationalPrinciple/Gates/P0EFTJanusProgramPGlobalCandidateANormalBoundarySmoothOrthogonality4D.lean:389:27: `ContinuousLinearMap.sum_apply` has been deprecated: Use `sum_apply` instead

Note: The updated constant is in a different namespace. Dot notation may need to be changed (e.g., from `x.sum_apply` to `sum_apply x`).
warning: JanusFormal/Branches/FundamentalGeometryPVariationalPrinciple/Gates/P0EFTJanusProgramPGlobalCandidateANormalBoundarySmoothOrthogonality4D.lean:390:8: `ContinuousLinearMap.smul_apply` has been deprecated: Use `smul_apply` instead

Note: The updated constant is in a different namespace. Dot notation may need to be changed (e.g., from `x.smul_apply` to `smul_apply x`).
warning: JanusFormal/Branches/FundamentalGeometryPVariationalPrinciple/Gates/P0EFTJanusProgramPGlobalCandidateANormalBoundarySmoothOrthogonality4D.lean:394:27: `ContinuousLinearMap.sum_apply` has been deprecated: Use `sum_apply` instead

Note: The updated constant is in a different namespace. Dot notation may need to be changed (e.g., from `x.sum_apply` to `sum_apply x`).
warning: JanusFormal/Branches/FundamentalGeometryPVariationalPrinciple/Gates/P0EFTJanusProgramPGlobalCandidateANormalBoundarySmoothOrthogonality4D.lean:395:8: `ContinuousLinearMap.smul_apply` has been deprecated: Use `smul_apply` instead

Note: The updated constant is in a different namespace. Dot notation may need to be changed (e.g., from `x.smul_apply` to `smul_apply x`).
warning: JanusFormal/Branches/FundamentalGeometryPVariationalPrinciple/Gates/P0EFTJanusProgramPGlobalCandidateANormalBoundarySmoothOrthogonality4D.lean:416:25: `ContinuousLinearMap.smul_apply` has been deprecated: Use `smul_apply` instead

Note: The updated constant is in a different namespace. Dot notation may need to be changed (e.g., from `x.smul_apply` to `smul_apply x`).
warning: JanusFormal/Branches/FundamentalGeometryPVariationalPrinciple/Gates/P0EFTJanusProgramPGlobalCandidateANormalBoundarySmoothOrthogonality4D.lean:436:25: `ContinuousLinearMap.sum_apply` has been deprecated: Use `sum_apply` instead

Note: The updated constant is in a different namespace. Dot notation may need to be changed (e.g., from `x.sum_apply` to `sum_apply x`).
warning: JanusFormal/Branches/FundamentalGeometryPVariationalPrinciple/Gates/P0EFTJanusProgramPGlobalCandidateANormalBoundarySmoothOrthogonality4D.lean:437:6: `ContinuousLinearMap.smul_apply` has been deprecated: Use `smul_apply` instead

Note: The updated constant is in a different namespace. Dot notation may need to be changed (e.g., from `x.smul_apply` to `smul_apply x`).
warning: JanusFormal/Branches/FundamentalGeometryPVariationalPrinciple/Gates/P0EFTJanusProgramPGlobalCandidateANormalBoundarySmoothOrthogonality4D.lean:441:25: `ContinuousLinearMap.sum_apply` has been deprecated: Use `sum_apply` instead

Note: The updated constant is in a different namespace. Dot notation may need to be changed (e.g., from `x.sum_apply` to `sum_apply x`).
warning: JanusFormal/Branches/FundamentalGeometryPVariationalPrinciple/Gates/P0EFTJanusProgramPGlobalCandidateANormalBoundarySmoothOrthogonality4D.lean:442:6: `ContinuousLinearMap.smul_apply` has been deprecated: Use `smul_apply` instead

Note: The updated constant is in a different namespace. Dot notation may need to be changed (e.g., from `x.smul_apply` to `smul_apply x`).
warning: JanusFormal/Branches/FundamentalGeometryPVariationalPrinciple/Gates/P0EFTJanusProgramPGlobalCandidateANormalBoundarySmoothOrthogonality4D.lean:389:27: This simp argument is unused:
  ContinuousLinearMap.sum_apply

Hint: Omit it from the simp argument list.
  simp only [map_smul, C̵o̵n̵t̵i̵n̵u̵o̵u̵s̵L̵i̵n̵e̵a̵r̵M̵a̵p̵.̵s̵u̵m̵_̵a̵p̵p̵l̵y̵,̵ContinuousLinearMap.smul_apply, smul_eq_mul]

Note: This linter can be disabled with `set_option linter.unusedSimpArgs false`
warning: JanusFormal/Branches/FundamentalGeometryPVariationalPrinciple/Gates/P0EFTJanusProgramPGlobalCandidateANormalBoundarySmoothOrthogonality4D.lean:390:8: This simp argument is unused:
  ContinuousLinearMap.smul_apply

Hint: Omit it from the simp argument list.
  simp only [map_smul, ContinuousLinearMap.sum_apply, C̵o̵n̵t̵i̵n̵u̵o̵u̵s̵L̵i̵n̵e̵a̵r̵M̵a̵p̵.̵s̵m̵u̵l̵_̵a̵p̵p̵l̵y̵,̵ ̵smul_eq_mul]

Note: This linter can be disabled with `set_option linter.unusedSimpArgs false`
warning: JanusFormal/Branches/FundamentalGeometryPVariationalPrinciple/Gates/P0EFTJanusProgramPGlobalCandidateANormalBoundarySmoothOrthogonality4D.lean:396:8: This simp argument is unused:
  Finset.sum_mul

Hint: Omit it from the simp argument list.
  simp only [map_smul, ContinuousLinearMap.sum_apply, ContinuousLinearMap.smul_apply,
  ̲  ̲ ̲ ̲ ̲ ̲ ̲ ̲smul_eq_mul, F̵i̵n̵s̵e̵t̵.̵m̵u̵l̵_̵s̵u̵m̵,̵
  ̵ ̵ ̵ ̵ ̵ ̵ ̵ ̵ ̵F̵i̵n̵s̵e̵t̵.̵s̵u̵m̵_̵m̵u̵l̵]̵F̲i̲n̲s̲e̲t̲.̲m̲u̲l̲_̲s̲u̲m̲]̲

Note: This linter can be disabled with `set_option linter.unusedSimpArgs false`
warning: JanusFormal/Branches/FundamentalGeometryPVariationalPrinciple/Gates/P0EFTJanusProgramPGlobalCandidateANormalBoundarySmoothOrthogonality4D.lean:436:25: This simp argument is unused:
  ContinuousLinearMap.sum_apply

Hint: Omit it from the simp argument list.
  simp only [map_smul, C̵o̵n̵t̵i̵n̵u̵o̵u̵s̵L̵i̵n̵e̵a̵r̵M̵a̵p̵.̵s̵u̵m̵_̵a̵p̵p̵l̵y̵,̵ContinuousLinearMap.smul_apply, smul_eq_mul]

Note: This linter can be disabled with `set_option linter.unusedSimpArgs false`
warning: JanusFormal/Branches/FundamentalGeometryPVariationalPrinciple/Gates/P0EFTJanusProgramPGlobalCandidateANormalBoundarySmoothOrthogonality4D.lean:437:6: This simp argument is unused:
  ContinuousLinearMap.smul_apply

Hint: Omit it from the simp argument list.
  simp only [map_smul, ContinuousLinearMap.sum_apply, C̵o̵n̵t̵i̵n̵u̵o̵u̵s̵L̵i̵n̵e̵a̵r̵M̵a̵p̵.̵s̵m̵u̵l̵_̵a̵p̵p̵l̵y̵,̵ ̵smul_eq_mul]

Note: This linter can be disabled with `set_option linter.unusedSimpArgs false`
warning: JanusFormal/Branches/FundamentalGeometryPVariationalPrinciple/Gates/P0EFTJanusProgramPGlobalCandidateANormalBoundarySmoothOrthogonality4D.lean:443:6: This simp argument is unused:
  Finset.sum_mul

Hint: Omit it from the simp argument list.
  simp only [map_smul, ContinuousLinearMap.sum_apply, ContinuousLinearMap.smul_apply, smul_eq_mul,
  ̲  ̲ ̲ ̲ ̲ ̲F̵i̵n̵s̵e̵t̵.̵m̵u̵l̵_̵s̵u̵m̵,̵
  ̵ ̵ ̵ ̵ ̵ ̵ ̵F̵i̵n̵s̵e̵t̵.̵s̵u̵m̵_̵m̵u̵l̵]̵F̲i̲n̲s̲e̲t̲.̲m̲u̲l̲_̲s̲u̲m̲]̲

Note: This linter can be disabled with `set_option linter.unusedSimpArgs false`
⚠ [9498/9520] Replayed JanusFormal.Branches.FundamentalGeometryPVariationalPrinciple.Gates.P0EFTJanusProgramPGlobalCandidateANormalBoundaryDifferentiatedOrthogonality4D
warning: JanusFormal/Branches/FundamentalGeometryPVariationalPrinciple/Gates/P0EFTJanusProgramPGlobalCandidateANormalBoundaryDifferentiatedOrthogonality4D.lean:333:38: 'ring' tactic does nothing

Note: This linter can be disabled with `set_option linter.unusedTactic false`
warning: JanusFormal/Branches/FundamentalGeometryPVariationalPrinciple/Gates/P0EFTJanusProgramPGlobalCandidateANormalBoundaryDifferentiatedOrthogonality4D.lean:333:38: this tactic is never executed

Note: This linter can be disabled with `set_option linter.unreachableTactic false`
✖ [9500/9520] Building JanusFormal.Branches.FundamentalGeometryPVariationalPrinciple.Gates.P0EFTJanusProgramPGlobalCandidateANormalBoundaryCompletedGaussWeingartenReduction4D (17s)
trace: .> LEAN_PATH=C:\Users\alzie\Documents\Janus\.lake\packages\Cli\.lake\build\lib\lean;C:\Users\alzie\Documents\Janus\.lake\packages\batteries\.lake\build\lib\lean;C:\Users\alzie\Documents\Janus\.lake\packages\Qq\.lake\build\lib\lean;C:\Users\alzie\Documents\Janus\.lake\packages\aesop\.lake\build\lib\lean;C:\Users\alzie\Documents\Janus\.lake\packages\proofwidgets\.lake\build\lib\lean;C:\Users\alzie\Documents\Janus\.lake\packages\importGraph\.lake\build\lib\lean;C:\Users\alzie\Documents\Janus\.lake\packages\LeanSearchClient\.lake\build\lib\lean;C:\Users\alzie\Documents\Janus\.lake\packages\plausible\.lake\build\lib\lean;C:\Users\alzie\Documents\Janus\.lake\packages\mathlib\.lake\build\lib\lean;C:\Users\alzie\Documents\Janus\.b\l c:\Users\alzie\.elan\toolchains\leanprover--lean4---v4.31.0\bin\lean.exe -DmaxHeartbeats=800000 C:\Users\alzie\Documents\Janus\JanusFormal\Branches\FundamentalGeometryPVariationalPrinciple\Gates\P0EFTJanusProgramPGlobalCandidateANormalBoundaryCompletedGaussWeingartenReduction4D.lean -o C:\Users\alzie\Documents\Janus\.b\l\JanusFormal\Branches\FundamentalGeometryPVariationalPrinciple\Gates\P0EFTJanusProgramPGlobalCandidateANormalBoundaryCompletedGaussWeingartenReduction4D.olean -i C:\Users\alzie\Documents\Janus\.b\l\JanusFormal\Branches\FundamentalGeometryPVariationalPrinciple\Gates\P0EFTJanusProgramPGlobalCandidateANormalBoundaryCompletedGaussWeingartenReduction4D.ilean -c C:\Users\alzie\Documents\Janus\.b\i\JanusFormal\Branches\FundamentalGeometryPVariationalPrinciple\Gates\P0EFTJanusProgramPGlobalCandidateANormalBoundaryCompletedGaussWeingartenReduction4D.c --setup C:\Users\alzie\Documents\Janus\.b\i\JanusFormal\Branches\FundamentalGeometryPVariationalPrinciple\Gates\P0EFTJanusProgramPGlobalCandidateANormalBoundaryCompletedGaussWeingartenReduction4D.setup.json --json
error: JanusFormal/Branches/FundamentalGeometryPVariationalPrinciple/Gates/P0EFTJanusProgramPGlobalCandidateANormalBoundaryCompletedGaussWeingartenReduction4D.lean:97:20: Unknown identifier `SmoothGeneralLorentzMetric`

Note: It is not possible to treat `SmoothGeneralLorentzMetric` as an implicitly bound variable here because the `autoImplicit` option is set to `false`.
error: JanusFormal/Branches/FundamentalGeometryPVariationalPrinciple/Gates/P0EFTJanusProgramPGlobalCandidateANormalBoundaryCompletedGaussWeingartenReduction4D.lean:109:6: Unknown identifier `finiteSmoothThroatGeneratingFrame`
error: JanusFormal/Branches/FundamentalGeometryPVariationalPrinciple/Gates/P0EFTJanusProgramPGlobalCandidateANormalBoundaryCompletedGaussWeingartenReduction4D.lean:119:20: Unknown identifier `SmoothGeneralLorentzMetric`

Note: It is not possible to treat `SmoothGeneralLorentzMetric` as an implicitly bound variable here because the `autoImplicit` option is set to `false`.
error: JanusFormal/Branches/FundamentalGeometryPVariationalPrinciple/Gates/P0EFTJanusProgramPGlobalCandidateANormalBoundaryCompletedGaussWeingartenReduction4D.lean:143:12: Unknown identifier `regularGeneralMetricC0MetricFirstDerivative`
error: JanusFormal/Branches/FundamentalGeometryPVariationalPrinciple/Gates/P0EFTJanusProgramPGlobalCandidateANormalBoundaryCompletedGaussWeingartenReduction4D.lean:166:20: Unknown identifier `SmoothGeneralLorentzMetric`

Note: It is not possible to treat `SmoothGeneralLorentzMetric` as an implicitly bound variable here because the `autoImplicit` option is set to `false`.
error: JanusFormal/Branches/FundamentalGeometryPVariationalPrinciple/Gates/P0EFTJanusProgramPGlobalCandidateANormalBoundaryCompletedGaussWeingartenReduction4D.lean:207:20: Unknown identifier `SmoothGeneralLorentzMetric`

Note: It is not possible to treat `SmoothGeneralLorentzMetric` as an implicitly bound variable here because the `autoImplicit` option is set to `false`.
error: JanusFormal/Branches/FundamentalGeometryPVariationalPrinciple/Gates/P0EFTJanusProgramPGlobalCandidateANormalBoundaryCompletedGaussWeingartenReduction4D.lean:239:22: unsolved goals
period : ℝ
hPeriod : period ≠ 0
metric : RegularGeneralLorentzMetric period hPeriod
hTransverse : HasNoTangentialRadical period hPeriod metric.metric
tensor : SmoothSymmetricCovariantTwoTensor period hPeriod
variedMetric : sorry
hVaried : sorry = metric.metric.tensor + tensor
displacement : SmoothNormalDisplacement period hPeriod
parameter : ℝ
hNonNull : NormalGraphNonNullAt period hPeriod sorry displacement parameter
hCurrent :
  ((smoothToCandidateANormalBoundaryFunctionalCore period hPeriod metric) (tensor, displacement), parameter) ∈
    candidateANormalBoundaryMetricNormalRootDomain period hPeriod metric
outer inner : NormalBoundaryTangentIndex period hPeriod
boundary : CutThroatBoundary period hPeriod
patch : SmoothHolonomicFrameChart4 period hPeriod
coordinate : P0EFTJanusMetricCoupledScalarMatterJetVariation.Vector4
hAt : patch.coordinateMap coordinate = normalGraphOrientationDouble period hPeriod displacement (boundary, parameter)
hRootNonneg :
  0 ≤
    (candidateANormalBoundaryMetricNormalRelativeRootFiberEvaluation period hPeriod metric
        ((smoothToCandidateANormalBoundaryFunctionalCore period hPeriod metric) (tensor, displacement), parameter))
      boundary
hDifferentiatedOrthogonality :
  candidateANormalBoundaryHistoricalDifferentiatedOrthogonalityAt period hPeriod metric tensor variedMetric displacement
    parameter hNonNull outer inner boundary
current : CandidateANormalBoundaryFunctionalCore period hPeriod metric × ℝ :=
  ((smoothToCandidateANormalBoundaryFunctionalCore period hPeriod metric) (tensor, displacement), parameter)
hMetricSymmetric :
  ∀ (row column : Fin 4),
    (candidateANormalBoundaryActualMetricMatrixFiberEvaluation period hPeriod metric current row column) boundary =
      (candidateANormalBoundaryActualMetricMatrixFiberEvaluation period hPeriod metric current column row) boundary
hZero :
  ∑ row,
      ∑ column,
        (candidateANormalBoundaryHistoricalUnitNormalRegularFrameSpatialDerivativeCoefficient period hPeriod metric
                  variedMetric displacement parameter hNonNull outer row boundary *
                (candidateANormalBoundaryActualMetricMatrixFiberEvaluation period hPeriod metric current row column)
                  boundary *
              (candidateANormalBoundaryGraphTangentRegularFrameCoefficientFiberEvaluation period hPeriod metric inner
                  column current)
                boundary +
            (candidateANormalBoundarySmoothMetricUnitNormalRegularFrameCoefficient period hPeriod metric sorry
                  displacement parameter hNonNull row boundary *
                ∑ regular,
                  (candidateANormalBoundaryGraphTangentRegularFrameCoefficientFiberEvaluation period hPeriod metric
                        outer regular current)
                      boundary *
                    (∑ upper,
                        (candidateANormalBoundaryChristoffelFiberEvaluation period hPeriod metric upper regular row
                              current)
                            boundary *
                          (candidateANormalBoundaryActualMetricMatrixFiberEvaluation period hPeriod metric current upper
                              column)
                            boundary +
                      ∑ upper,
                        (candidateANormalBoundaryChristoffelFiberEvaluation period hPeriod metric upper regular column
                              current)
                            boundary *
                          (candidateANormalBoundaryActualMetricMatrixFiberEvaluation period hPeriod metric current upper
                              row)
                            boundary)) *
              (candidateANormalBoundaryGraphTangentRegularFrameCoefficientFiberEvaluation period hPeriod metric inner
                  column current)
                boundary +
          candidateANormalBoundarySmoothMetricUnitNormalRegularFrameCoefficient period hPeriod metric sorry displacement
                parameter hNonNull row boundary *
              (candidateANormalBoundaryActualMetricMatrixFiberEvaluation period hPeriod metric current row column)
                boundary *
            (candidateANormalBoundaryGraphTangentRegularFrameSpatialDerivativeFiberEvaluation period hPeriod metric
                outer inner column current)
              boundary) =
    0
hAlgebra :
  -∑ row,
        ∑ column,
          candidateANormalBoundarySmoothMetricUnitNormalRegularFrameCoefficient period hPeriod metric sorry displacement
                parameter hNonNull row boundary *
              (candidateANormalBoundaryActualMetricMatrixFiberEvaluation period hPeriod metric current row column)
                boundary *
            ((candidateANormalBoundaryGraphTangentRegularFrameSpatialDerivativeFiberEvaluation period hPeriod metric
                  outer inner column current)
                boundary +
              ∑ regular,
                ∑ inner_1,
                  (candidateANormalBoundaryChristoffelFiberEvaluation period hPeriod metric column regular inner_1
                          current)
                        boundary *
                      (candidateANormalBoundaryGraphTangentRegularFrameCoefficientFiberEvaluation period hPeriod metric
                          outer regular current)
                        boundary *
                    (candidateANormalBoundaryGraphTangentRegularFrameCoefficientFiberEvaluation period hPeriod metric
                        inner inner_1 current)
                      boundary) =
    ∑ row,
        ∑ column,
          candidateANormalBoundaryHistoricalUnitNormalRegularFrameSpatialDerivativeCoefficient period hPeriod metric
                variedMetric displacement parameter hNonNull outer row boundary *
              (candidateANormalBoundaryActualMetricMatrixFiberEvaluation period hPeriod metric current row column)
                boundary *
            (candidateANormalBoundaryGraphTangentRegularFrameCoefficientFiberEvaluation period hPeriod metric inner
                column current)
              boundary +
      ∑ row,
        ∑ column,
          (∑ regular,
                ∑ upper,
                  (candidateANormalBoundaryGraphTangentRegularFrameCoefficientFiberEvaluation period hPeriod metric
                          outer regular current)
                        boundary *
                      (candidateANormalBoundaryChristoffelFiberEvaluation period hPeriod metric row regular upper
                          current)
                        boundary *
                    candidateANormalBoundarySmoothMetricUnitNormalRegularFrameCoefficient period hPeriod metric sorry
                      displacement parameter hNonNull upper boundary) *
              (candidateANormalBoundaryActualMetricMatrixFiberEvaluation period hPeriod metric current row column)
                boundary *
            (candidateANormalBoundaryGraphTangentRegularFrameCoefficientFiberEvaluation period hPeriod metric inner
                column current)
              boundary
⊢ (candidateANormalBoundaryMetricUnitGaussRawExtrinsicCurvatureFiberEvaluation period hPeriod metric outer inner
        ((smoothToCandidateANormalBoundaryFunctionalCore period hPeriod metric) (tensor, displacement), parameter))
      boundary =
    candidateANormalBoundaryHistoricalWeingartenRegularPairingAt period hPeriod metric tensor variedMetric displacement
      parameter hNonNull outer inner boundary
warning: JanusFormal/Branches/FundamentalGeometryPVariationalPrinciple/Gates/P0EFTJanusProgramPGlobalCandidateANormalBoundaryCompletedGaussWeingartenReduction4D.lean:294:4: declaration uses `sorry`
error: Lean exited with code 1
Some required targets logged failures:
- JanusFormal.Branches.FundamentalGeometryPVariationalPrinciple.Gates.P0EFTJanusProgramPGlobalCandidateANormalBoundaryCompletedGaussWeingartenReduction4D
error: build failed
